tree
version=v4
num_class=1
num_tree_per_iteration=1
label_index=0
max_feature_idx=35
objective=regression
feature_names=area_sqft bhk bathrooms bath_per_bhk floor rera_flag dist_metro_m dist_rail_m dist_airport_m dist_primary_road_m dist_hospital_m dist_school_m dist_mall_m dist_park_m dist_cbd_m n_school_500m n_school_1000m n_school_2000m n_hospital_500m n_hospital_1000m n_hospital_2000m n_restaurant_500m n_restaurant_1000m n_restaurant_2000m n_shop_500m n_shop_1000m n_shop_2000m dlc_rate_per_sqm dlc_missing spatio_temporal_te property_type furnishing possession_status posted_by coord_precision locality_id
feature_infos=[204.51028080000003:7800] [1:9] [1:9] [0.33333333333333331:2] [1:104] [0:1] [14.89870890474598:29967.833754751904] [74.50837869107248:31585.47374085358] [1429.4159926936011:37917.332634729297] [0:31077.702146861968] [133.16717679627283:31223.593074143682] [298.04664321931602:30981.617481337602] [227.36001311990873:29281.706512797293] [421.85105963118599:30932.200501028485] [148.98448803567391:29967.833754751904] [0:1] [0:2] [0:3] none [0:3] [0:3] [0:1] [0:2] [0:2] [0:2] [0:2] [0:2] [14000:72000] [0:1] [15.155207261669885:16.857999128957221] none [0:3] [0:1] [0:2] [0:1] [0:65]
tree_sizes=2590 2816 2783 2830 2807 2774 2799 2804 2806 2816 2810 2808 2802 2832 2823 2808 2823 2816 2812 2821 2836 2822 2841 2814 2808 2834 2828 2846 2852 2839 2833 2867 2862 2826 2852 2860 2863 2882 2846 2873 2851 2871 2876 2839 2866 2876 2865 2867 2860 2869 2858 2851 2875 2852 2863 2858 2863 2884 2849 2883 2869 2872 2870 2904 2909 2915 2864 2879 2863 2874 2869 2883 2888 2898 2870 2946 2916 2908 2888 2883 2887 2903 2888 2900 2889 2924 2890 2884 2890 2924 2902 2941 2906 2899 2925 2947 2903 2896 2933 2915 2929 2904 2931 2960 2896 2904 2894 2937 2959 2901 2895 2906 2900 2926 2904 2953 2900 2943 2913 2927 2910 2918 2942 2903 2906 2906 2931 2960 2880 2910 2942 2904 2919 2908 2888 2930 2918 2903 2948 2918 2905 2901 2930 2891 2922 2914 2956 2898 2913 2902

Tree=0
num_leaves=31
num_cat=0
split_feature=0 31 0 0 0 31 0 0 0 12 0 12 0 0 0 31 35 13 14 0 13 11 35 8 2 0 4 10 23 0
split_gain=269.964 87.7302 51.4394 34.6809 34.498 18.1616 8.94362 7.72958 7.71794 6.27806 4.37097 3.79412 3.72236 3.42139 3.06155 2.58095 2.51617 2.46555 2.224 2.18007 2.17144 1.95376 1.91557 1.89453 1.8563 1.7067 1.34884 1.20524 1.07494 1.06525
threshold=1489.9978715000002 2.5000000000000004 800.09699320000016 2012.7631580000002 927.50000000000011 2.5000000000000004 1010.5000000000001 1205.8833550000002 619.50000000000011 2188.7437154096829 726.00000000000011 2119.0331493252602 1384.5000000000002 2644.4444445000004 1800.0195655 2.5000000000000004 41.500000000000007 1555.0953866026073 1237.5194301490008 1648.7800585000002 2464.4808458285484 2520.6985151014974 26.500000000000004 10571.62173694949 1.5000000000000002 1743.7831315000001 1.5000000000000002 1768.3834822763258 1.0000000180025095e-35 1125.0270445000003
decision_type=2 2 2 2 2 2 2 2 2 2 2 2 2 2 2 2 2 2 2 2 2 2 2 2 2 2 2 2 2 2
left_child=1 2 8 5 10 14 23 22 24 25 -3 13 17 20 -2 -13 -9 -8 -10 -11 -5 -12 -6 27 -1 -7 28 -4 -19 -24
right_child=3 4 6 11 7 9 12 16 18 19 21 15 -14 -15 -16 -17 -18 26 -20 -21 -22 -23 29 -25 -26 -27 -28 -29 -30 -31
leaf_value=15.73291407476116 15.785621198103383 15.703855505437552 15.762908137242466 15.816830378618242 15.730352355954105 15.77093283543082 15.76096559193109 15.745683549793464 15.733816082882157 15.748518431006532 15.726503514802099 15.808012407810706 15.778123208898004 15.832395741031888 15.796455979501994 15.784121258806143 15.758120686033289 15.765621404850229 15.751075881688788 15.76580126781619 15.799539726071696 15.712374109488618 15.737247155022942 15.746198099076453 15.716654922575751 15.784266317336259 15.759877900270554 15.756140711080166 15.772166242363209 15.74831251008397
leaf_weight=107 304 58 116 46 92 56 134 122 23 36 63 26 84 22 83 20 61 91 99 37 30 40 87 32 21 42 36 152 202 29
leaf_count=107 304 58 116 46 92 56 134 122 23 36 63 26 84 22 83 20 61 91 99 37 30 40 87 32 21 42 36 152 202 29
internal_value=15.7616 15.7506 15.7588 15.7876 15.7343 15.7819 15.7646 15.7423 15.7388 15.7684 15.7148 15.8095 15.7684 15.815 15.7879 15.7976 15.7498 15.7667 15.7478 15.7573 15.81 15.721 15.7357 15.7577 15.7302 15.7766 15.769 15.7591 15.7701 15.74
internal_weight=2351 1649 1097 702 552 558 847 391 250 171 161 144 547 98 387 46 183 463 122 73 76 103 208 300 128 98 329 268 293 116
internal_count=2351 1649 1097 702 552 558 847 391 250 171 161 144 547 98 387 46 183 463 122 73 76 103 208 300 128 98 329 268 293 116
is_linear=0
shrinkage=1


Tree=1
num_leaves=31
num_cat=0
split_feature=0 0 34 0 34 34 0 0 0 28 27 27 28 35 27 27 10 35 0 0 28 11 11 35 35 0 13 10 0 13
split_gain=243.764 68.9261 44.1338 27.9365 18.0894 12.6996 9.93598 9.04024 8.73007 6.68522 5.69253 5.21469 5.05222 4.58444 3.71277 3.64509 3.5498 3.05753 2.91911 2.80945 2.67595 2.67037 2.32143 2.04181 1.95065 1.62033 1.45764 1.25322 1.22154 1.20878
threshold=1507.5000000000002 852.7672811000001 1.0000000180025095e-35 2012.7631580000002 1.0000000180025095e-35 1.0000000180025095e-35 1250.5000000000002 619.50000000000011 1205.8833550000002 1.0000000180025095e-35 37000.000000000007 41000.000000000007 1.0000000180025095e-35 12.500000000000002 29000.000000000004 37000.000000000007 2807.2445636868524 28.500000000000004 1010.5000000000001 1816.8333335000002 1.0000000180025095e-35 614.7566508407366 835.37535345040521 19.500000000000004 28.500000000000004 1809.7132890000003 1555.0953866026073 3060.2609716569636 1082.5000000000002 1555.0953866026073
decision_type=2 2 2 2 2 2 2 2 2 2 2 2 2 2 2 2 2 2 2 2 2 2 2 2 2 2 2 2 2 2
left_child=1 4 8 5 16 10 9 17 24 18 25 20 22 -11 -10 23 -1 -6 29 -7 27 -16 -9 -8 -3 -2 -20 -5 -15 -4
right_child=3 2 6 11 7 19 15 12 14 13 -12 -13 -14 28 21 -17 -18 -19 26 -21 -22 -23 -24 -25 -26 -27 -28 -29 -30 -31
leaf_value=-0.036672088614803679 -0.0075361707150004807 -0.031783427236620913 -0.011639994942264534 0.038608685670339545 -0.028019557547840208 0.022678382858633994 0.0094854505321187582 -0.026419740505516532 -0.021809209826982246 -0.0016737282766760991 0.019400233338586988 0.058498621135950092 -0.031463008849985069 -0.027472324648073743 -0.0124235694792362 0.017389549137821991 -0.055811288118362425 -0.047084775939583781 -0.0030138596400100708 0.03297609557123745 0.053335164357786596 0.0034762590151766076 -0.0081025539393976952 -0.0010167821747395997 -0.02150281692659271 0.008747097663581371 0.0059049599279047196 0.024700732082128526 -0.014262251483650873 -0.0019560251682875941
leaf_weight=47 50 97 38 46 110 300 116 20 53 56 50 50 36 35 62 92 50 26 58 85 23 46 128 77 88 22 218 25 35 212
leaf_count=47 50 97 38 46 110 300 116 20 53 56 50 50 36 35 62 92 50 26 58 85 23 46 128 77 88 22 218 25 35 212
internal_value=-6.14336e-11 -0.00996311 -0.00422337 0.0260173 -0.0276228 0.0204973 0.00141185 -0.0218892 -0.0194841 -0.00199227 0.00643967 0.0454525 -0.0146641 -0.0123368 -0.0109704 0.0091995 -0.0465377 -0.0316644 0.000485704 0.0249519 0.038513 -0.00565142 -0.0105778 0.00529544 -0.0268932 -0.00256073 0.00403072 0.0337115 -0.0208673 -0.00342799
internal_weight=2351 1700 1283 651 417 507 937 320 346 652 122 144 184 126 161 285 97 136 526 385 94 108 148 193 185 72 276 71 70 250
internal_count=2351 1700 1283 651 417 507 937 320 346 652 122 144 184 126 161 285 97 136 526 385 94 108 148 193 185 72 276 71 70 250
is_linear=0
shrinkage=0.05


Tree=2
num_leaves=31
num_cat=0
split_feature=0 31 0 0 0 31 0 0 0 27 27 0 27 0 28 0 0 13 6 14 11 8 2 31 11 4 27 4 0 6
split_gain=220.116 72.4568 41.9844 28.511 28.2138 14.8754 7.25336 6.247 5.60977 5.03584 4.6098 4.28322 3.23229 3.16068 2.98344 2.83932 2.18212 2.10804 2.04124 1.90662 1.85096 1.63406 1.56092 1.43351 1.21815 1.1627 1.16238 1.05277 1.01769 1.01328
threshold=1489.9978715000002 2.5000000000000004 800.09699320000016 957.39322455000013 2002.5000000000002 2.5000000000000004 1010.5000000000001 619.50000000000011 1205.8833550000002 41000.000000000007 29000.000000000004 726.00000000000011 29000.000000000004 1378.0459365000004 1.0000000180025095e-35 1776.0000000000002 1776.0000000000002 1555.0953866026073 6707.8926036314115 1237.5194301490008 2520.6985151014974 10571.62173694949 1.5000000000000002 2.5000000000000004 614.7566508407366 1.5000000000000002 33000.000000000007 1.5000000000000002 2437.5000000000005 2322.7099172799726
decision_type=2 2 2 2 2 2 2 2 2 2 2 2 2 2 2 2 2 2 2 2 2 2 2 2 2 2 2 2 2 2
left_child=1 2 7 11 5 16 21 22 26 14 -7 -3 -10 17 23 18 -2 -8 -12 -9 -13 27 -1 -6 -14 -19 -5 -4 -11 -15
right_child=4 3 6 8 9 10 13 19 12 28 15 20 24 29 -16 -17 -18 25 -20 -21 -22 -23 -24 -25 -26 -27 -28 -29 -30 -31
leaf_value=-0.02582228908785314 0.021397191788633599 -0.052600182194648119 0.00021175677456994891 -0.024847660801865779 0.03694243159559038 -0.0067852041528870663 -0.00079513938989927708 -0.025424314112119054 -0.021307221500991055 0.049749331697821621 0.010669485598503213 -0.030838912124080322 -0.012067144276704966 0.022370737754196551 0.051154809772968296 0.022243018589245205 0.030013777548447251 0.0077329351468755679 -0.0076097869085580382 -0.0094434502525748976 -0.043750193553126378 -0.014160255709430204 -0.040731823444366461 0.022969403382270569 -0.0023418497424761487 -0.0017905863985005353 -0.015101823645129213 -0.0062678776163375 0.064310227632522587 0.011018119262237299
leaf_weight=107 285 58 168 157 45 51 132 23 52 30 56 70 57 30 25 39 99 292 21 99 46 32 21 31 74 36 38 100 20 57
leaf_count=107 285 58 168 157 45 51 132 23 52 30 56 70 57 30 25 39 99 292 21 99 46 32 21 31 74 36 38 100 20 57
internal_value=-1.71123e-11 -0.00998223 -0.0025475 -0.0247574 0.0234483 0.0182009 0.00276672 -0.0205521 -0.0170478 0.0425961 0.00574322 -0.041506 -0.0107601 0.00619333 0.0361716 0.0112514 0.0236187 0.00454043 0.00568423 -0.0124562 -0.0359589 -0.00348114 -0.0282684 0.0312429 -0.00657347 0.00668767 -0.0229485 -0.00220602 0.0555737 0.0149328
internal_weight=2351 1649 1097 552 702 551 847 250 378 151 167 174 183 547 101 116 384 460 77 122 116 300 128 76 131 328 195 268 50 87
internal_count=2351 1649 1097 552 702 551 847 250 378 151 167 174 183 547 101 116 384 460 77 122 116 300 128 76 131 328 195 268 50 87
is_linear=0
shrinkage=0.05


Tree=3
num_leaves=31
num_cat=0
split_feature=0 0 34 0 34 34 0 27 33 27 0 0 0 28 12 28 35 14 11 19 11 27 35 0 0 19 20 0 0 27
split_gain=198.934 47.0943 33.9848 31.2978 16.6757 14.7255 7.3402 6.52251 5.29264 4.54484 4.50883 4.38258 4.35839 4.17652 3.63329 2.69256 2.55998 2.46052 2.43507 2.34033 1.97553 1.95569 1.94815 1.73155 1.66832 1.59087 1.4597 1.43813 1.28779 1.28083
threshold=1402.9809040000002 852.7672811000001 1.0000000180025095e-35 2002.5000000000002 1.0000000180025095e-35 1.0000000180025095e-35 619.50000000000011 37000.000000000007 1.5000000000000002 41000.000000000007 1010.5000000000001 1125.0270445000003 1558.9312285000003 1.0000000180025095e-35 1776.4736629154065 1.0000000180025095e-35 28.500000000000004 1734.7809644690544 1544.901596191916 1.0000000180025095e-35 835.37535345040521 37000.000000000007 42.500000000000007 1147.5000000000002 666.50000000000011 1.0000000180025095e-35 1.0000000180025095e-35 1816.8333335000002 1713.0000000000002 34500.000000000007
decision_type=2 2 2 2 2 2 2 2 2 2 2 2 2 2 2 2 2 2 2 2 2 2 2 2 2 2 2 2 2 2
left_child=1 5 11 4 7 14 16 22 10 15 17 -3 21 20 -1 -5 -7 -4 25 29 -8 -6 -2 -10 -16 -12 -19 -14 -9 -13
right_child=3 2 8 9 12 6 13 28 23 -11 18 19 27 -15 24 -17 -18 26 -20 -21 -22 -23 -24 -25 -26 -27 -28 -29 -30 -31
leaf_value=-0.027565343193709853 -0.0091065347304862942 -0.026674092618519191 -0.01588603901103712 0.029680761523348722 0.0092334512566912535 -0.025261076526208362 -0.024176321141421795 0.0083860298476388893 -0.023947521891178832 0.052795007467269894 -0.0035728093215284928 -0.019483900732259349 0.021511408067720977 -0.028551356318510242 -0.060597043037414561 0.048597069486975675 -0.04270621269153288 -0.0055134843065195345 0.0067464124704005347 0.0016461986396461726 -0.0072788221899827482 0.020111258368453254 0.0059474904090166094 -0.0058434550920501357 -0.043355210410787708 0.0053130583849269903 0.0025826203469794407 0.029228717678536971 0.022543909388859276 -0.0081376890341440852
leaf_weight=30 83 134 39 76 103 110 20 36 28 50 136 101 237 36 20 25 26 141 287 20 128 69 29 25 47 80 92 81 29 33
leaf_count=30 83 134 39 76 103 110 20 36 28 50 136 101 237 36 20 25 26 141 287 20 128 69 29 25 47 80 92 81 29 33
internal_value=1.86232e-11 -0.0106244 -0.00526741 0.019911 0.0152575 -0.024961 -0.019788 0.00210342 -0.000121509 0.0404663 0.00092388 -0.0200619 0.0200091 -0.0132775 -0.0420268 0.034363 -0.0285962 -0.00426234 0.00372836 -0.0143084 -0.00956227 0.0135972 -0.00520862 -0.0154079 -0.048502 -0.000281747 -0.00231674 0.0234771 0.0147026 -0.0166897
internal_weight=2351 1533 1116 818 667 417 320 177 828 151 775 288 490 184 97 101 136 272 503 154 148 172 112 53 67 216 233 318 65 134
internal_count=2351 1533 1116 818 667 417 320 177 828 151 775 288 490 184 97 101 136 272 503 154 148 172 112 53 67 216 233 318 65 134
is_linear=0
shrinkage=0.05


Tree=4
num_leaves=31
num_cat=0
split_feature=31 2 2 2 3 27 12 2 2 2 4 12 11 4 27 27 10 25 27 5 10 3 29 3 9 7 14 12 12 33
split_gain=73.2988 43.1714 41.0896 29.5562 25.517 13.6025 13.1553 10.0746 8.01098 7.05496 5.94081 5.81789 5.3895 5.03759 4.75723 3.48451 3.28533 3.14348 3.11557 2.80496 1.62086 1.48505 1.35078 1.29278 1.27891 1.22506 1.09608 1.05232 0.979152 0.700938
threshold=1.5000000000000002 2.5000000000000004 1.5000000000000002 2.5000000000000004 0.87500000000000011 41000.000000000007 784.51139084700856 3.5000000000000004 3.5000000000000004 1.5000000000000002 1.5000000000000002 2430.631693941395 714.58419441393448 1.5000000000000002 19500.000000000004 29000.000000000004 1839.66842254472 1.0000000180025095e-35 33000.000000000007 1.0000000180025095e-35 3060.2609716569636 0.87500000000000011 15.519123273767818 0.87500000000000011 774.31142231872388 8941.8691120046224 2852.2268947698076 2119.0331493252602 1810.6863190000811 1.5000000000000002
decision_type=2 2 2 2 2 2 2 2 2 2 2 2 2 2 2 2 2 2 2 2 2 2 2 2 2 2 2 2 2 2
left_child=2 6 23 4 13 8 21 11 15 20 12 24 -6 26 -11 -3 -7 -12 -16 22 -8 -2 -17 -1 -5 -13 28 -14 -4 -24
right_child=1 5 3 7 10 16 9 -9 -10 14 17 25 27 -15 18 19 -18 -19 -20 -21 -22 -23 29 -25 -26 -27 -28 -29 -30 -31
leaf_value=-0.0071293154223398729 0.0049828368145972491 -0.013005837754823639 0.019132591532149787 0.036940051064543102 -0.0085288482147481536 0.035493525360589438 -0.033937699864195155 0.048940204787585477 0.022025261060507211 -0.045546067797619369 -0.021467745550782295 0.0040447469416033969 0.0065382034531399937 -0.00087721280487520364 -0.024653011871073275 0.002282273244796967 0.012510659267475908 -0.0042630888874632643 -0.012267440050267257 0.012453699707735464 -0.052220683241332028 -0.0091981750607374128 -0.010761277853245182 -0.020265436395707114 0.024163757783544224 0.017031972755988441 0.021548263492783715 0.0019609010899762011 0.0098873387594721873 -0.0027628694113809617
leaf_weight=22 30 121 71 23 92 23 22 36 27 23 37 46 298 35 232 49 48 94 65 28 27 48 70 126 132 30 186 217 48 45
leaf_count=22 30 121 71 23 92 23 22 36 27 23 37 46 298 35 232 49 48 94 65 28 27 48 70 126 132 30 186 217 48 45
internal_value=-1.82334e-11 -0.011646 0.00669277 0.00944431 0.00575556 5.04983e-05 -0.0224006 0.0243375 -0.0041062 -0.0263443 0.000534159 0.0205033 0.0026182 0.0170891 -0.0236389 -0.00636035 0.0199558 -0.00912242 -0.0219424 -0.00217231 -0.044012 -0.00374394 -0.00466943 -0.0183128 0.0260596 0.00917128 0.0191508 0.00460951 0.0154034 -0.00763147
internal_weight=2351 858 1493 1345 1078 411 447 267 340 369 738 231 607 340 320 313 71 131 297 192 49 78 164 148 155 76 305 515 119 115
internal_count=2351 858 1493 1345 1078 411 447 267 340 369 738 231 607 340 320 313 71 131 297 192 49 78 164 148 155 76 305 515 119 115
is_linear=0
shrinkage=0.05


Tree=5
num_leaves=31
num_cat=0
split_feature=0 31 0 0 0 31 0 0 0 12 0 0 31 0 35 26 12 0 14 0 12 9 35 1 8 10 14 13 0 0
split_gain=166.902 53.8664 33.0175 24.0686 19.5721 9.01743 6.76767 5.18544 4.77252 3.48407 3.24602 2.63627 2.48645 2.03969 1.79948 1.72459 1.64822 1.62943 1.58658 1.49931 1.48584 1.37653 1.33675 1.33615 1.26307 1.25688 1.23567 1.14498 1.12449 1.07921
threshold=1507.5000000000002 2.5000000000000004 800.09699320000016 957.39322455000013 2012.7631580000002 2.5000000000000004 1250.5000000000002 1205.8833550000002 619.50000000000011 2188.7437154096829 764.93216630000018 2298.7290165000004 2.5000000000000004 1010.5000000000001 41.500000000000007 1.0000000180025095e-35 2570.7630961245291 1800.0195655 1237.5194301490008 1635.5000000000002 2119.0331493252602 839.75093107265434 26.500000000000004 3.5000000000000004 10571.62173694949 3060.2609716569636 2968.9106862130179 1555.0953866026073 570.50000000000011 1310.5933510000002
decision_type=2 2 2 2 2 2 2 2 2 2 2 2 2 2 2 2 2 2 2 2 2 2 2 2 2 2 2 2 2 2
left_child=1 2 8 10 5 17 13 22 21 -7 28 12 15 24 29 -6 26 -2 -10 -11 23 -1 -5 -13 -4 -12 -8 -15 -3 -9
right_child=4 3 6 7 11 9 16 14 18 19 25 20 -14 27 -16 -17 -18 -19 -20 -21 -22 -23 -24 -25 -26 -27 -28 -29 -30 -31
leaf_value=-0.021521766269777684 0.01932754025186012 -0.052780267722904686 -0.001907249115489566 -0.024275081890324752 0.029607656141442642 0.013232031220244807 0.0093615784259724871 -0.018274756944050421 -0.022649251702039141 -0.012173222590354272 -0.024952126876828865 0.041716400877787524 0.016550479350345478 -0.0024335408435634722 -0.002057609197153296 0.048439880013465886 0.0036517150724282516 0.027314116074198702 -0.008071198495004369 0.0036345431022346019 0.034077047248897346 -0.033261683561346116 -0.015970911681153149 0.058260552520337322 -0.01241723639832344 -0.036172176866481706 0.018316421040602156 0.0043922337130358332 -0.039748733338652829 -0.0087370717683090612
leaf_weight=94 277 25 268 90 31 83 111 44 23 24 52 26 21 82 72 20 77 83 99 40 23 34 105 23 32 48 59 245 49 91
leaf_count=94 277 25 268 90 31 83 111 44 23 24 52 26 21 82 72 20 77 83 99 40 23 34 105 23 32 48 59 245 49 91
internal_value=-2.0425e-11 -0.00824404 -0.00187267 -0.0206771 0.0215282 0.0169079 0.00271057 -0.0139528 -0.0178957 0.00647267 -0.0362125 0.0377957 0.0310305 -5.09528e-05 -0.00844111 0.0369928 0.00972059 0.0211689 -0.0108195 -0.00229337 0.044561 -0.0246402 -0.0198036 0.049482 -0.00302831 -0.0303378 0.0124694 0.00268057 -0.0441513 -0.0118457
internal_weight=2351 1700 1124 576 651 507 874 402 250 147 174 144 72 627 207 51 247 360 122 64 72 128 195 49 300 100 170 327 74 135
internal_count=2351 1700 1124 576 651 507 874 402 250 147 174 144 72 627 207 51 247 360 122 64 72 128 195 49 300 100 170 327 74 135
is_linear=0
shrinkage=0.05


Tree=6
num_leaves=31
num_cat=0
split_feature=1 31 31 27 2 2 27 1 1 4 12 1 14 27 27 10 25 14 10 35 2 4 33 9 29 9 29 35 9 31
split_gain=85.7825 46.9048 33.1294 11.678 11.3237 10.4573 6.7802 6.0405 5.40438 5.06956 4.42069 4.30525 3.88248 3.28214 3.04104 2.86779 2.6669 2.55618 1.9546 1.77231 1.74426 3.45315 1.49623 1.30802 1.2029 1.11564 1.04441 0.738723 0.695251 0.634885
threshold=2.5000000000000004 2.5000000000000004 2.5000000000000004 41000.000000000007 1.5000000000000002 3.5000000000000004 33000.000000000007 3.5000000000000004 1.5000000000000002 1.5000000000000002 2430.631693941395 1.5000000000000002 1237.5194301490008 29000.000000000004 21500.000000000004 1839.66842254472 1.0000000180025095e-35 7013.6829578056686 2218.1193939081081 26.500000000000004 2.5000000000000004 1.5000000000000002 1.5000000000000002 1699.0884490885539 15.747531577263588 774.31142231872388 15.304382388416327 7.5000000000000009 1309.7414756429023 1.5000000000000002
decision_type=2 2 2 2 2 2 2 2 2 2 2 2 2 2 2 2 2 2 2 2 2 2 2 2 2 2 2 2 2 2
left_child=1 4 5 7 11 10 8 13 -3 12 20 26 -6 -4 -10 -5 -11 27 -12 -15 21 -2 -8 24 -21 -22 -1 -14 -20 -13
right_child=2 6 3 15 9 -7 22 -9 14 16 18 29 17 19 -16 -17 -18 -19 28 23 25 -23 -24 -25 -26 -27 -28 -29 -30 -31
leaf_value=-0.010202018357813359 0.01875946640625744 -0.044661402623904382 -0.012481861177072742 0.032806995915977848 -0.0084732934223385927 0.044015416769763914 -0.016191258552648566 0.019129946835052508 -0.04174743378939836 -0.019641976602571578 0.0010217039724406988 -0.0064977611792052083 0.00775451778514347 -0.0080469824419570589 -0.022667602285135556 0.011334225581291928 -0.003945421342158373 -0.0073197560701915567 0.010458296846250544 0.013007741221085643 0.033760592114666234 -0.0011837842595317247 -0.0023985823267139495 -0.0049950515184636144 0.00025117468709746996 0.021827687685039232 -0.018939167076424391 0.0035706071659953875 0.018416604336078574 0.0048375236677626774
leaf_weight=48 227 38 119 23 73 37 51 26 23 38 46 21 154 73 227 48 94 47 83 33 23 24 32 44 42 132 119 335 41 30
leaf_count=48 227 38 119 23 73 37 51 26 23 38 46 21 154 73 227 48 94 47 83 33 23 24 32 44 42 132 119 335 41 30
internal_value=-1.65574e-11 -0.00836816 0.0109007 -0.000139133 -0.00252792 0.0182487 -0.0234646 -0.00402187 -0.0270933 0.000419036 0.0165935 -0.0125449 0.00234445 -0.00595739 -0.0244229 0.0182902 -0.00846413 0.00381776 0.00982422 -0.00191358 0.0194279 0.0168525 -0.0108736 0.00184893 0.00586406 0.0235984 -0.0164279 0.00488824 0.0130897 0.000170053
internal_weight=2351 1330 1021 408 959 613 371 337 288 741 576 218 609 311 250 71 132 536 170 192 406 251 83 119 75 155 167 489 124 51
internal_count=2351 1330 1021 408 959 613 371 337 288 741 576 218 609 311 250 71 132 536 170 192 406 251 83 119 75 155 167 489 124 51
is_linear=0
shrinkage=0.05


Tree=7
num_leaves=31
num_cat=0
split_feature=1 31 31 27 2 2 27 1 1 4 8 1 14 27 27 10 25 14 27 4 2 10 29 33 29 13 14 2 6 31
split_gain=77.4187 42.3316 29.8993 10.5394 10.2197 9.43771 6.11913 5.45155 4.87745 4.57528 4.20212 3.88549 3.50393 2.96213 2.74454 2.58818 2.40687 2.30695 2.23238 1.38076 2.10713 1.35197 1.52626 1.35035 0.94258 0.782001 0.743028 0.670264 1.1586 0.572984
threshold=2.5000000000000004 2.5000000000000004 2.5000000000000004 41000.000000000007 1.5000000000000002 3.5000000000000004 33000.000000000007 3.5000000000000004 1.5000000000000002 1.5000000000000002 4743.8420004739874 1.5000000000000002 1237.5194301490008 29000.000000000004 21500.000000000004 1839.66842254472 1.0000000180025095e-35 7013.6829578056686 37000.000000000007 1.5000000000000002 2.5000000000000004 1705.4034902355284 15.772912489480397 1.5000000000000002 15.304382388416327 2288.2725409247787 6330.7380497539007 2.5000000000000004 1061.3422553870589 1.5000000000000002
decision_type=2 2 2 2 2 2 2 2 2 2 2 2 2 2 2 2 2 2 2 2 2 2 2 2 2 2 2 2 2 2
left_child=1 4 5 7 11 10 8 13 -3 12 -2 24 -6 -4 -10 -5 -11 -14 19 26 -21 22 -15 -8 -1 -23 -12 -20 -29 -13
right_child=2 6 3 15 9 -7 23 -9 14 16 18 29 17 21 -16 -17 -18 -19 27 20 -22 25 -24 -25 -26 -27 -28 28 -30 -31
leaf_value=-0.0096919173646407841 0.0020617086312496196 -0.042428332567214969 -0.011857768132091117 0.031166645763037001 -0.008049628883600236 0.041814646004491515 -0.015381695664323429 0.018173449683504608 -0.039660062219785609 -0.018659877705335691 0.016819728512478403 -0.0061728728691204677 0.0046438274903419082 0.012305022400386376 -0.021534222360117782 0.010767514355635893 -0.0037481502547458885 -0.0069537681467989653 0.017973208303403942 -0.0045937776403582615 0.016182256755060877 -0.0088518581649457868 -0.002061295178810171 -0.0022786532266763971 -0.017992208419101579 -0.00035943001731420345 0.0087188301551522629 0.020308950725528931 0.031385886715725064 0.0045956475144096958
leaf_weight=48 51 38 119 23 73 37 51 26 23 38 199 21 489 29 227 48 94 47 122 23 26 66 51 32 119 46 33 90 32 30
leaf_count=48 51 38 119 23 73 37 51 26 23 38 199 21 489 29 227 48 94 47 122 23 26 66 51 32 119 46 33 90 32 30
internal_value=1.87176e-11 -0.00794976 0.0103557 -0.000132176 -0.00240153 0.0173362 -0.0222914 -0.00382078 -0.0257386 0.000398084 0.0157638 -0.0119176 0.00222723 -0.00565952 -0.0232018 0.0173757 -0.00804092 0.00362687 0.0170949 0.0140567 0.00643024 -0.0018179 0.00314649 -0.0103299 -0.0156065 -0.0053639 0.0156674 0.0205938 0.0232144 0.000161551
internal_weight=2351 1330 1021 408 959 613 371 337 288 741 576 218 609 311 250 71 132 536 525 281 49 192 80 83 167 112 232 244 122 51
internal_count=2351 1330 1021 408 959 613 371 337 288 741 576 218 609 311 250 71 132 536 525 281 49 192 80 83 167 112 232 244 122 51
is_linear=0
shrinkage=0.05


Tree=8
num_leaves=31
num_cat=0
split_feature=0 31 0 0 0 31 0 0 0 27 27 12 0 0 14 22 0 12 12 0 27 0 12 8 8 15 8 27 10 0
split_gain=130.113 40.3798 25.5599 19.0173 16.1722 6.17487 5.25982 4.28363 3.90107 3.18103 2.6015 2.47973 2.34096 2.10276 1.73076 1.66054 1.57562 1.30708 1.30572 1.23362 1.21978 1.13903 1.05888 1.00977 1.0043 0.982039 0.964592 0.905669 0.77237 0.651623
threshold=1507.5000000000002 2.5000000000000004 800.09699320000016 927.50000000000011 2002.5000000000002 2.5000000000000004 1250.5000000000002 1205.8833550000002 582.50000000000011 29000.000000000004 29000.000000000004 2188.7437154096829 582.50000000000011 2437.5000000000005 1237.5194301490008 1.0000000180025095e-35 1010.5000000000001 1050.858131951524 1776.4736629154065 1635.5000000000002 37000.000000000007 1776.0000000000002 2119.0331493252602 6714.6525855422287 9084.3982528598208 1.0000000180025095e-35 10571.62173694949 37000.000000000007 1662.2018169857954 1064.1964130000003
decision_type=2 2 2 2 2 2 2 2 2 2 2 2 2 2 2 2 2 2 2 2 2 2 2 2 2 2 2 2 2 2
left_child=1 2 8 12 5 21 16 22 -1 17 -9 -7 -3 23 -10 -15 26 -6 -14 -13 24 -2 29 -11 -8 -12 -4 28 -18 -5
right_child=4 3 6 7 9 11 20 10 14 13 25 19 18 15 -16 -17 27 -19 -20 -21 -22 -23 -24 -25 -26 -27 -28 -29 -30 -31
leaf_value=-0.022906658663837749 0.016444449647611312 -0.046061403897625433 -0.0018016741688058316 -0.017877593601858893 0.031319873877193614 0.011658315757795433 -0.00067533869729485623 -0.016385666230334002 -0.020969395188925169 0.023729824952103878 -0.00044158179344694045 -0.010502555318331969 -0.024273722821140084 0.055903956164484438 -0.0074207436598556914 0.036204693373292685 0.0041167533976343897 0.01480373204406351 -0.034235255653651334 0.0039771031612824449 0.013214944990287567 0.022753200057254296 -0.020598693118772955 0.037190116657630397 0.0082604732177106854 -0.0086572496806301413 -0.010986270854482429 0.0058330391870153944 -0.0020709568317597445 -0.0094027012402269367
leaf_weight=110 258 27 268 43 23 81 43 57 30 22 88 24 58 23 110 20 82 25 76 38 87 99 117 38 117 62 32 114 131 48
leaf_count=110 258 27 268 43 23 81 43 57 30 22 88 24 58 23 110 20 82 25 76 38 87 99 117 38 117 62 32 114 131 48
internal_value=4.07646e-11 -0.00727897 -0.00176257 -0.0180436 0.0190081 0.0146773 0.00226999 -0.0123848 -0.0158604 0.0333484 -0.00729271 0.00589785 -0.0326299 0.0383026 -0.010324 0.0467415 -0.000164537 0.0227177 -0.0299235 -0.00162793 0.00844994 0.0181939 -0.0174525 0.0322547 0.00585897 -0.00383739 -0.00278136 0.00223622 0.000311166 -0.0134073
internal_weight=2351 1700 1124 576 651 500 874 415 250 151 207 143 161 103 140 43 627 48 134 62 247 357 208 60 160 150 300 327 213 91
internal_count=2351 1700 1124 576 651 500 874 415 250 151 207 143 161 103 140 43 627 48 134 62 247 357 208 60 160 150 300 327 213 91
is_linear=0
shrinkage=0.05


Tree=9
num_leaves=31
num_cat=0
split_feature=34 2 2 2 3 2 27 7 27 11 3 35 28 9 29 11 4 4 35 7 27 5 27 29 35 6 29 6 12 33
split_gain=29.4213 24.772 24.1772 15.4756 14.2004 13.1348 9.45958 5.92119 5.59864 4.61475 4.12888 3.98983 5.95358 3.44566 2.71555 2.21148 2.19251 1.84192 1.50612 1.49995 1.4614 1.38812 1.3727 1.36698 1.27939 1.06188 0.896255 0.870558 0.754661 0.738986
threshold=1.0000000180025095e-35 2.5000000000000004 1.5000000000000002 3.5000000000000004 0.87500000000000011 2.5000000000000004 37000.000000000007 1657.310766551647 37000.000000000007 2520.6985151014974 0.87500000000000011 10.500000000000002 1.0000000180025095e-35 1374.0269282138609 15.519123273767818 714.58419441393448 1.5000000000000002 1.5000000000000002 19.500000000000004 2953.9437108896104 24500.000000000004 1.0000000180025095e-35 31000.000000000004 15.661599793771133 10.500000000000002 7644.3243044956826 15.641077194508151 2655.6205781271169 1810.6863190000811 1.5000000000000002
decision_type=2 2 2 2 2 2 2 2 2 2 2 2 2 2 2 2 2 2 2 2 2 2 2 2 2 2 2 2 2 2
left_child=1 9 10 4 16 7 14 -6 24 23 -2 -9 15 -8 -3 -13 19 25 -12 -4 -11 -15 -5 -1 -7 -17 -18 -10 -19 -25
right_child=2 6 3 22 5 8 13 11 27 20 18 12 -14 21 -16 17 26 28 -20 -21 -22 -23 -24 29 -26 -27 -28 -29 -30 -31
leaf_value=-0.019405466588316385 0.00065302086967186862 0.0098834773273362483 0.0016788071254268289 0.026399211725220084 -0.017970725453924388 0.013933038451906408 0.028801557652574656 0.0051639997484506078 0.016851982520044353 -0.039493448125279468 -0.012773370827798156 -0.0078528125394416066 -0.021432916089319267 0.0021689737946087241 -0.007930314561191398 0.0034832647300483488 -0.0037852628480481067 -0.0026698480190617251 -0.023508871104676539 0.015834386300702046 -0.025321592902229434 0.01545399446913507 0.044080360020909995 -0.014109582749481958 0.0029505272457997006 -0.0084646520856767899 0.010330902319401503 0.02687192067928014 -0.012460431127020947 -0.0042551245198895532
leaf_weight=91 52 24 20 23 50 33 24 238 96 23 136 98 39 51 197 265 23 81 43 291 87 32 21 52 135 20 22 28 26 30
leaf_count=91 52 24 20 23 50 33 24 238 96 23 136 98 39 51 197 265 23 81 43 291 87 32 21 52 135 20 22 28 26 30
internal_value=1.22682e-11 -0.00943906 0.00331452 0.00562052 0.004743 0.00195392 -8.74562e-05 -0.00129917 0.0110559 -0.0202777 -0.0117494 -0.000212365 -0.00263122 0.0121157 -0.00599579 -0.00113476 0.0134315 0.000544753 -0.0153523 0.0149241 -0.0282848 0.00729091 0.0348379 -0.0151864 0.00510781 0.00264481 0.00311597 0.0191145 -0.00504887 -0.0105043
internal_weight=2351 611 1740 1509 1465 1109 328 817 292 283 231 767 529 107 221 490 356 392 179 311 110 83 44 173 168 285 45 124 107 82
internal_count=2351 611 1740 1509 1465 1109 328 817 292 283 231 767 529 107 221 490 356 392 179 311 110 83 44 173 168 285 45 124 107 82
is_linear=0
shrinkage=0.05


Tree=10
num_leaves=31
num_cat=0
split_feature=0 0 0 34 34 34 0 27 0 27 10 33 0 8 12 2 27 0 2 0 1 22 35 13 10 13 9 0 0 7
split_gain=109.93 26.0851 19.0131 17.2473 7.81648 7.80879 4.38241 3.11898 2.65609 2.65033 2.60189 2.57932 2.43374 2.16467 2.07664 1.89481 1.88934 1.87517 1.63817 1.55521 1.5473 1.47588 1.35238 1.35031 1.14975 1.12332 1.10602 0.962674 0.940655 0.887079
threshold=1402.9809040000002 852.7672811000001 2002.5000000000002 1.0000000180025095e-35 1.0000000180025095e-35 1.0000000180025095e-35 600.05455535000021 37000.000000000007 1112.5555555000003 29000.000000000004 1230.0430918935217 1.5000000000000002 1558.9312285000003 9482.2885957657036 1776.4736629154065 1.5000000000000002 41000.000000000007 2437.5000000000005 1.5000000000000002 1125.0270445000003 2.5000000000000004 1.0000000180025095e-35 42.500000000000007 1555.0953866026073 1960.4329745705234 3061.3149526876919 127.51298778034113 666.50000000000011 500.50000000000006 2887.0231296723491
decision_type=2 2 2 2 2 2 2 2 2 2 2 2 2 2 2 2 2 2 2 2 2 2 2 2 2 2 2 2 2 2
left_child=1 4 5 10 14 7 15 22 11 26 -3 23 -7 -8 -1 28 20 29 -15 -12 -10 -19 -2 -5 -25 -22 -4 -16 -6 -11
right_child=2 3 9 8 6 12 13 -9 16 17 19 -13 -14 18 27 -17 -18 21 -20 -21 25 -23 -24 24 -26 -27 -28 -29 -30 -31
leaf_value=-0.020068248081952334 -0.0061312185572348086 0.00032558209452502153 0.029031748745752418 -0.0076549141314278205 -0.023761107288954551 0.009634373295878948 -0.0055821724817315451 0.0108852744545304 0.003553896677262588 0.035320103474077769 -0.01991322639587452 -0.017844812723773498 0.017017277959535053 -0.0094391001070418014 -0.045084385052323345 -0.03610170900821686 0.0098132501202091195 0.051951548262782726 -0.023849598092860299 -0.012192578647150905 -0.0066334390259681301 0.033379906415939332 0.006411480434752744 0.0027021839161855445 -0.0031636853746654795 0.0065985671058297161 0.013838944635819646 -0.031987043438439673 -0.014414056879924794 0.023133774673832316
leaf_weight=30 83 27 23 82 57 172 113 65 204 32 128 27 318 41 20 20 77 23 38 133 81 20 29 153 184 20 25 47 51 28
leaf_count=30 83 27 23 82 57 172 113 65 204 32 128 27 318 41 20 20 77 23 38 133 81 20 29 153 184 20 25 47 51 28
internal_value=-1.20983e-11 -0.00789783 0.0148012 -0.00391096 -0.0185677 0.0111742 -0.0147988 0.00217279 -0.000245071 0.0308224 -0.0144504 -0.00286591 0.0144257 -0.0100212 -0.0310013 -0.0219651 0.00281486 0.0353444 -0.0163707 -0.0159789 0.00104806 0.0433136 -0.00288356 -0.00190068 -0.000500546 -0.00401324 0.0211188 -0.0358967 -0.0193472 0.0296332
internal_weight=2351 1533 818 1116 417 667 320 177 828 151 288 446 490 192 97 128 382 103 79 261 305 43 112 419 337 101 48 67 108 60
internal_count=2351 1533 818 1116 417 667 320 177 828 151 288 446 490 192 97 128 382 103 79 261 305 43 112 419 337 101 48 67 108 60
is_linear=0
shrinkage=0.05


Tree=11
num_leaves=31
num_cat=0
split_feature=0 31 0 0 0 31 0 0 0 31 27 0 27 7 0 14 9 27 10 27 27 0 1 35 35 6 0 0 33 5
split_gain=99.2119 29.8542 17.4771 16.37 11.8462 9.2594 4.23583 3.06076 2.31177 2.11981 2.0176 1.96858 1.94153 1.64815 1.58636 1.35776 1.18958 1.13078 1.01154 0.938341 0.935894 0.90199 0.829409 0.748941 0.747027 0.740517 0.84156 0.605498 0.602458 0.705834
threshold=1402.9809040000002 2.5000000000000004 1842.6561770000001 800.09699320000016 927.50000000000011 1.5000000000000002 2298.7290165000004 582.50000000000011 1032.5000000000002 2.5000000000000004 39000.000000000007 570.50000000000011 29000.000000000004 2953.9437108896104 1247.5000000000002 1237.5194301490008 839.75093107265434 37000.000000000007 3548.5878462732121 31000.000000000004 41000.000000000007 1644.8684210000004 2.5000000000000004 19.500000000000004 55.500000000000007 2322.7099172799726 1558.9312285000003 1635.5000000000002 1.5000000000000002 1.0000000180025095e-35
decision_type=2 2 2 2 2 2 2 2 2 2 2 2 2 2 2 2 2 2 2 2 2 2 2 2 2 2 2 2 2 2
left_child=1 3 5 7 11 25 9 16 24 13 14 -3 27 -4 28 -9 -1 23 -13 -11 -8 -14 -16 -10 -5 -2 -27 -7 29 -6
right_child=2 4 6 8 10 12 20 15 17 19 -12 18 21 -15 22 -17 -18 -19 -20 -21 -22 -23 -24 -25 -26 26 -28 -29 -30 -31
leaf_value=-0.017036732102755504 0.016583703701069361 -0.041566476613283165 0.036712646030861405 -0.0016490244299635186 -0.021533867752511208 -0.010771100090180593 0.030020080953955842 -0.018285685205676902 0.0032360510315278404 0.0071095684637135313 -0.0018173574663062648 -0.024154504376608845 0.00057259983969507391 0.021854435136974461 -0.0016774571857725582 -0.0062855045565149998 -0.02911881175306108 0.0067789714582979881 -0.034964770934096091 0.019859318052315052 0.041460982687545549 0.009674168312240666 -0.011495840584010646 -0.0020328736549075047 -0.011399667306769905 0.0083615572378999484 0.014345688020322947 -0.00033061832987836434 -0.01360771791174193 -0.011317178272557529
leaf_weight=83 136 25 23 304 73 41 39 30 203 31 41 109 81 99 30 110 27 151 27 27 33 41 76 101 21 97 149 21 100 22
leaf_count=83 136 25 23 304 73 41 39 30 203 31 41 109 81 99 30 110 27 151 27 27 33 41 76 101 21 97 149 21 100 22
internal_value=4.62276e-12 -0.00750294 0.0140611 -0.0026269 -0.0174877 0.0091845 0.0250142 -0.0137609 0.0009417 0.0209143 -0.0122229 -0.0286711 -3.00902e-05 0.0246556 -0.0136403 -0.00885697 -0.0200023 0.00324225 -0.0263007 0.0130448 0.0352638 0.00363132 -0.00871705 0.00148552 -0.00227907 0.0136229 0.0119861 -0.00723481 -0.0163165 -0.0191679
internal_weight=2351 1533 818 1030 503 566 252 250 780 180 342 161 184 122 301 140 110 455 136 58 72 122 106 304 325 382 246 62 195 95
internal_count=2351 1533 818 1030 503 566 252 250 780 180 342 161 184 122 301 140 110 455 136 58 72 122 106 304 325 382 246 62 195 95
is_linear=0
shrinkage=0.05


Tree=12
num_leaves=31
num_cat=0
split_feature=0 31 0 0 0 31 0 0 0 27 0 27 0 27 11 27 14 0 0 9 23 9 13 4 13 0 8 7 8 12
split_gain=89.6645 27.9234 17.3577 13.4736 11.5054 4.06017 3.76551 2.76233 2.56863 2.20959 1.96768 1.77965 1.60685 1.59808 1.36208 1.28408 1.22537 1.2144 1.1796 1.07359 1.00216 0.986355 0.923378 0.934172 0.907669 0.874516 0.809334 0.783377 0.725076 0.712727
threshold=1507.5000000000002 2.5000000000000004 800.09699320000016 957.39322455000013 2002.5000000000002 2.5000000000000004 1250.5000000000002 582.50000000000011 1273.5000000000002 29000.000000000004 656.00000000000011 29000.000000000004 2437.5000000000005 29000.000000000004 1496.7359970828786 41000.000000000007 1237.5194301490008 1776.0000000000002 957.39322455000013 839.75093107265434 1.0000000180025095e-35 127.51298778034113 1555.0953866026073 1.5000000000000002 1555.0953866026073 1776.0000000000002 10571.62173694949 2887.0231296723491 9482.2885957657036 1773.7335526945587
decision_type=2 2 2 2 2 2 2 2 2 2 2 2 2 2 2 2 2 2 2 2 2 2 2 2 2 2 2 2 2 2
left_child=1 2 7 10 5 25 18 19 15 21 -3 -7 27 -10 -14 -5 -9 29 26 -1 -12 -6 -20 28 -8 -2 -4 -11 -24 -13
right_child=4 3 6 8 9 11 24 16 13 12 20 17 14 -15 -16 -17 -18 -19 22 -21 -22 -23 23 -25 -26 -27 -28 -29 -30 -31
leaf_value=-0.016184895674709276 0.013445112265397383 -0.036676629568989337 -0.0022199385094978964 -0.014694535487133092 0.026487440259560298 -0.0030924617474817713 0.0031282940303783988 -0.01737140068318695 -0.012977197156192697 0.032061179308220743 -0.028860096189013702 0.0085938483605989165 0.029837807989679277 -0.0022993775042970252 0.047679100606752484 -0.0024740058016808082 -0.0059712293446599774 0.015671099796413613 -0.0028843735828995706 -0.02766287158484812 -0.020161360379049108 0.012140038859099152 0.0061728608034434355 -0.002642183382027697 0.0094117593342581615 0.018973018123175613 -0.01237311796285212 0.020609292494399207 0.00074639068453039221 -0.0028292265149172059
leaf_weight=83 258 38 182 206 23 46 91 30 49 32 57 36 20 123 23 24 110 39 100 27 79 25 153 67 156 99 22 28 103 22
leaf_count=83 258 38 182 206 23 46 91 30 49 32 57 36 20 123 23 24 110 39 100 27 79 25 153 67 156 99 22 28 103 22
internal_value=1.388e-11 -0.00604255 -0.00145524 -0.0149942 0.0157793 0.0121264 0.00186789 -0.0130729 -0.00996308 0.0278749 -0.0266177 0.00500738 0.0320038 -0.00534131 0.0393808 -0.0134193 -0.00841412 0.00884854 -0.000191986 -0.0190022 -0.0238072 0.0190148 0.0013141 0.00261393 0.0070968 0.0149781 -0.00331489 0.026717 0.00398955 0.00426096
internal_weight=2351 1700 1124 576 651 500 874 250 402 151 174 143 103 172 43 230 140 97 627 110 136 48 423 323 247 357 204 60 256 58
internal_count=2351 1700 1124 576 651 500 874 250 402 151 174 143 103 172 43 230 140 97 627 110 136 48 423 323 247 357 204 60 256 58
is_linear=0
shrinkage=0.05


Tree=13
num_leaves=31
num_cat=0
split_feature=1 34 34 20 2 1 35 28 11 10 9 33 9 10 14 11 5 11 33 35 29 13 10 17 9 28 33 10 35 23
split_gain=40.9864 16.2986 11.5492 5.67862 5.57924 5.26454 4.50202 6.0057 3.43772 3.06877 2.90636 2.82012 2.20356 2.28187 2.06899 1.75982 1.70754 1.41255 1.21309 1.11199 1.0593 0.96315 0.828231 1.0533 0.82705 0.807726 0.560832 0.507573 0.454993 0.431081
threshold=2.5000000000000004 1.0000000180025095e-35 1.0000000180025095e-35 1.5000000000000002 3.5000000000000004 1.5000000000000002 10.500000000000002 1.0000000180025095e-35 2520.6985151014974 2534.5539188965381 2368.144259714622 1.5000000000000002 999.8733579994298 911.91732693850838 4104.8456010490618 2574.8788051521005 1.0000000180025095e-35 1393.8712796706675 1.5000000000000002 3.5000000000000004 15.661599793771133 2238.7010494476931 685.0586565647385 2.5000000000000004 1033.585728008075 1.0000000180025095e-35 1.5000000000000002 2924.7044017855956 47.500000000000007 1.0000000180025095e-35
decision_type=2 2 2 2 2 2 2 2 2 2 2 2 2 2 2 2 2 2 2 2 2 2 2 2 2 2 2 2 2 2
left_child=1 8 3 9 11 10 27 15 20 14 19 12 13 -4 -2 24 18 -15 -16 -3 -1 -6 -21 -24 -8 28 -22 -7 -14 -17
right_child=2 5 4 -5 21 6 7 -9 -10 -11 -12 -13 25 17 16 29 -18 -19 -20 22 26 -23 23 -25 -26 -27 -28 -29 -30 -31
leaf_value=-0.015750377824412312 0.010228759832177074 -0.0077799048937934774 0.013297660487616462 0.02177141806697128 0.020681605257448697 0.0056866315468412608 -0.0050145935903135111 -0.015514842439652161 -0.023341578168117189 -0.0071306299967569559 0.0010401490284814774 -0.0035754127712506385 0.014321997473796894 -0.00036454678124037425 -0.0108914676663834 7.8761631578603178e-05 0.0098864378407597549 0.0080509155391362205 0.0033347816980297111 -0.011326397189663516 -0.011055498882958021 0.035492106332727105 -0.027330304710910872 -0.013354457515691007 0.0011035838242530926 0.0067257282300852237 -0.0024706821981817489 0.0010115956482228026 0.019955853472153347 0.0054419645967016764
leaf_weight=91 59 75 141 27 21 188 227 89 110 153 51 36 176 76 43 67 23 145 23 54 52 23 26 28 73 30 30 84 45 85
leaf_count=91 59 75 141 27 21 188 227 89 110 153 51 36 176 76 43 67 23 145 23 54 52 23 26 28 73 30 30 84 45 85
internal_value=-2.308e-11 -0.0057843 0.00753488 -0.000194836 0.0111934 -0.00290664 -0.00100451 -0.00364275 -0.0164306 -0.00216523 -0.00951531 0.0100253 0.010824 0.00832776 0.00296792 -0.0013051 -0.00184545 0.00515691 -0.00593384 -0.012457 -0.0120364 0.0284235 -0.015705 -0.0200836 -0.00352584 0.0144241 -0.00791471 0.00424287 0.0154692 0.00307792
internal_weight=2351 1330 1021 328 693 1047 813 541 283 301 234 649 613 362 148 452 89 221 66 183 173 44 108 54 300 251 82 272 221 152
internal_count=2351 1330 1021 328 693 1047 813 541 283 301 234 649 613 362 148 452 89 221 66 183 173 44 108 54 300 251 82 272 221 152
is_linear=0
shrinkage=0.05


Tree=14
num_leaves=31
num_cat=0
split_feature=1 31 31 27 1 1 27 1 1 4 12 11 6 27 35 5 11 10 14 3 4 25 33 35 8 6 35 35 14 14
split_gain=36.9902 21.0989 15.6916 5.76611 4.84727 4.27161 3.66177 3.00222 2.92086 2.63454 2.59217 2.42787 2.16583 1.90918 1.75033 1.66194 1.54081 1.42292 1.0769 1.07069 1.99735 0.982327 0.951364 0.897525 0.866879 0.781699 0.603703 0.597521 0.61099 0.550118
threshold=2.5000000000000004 2.5000000000000004 2.5000000000000004 46500.000000000007 1.5000000000000002 3.5000000000000004 33000.000000000007 3.5000000000000004 1.5000000000000002 1.5000000000000002 2430.631693941395 714.58419441393448 2322.7099172799726 21500.000000000004 26.500000000000004 1.0000000180025095e-35 2005.6837571219992 1839.66842254472 4104.8456010490618 0.87500000000000011 1.5000000000000002 1.0000000180025095e-35 1.5000000000000002 41.500000000000007 9976.5701225000685 1725.1871084471863 6.5000000000000009 6.5000000000000009 1734.7809644690544 3431.9769478682488
decision_type=2 2 2 2 2 2 2 2 2 2 2 2 2 2 2 2 2 2 2 2 2 2 2 2 2 2 2 2 2 2
left_child=1 4 5 7 12 10 8 14 -3 11 19 -6 -1 -10 29 18 -7 -5 25 20 -2 -11 -8 -21 -12 -16 -14 -13 -29 -4
right_child=2 6 3 17 9 16 22 -9 13 21 24 27 26 -15 15 -17 -18 -19 -20 23 -22 -23 -24 -25 -26 -27 -28 28 -30 -31
leaf_value=0.00098814164589652235 0.012662858329950536 -0.031202186550945046 -0.0073438432723234755 0.023379650740357846 -0.0054334305035202615 0.018563192799830666 -0.010607327327848979 0.013027366809546949 -0.030050570388203079 -0.011818889224280914 0.00090822177787185099 0.0055329061632049736 -0.0073909095482279866 -0.014932821680471662 -0.0021126573642091403 0.0098126543830309443 0.036772635508151283 0.0077720564382616434 -0.0067704872865902467 0.014326477378002696 -0.0025046793278306724 -0.0029093472189458108 0.00039089207275537778 0.023318593065581612 0.0084447211103030936 0.0096122807423983311 -0.013377965870313348 -0.005257636413336042 0.0026085494679339012 -0.016334322821348907
leaf_weight=51 227 38 114 23 96 26 51 27 23 45 59 182 75 227 44 29 21 40 90 111 24 99 32 37 108 21 96 27 288 20
leaf_count=51 227 38 114 23 96 26 51 27 23 45 59 182 75 227 44 29 21 40 90 111 24 99 32 37 108 21 96 27 288 20
internal_value=4.22228e-11 -0.00549508 0.00715814 -0.000439724 -0.0015781 0.0122151 -0.0156201 -0.00297977 -0.0182868 0.000372877 0.0110124 0.00184601 -0.00805499 -0.0163237 -0.00433887 -0.00117324 0.0266993 0.0134701 -0.00322866 0.0132015 0.0112126 -0.00569358 -0.00636705 0.0165745 0.00578213 0.0016754 -0.0107521 0.0032521 0.0019343 -0.00868571
internal_weight=2351 1330 1021 408 959 613 371 345 288 737 566 593 222 250 318 184 47 63 155 399 251 144 83 148 167 65 171 497 315 134
internal_count=2351 1330 1021 408 959 613 371 345 288 737 566 593 222 250 318 184 47 63 155 399 251 144 83 148 167 65 171 497 315 134
is_linear=0
shrinkage=0.05


Tree=15
num_leaves=31
num_cat=0
split_feature=0 31 0 0 0 31 0 0 35 31 0 10 27 7 0 35 27 10 12 9 0 10 12 27 5 0 12 0 1 27
split_gain=70.4903 20.2751 13.0616 11.4966 8.71155 6.17271 3.28468 3.22361 2.18668 1.52599 1.52197 1.50304 1.34955 1.31711 1.11244 1.10038 1.06093 0.947404 0.94714 0.89388 0.739608 0.728741 0.706777 0.691625 0.602931 0.602639 0.558761 0.505057 0.467591 0.464652
threshold=1402.9809040000002 2.5000000000000004 1842.6561770000001 636.41891890000011 927.50000000000011 1.5000000000000002 957.39322455000013 2298.7290165000004 57.000000000000007 2.5000000000000004 570.50000000000011 911.91732693850838 29000.000000000004 2953.9437108896104 1112.5555555000003 38.500000000000007 41000.000000000007 1662.2018169857954 2119.0331493252602 839.75093107265434 2644.4444445000004 3548.5878462732121 1215.3512493181827 31000.000000000004 1.0000000180025095e-35 1644.8684210000004 4208.8138379810798 1635.5000000000002 2.5000000000000004 33000.000000000007
decision_type=2 2 2 2 2 2 2 2 2 2 2 2 2 2 2 2 2 2 2 2 2 2 2 2 2 2 2 2 2 2
left_child=1 3 5 19 10 26 8 9 -5 13 -3 -6 27 -4 24 -16 17 -8 20 -1 -9 29 -18 -11 -13 -14 -2 -7 -17 -12
right_child=2 4 7 6 11 12 16 18 -10 23 21 14 25 -15 15 28 22 -19 -20 -21 -22 -23 -24 -25 -26 -27 -28 -29 -30 -31
leaf_value=-0.013426721014776358 0.012229006331319014 -0.035481649883091451 0.0316972834908444 -0.0031630697766070249 0.0015177984489127994 -0.0091235317258595884 0.0036498752067751824 0.028646670771693746 -0.019171713778506155 0.0059721343760048189 -0.021878760544604612 -0.015797305068579213 0.00066537027038672634 0.018414819825233686 -0.011215225937423043 0.0018203298827367171 0.00318111849888616 -0.00099111642637337671 0.021892352596573211 -0.022687251482691087 0.040996915135871281 -0.029412663372716419 0.011053285496714324 0.016918166445706179 -0.0067690674046223809 0.0081048759802176459 0.0074851595563814044 0.0004117709739754598 -0.0069644766031132987 -0.013745281451635741
leaf_weight=102 304 25 23 294 26 41 186 27 23 31 87 116 81 99 117 28 75 269 23 35 22 27 46 27 22 41 78 21 33 22
leaf_count=102 304 25 23 294 26 41 186 27 23 31 87 116 81 99 117 28 75 269 23 35 22 27 46 27 22 41 78 21 33 22
internal_value=9.36652e-12 -0.00632432 0.0118523 -0.00230599 -0.0145527 0.00763646 -0.000236943 0.0213212 -0.00432458 0.0177446 -0.0241431 -0.010038 0.00011292 0.0209189 -0.0109888 -0.00837663 0.00201268 0.00090608 0.0302627 -0.0157925 0.0341917 -0.0220588 0.00617384 0.0110677 -0.014358 0.00316553 0.0112604 -0.00589383 -0.00293211 -0.0202371
internal_weight=2351 1533 818 1030 503 566 893 252 317 180 161 342 184 122 316 178 576 455 72 137 49 136 121 58 138 122 382 62 61 109
internal_count=2351 1533 818 1030 503 566 893 252 317 180 161 342 184 122 316 178 576 455 72 137 49 136 121 58 138 122 382 62 61 109
is_linear=0
shrinkage=0.05


Tree=16
num_leaves=31
num_cat=0
split_feature=1 31 31 2 12 1 9 1 4 12 6 5 12 9 7 12 12 13 25 2 4 9 10 12 10 8 33 13 9 35
split_gain=29.8402 17.15 12.8241 4.24378 4.06768 3.97559 2.82792 2.60409 2.23791 2.00396 1.75712 1.73499 1.58259 1.49445 1.35935 1.02724 1.00415 0.920297 0.840791 0.814432 1.71744 0.819469 0.764297 0.745513 0.682154 0.681379 0.668062 0.632914 0.547587 0.523706
threshold=2.5000000000000004 2.5000000000000004 2.5000000000000004 3.5000000000000004 2951.6028602505958 1.5000000000000002 922.57891998798493 1.5000000000000002 1.5000000000000002 2430.631693941395 2322.7099172799726 1.0000000180025095e-35 680.15295442028264 6620.608314009638 2368.7187579394936 4208.8138379810798 1370.0449573460471 1447.556867840123 1.0000000180025095e-35 2.5000000000000004 1.5000000000000002 774.31142231872388 2218.1193939081081 2695.9728126081732 3060.2609716569636 7088.8180343846707 1.5000000000000002 2267.6204482949502 999.8733579994298 6.5000000000000009
decision_type=2 2 2 2 2 2 2 2 2 2 2 2 2 2 2 2 2 2 2 2 2 2 2 2 2 2 2 2 2 2
left_child=1 5 3 9 6 10 14 24 12 19 -1 16 -7 17 -4 -14 26 23 -10 20 28 -21 -11 -9 -3 -6 -8 -19 -2 -12
right_child=2 7 4 -5 25 8 11 13 18 22 29 -13 15 -15 -16 -17 -18 27 -20 21 -22 -23 -24 -25 -26 -27 -28 -29 -30 -31
leaf_value=0.00087557251225043014 0.009850701729010326 -0.018266829568892719 0.021048096163819235 0.027415283970736171 -0.0021564492986173088 -0.0060503652366667481 -0.0080593786031511565 -0.0013220253411087802 -0.010895249468998778 -0.00011560898375413988 -0.00656849430850707 0.0091766267670723416 0.0037914775867356832 -0.025666303113102914 0.0052615608023479582 -0.0013876944595365786 0.0056670829788931926 -0.017111910801230968 -0.0026525109045612018 0.023414059892377777 -0.002624801794687907 0.013186988366457323 0.0074307211051364581 -0.010796206021249029 -0.03012768317281303 -0.0084836935532187022 0.00046982195620474065 -0.011369337518366853 0.015234788006811002 -0.012144787099077804
leaf_weight=51 160 22 30 37 69 59 58 33 45 46 75 46 409 20 25 125 31 73 99 23 24 132 124 56 27 111 38 140 67 96
leaf_count=51 160 22 30 37 69 59 58 33 45 46 75 46 409 20 25 125 31 73 99 23 24 132 124 56 27 111 38 140 67 96
internal_value=1.78674e-11 -0.0049355 0.00642921 0.0110008 -0.000439435 -0.00140405 0.00399647 -0.014064 0.000362817 0.00994643 -0.00726974 0.000856726 0.00172054 -0.0124299 0.0138724 0.00257912 -0.00215678 -0.0115533 -0.00522837 0.0118548 0.010095 0.0147046 0.00538877 -0.00728331 -0.0248024 -0.00605825 -0.00468324 -0.0133374 0.0114398 -0.00969904
internal_weight=2351 1330 1021 613 408 959 228 371 737 576 222 173 593 322 55 534 127 302 144 406 251 155 170 89 49 180 96 213 227 171
internal_count=2351 1330 1021 613 408 959 228 371 737 576 222 173 593 322 55 534 127 302 144 406 251 155 170 89 49 180 96 213 227 171
is_linear=0
shrinkage=0.05


Tree=17
num_leaves=31
num_cat=0
split_feature=0 31 0 0 0 0 31 0 0 27 27 0 0 25 22 9 14 9 7 0 27 10 8 0 0 1 0 0 8 0
split_gain=59.6819 17.249 11.3808 9.20841 8.36844 2.49925 2.25287 1.99687 1.66092 1.56691 1.49501 1.42492 1.33181 1.31939 1.14905 0.905679 0.888111 0.831073 0.82395 0.797613 0.702886 0.681708 0.670966 0.66739 0.651943 0.577699 1.00343 0.606982 0.566115 0.546506
threshold=1507.5000000000002 2.5000000000000004 800.09699320000016 957.39322455000013 2002.5000000000002 1250.5000000000002 1.5000000000000002 582.50000000000011 1125.0270445000003 29000.000000000004 29000.000000000004 799.90064580000012 2400.5000000000005 1.0000000180025095e-35 1.0000000180025095e-35 839.75093107265434 1237.5194301490008 127.51298778034113 2887.0231296723491 957.39322455000013 37000.000000000007 911.91732693850838 4743.8420004739874 1776.0000000000002 1743.7831315000001 2.5000000000000004 1273.5000000000002 1402.9809040000002 10571.62173694949 570.50000000000011
decision_type=2 2 2 2 2 2 2 2 2 2 2 2 2 2 2 2 2 2 2 2 2 2 2 2 2 2 2 2 2 2
left_child=1 2 7 11 6 19 23 15 -5 17 -10 29 18 24 -14 -1 -9 -6 -11 28 -21 -12 -7 -2 -8 26 -23 -27 -4 -3
right_child=4 3 5 8 9 22 13 16 10 12 21 -13 14 -15 -16 -17 -18 -19 -20 20 -22 25 -24 -25 -26 27 -28 -29 -30 -31
leaf_value=-0.01318524932174618 0.010573916745014749 -0.032530825071036822 -0.001963914434328307 -0.012325968358200044 0.022587419592815898 -0.0012524873356244738 0.0039082510058175432 -0.014396196200201909 -0.011344845013175077 0.026570267614818389 0.0045738054187968369 -0.017302913959389592 0.040449428934759155 -0.0028390714221872217 0.025132853865623472 -0.023727482674574411 -0.0046908585357860744 0.00941770837455988 0.014079973332421936 -0.00051448607420159092 0.0038091423853584537 -0.0050004262118958512 0.0066136408849531486 0.015438865112697648 0.011927701255425494 -0.0094964392220852189 0.0087746238033287235 -0.0016681706730742006 -0.010455534399741076 -0.023664020570485216
leaf_weight=83 258 25 182 135 23 31 55 30 78 31 25 92 24 43 25 27 110 25 23 282 141 39 216 97 47 65 20 40 22 57
leaf_count=83 258 25 182 135 23 31 55 30 78 31 25 92 24 43 25 27 110 25 23 282 141 39 216 97 47 65 20 40 22 57
internal_value=-1.90549e-12 -0.00492982 -0.0013244 -0.0119654 0.0128736 0.00136644 0.00975823 -0.0107316 -0.00780616 0.0231893 -0.00552087 -0.0215746 0.0266663 0.00450673 0.0326348 -0.0157729 -0.00677057 0.0157282 0.0212503 -0.000311723 0.000926723 -0.00311732 0.00562639 0.0119032 0.00760349 -0.00428975 -0.000330918 -0.00651424 -0.00287968 -0.0263673
internal_weight=2351 1700 1124 576 651 874 500 250 402 151 267 174 103 145 49 110 140 48 54 627 423 189 247 355 102 164 59 105 204 82
internal_count=2351 1700 1124 576 651 874 500 250 402 151 267 174 103 145 49 110 140 48 54 627 423 189 247 355 102 164 59 105 204 82
is_linear=0
shrinkage=0.05


Tree=18
num_leaves=31
num_cat=0
split_feature=0 0 0 34 34 0 27 25 10 8 2 12 0 2 12 35 0 15 13 0 0 9 0 13 0 0 27 29 12 9
split_gain=53.8629 15.5754 7.55252 7.53242 4.5964 2.93021 2.12945 2.03395 1.99045 1.7638 1.5385 1.47436 1.34586 1.34258 1.28696 1.2685 1.26504 1.18841 0.855662 0.851617 0.824056 0.822625 0.791847 1.23853 0.702807 0.64658 0.631019 0.550421 0.52049 0.461582
threshold=1507.5000000000002 912.50000000000011 2002.5000000000002 1.0000000180025095e-35 1.0000000180025095e-35 600.05455535000021 37000.000000000007 1.5000000000000002 1230.0430918935217 9482.2885957657036 1.5000000000000002 2119.0331493252602 2644.4444445000004 1.5000000000000002 1776.4736629154065 17.500000000000004 1303.0000000000002 1.0000000180025095e-35 2464.4808458285484 1733.7388950000002 1089.1293495000002 1618.0549938483591 1310.5933510000002 2097.539431296525 500.50000000000006 666.50000000000011 27000.000000000004 15.737682447779092 3900.068870864407 999.8733579994298
decision_type=2 2 2 2 2 2 2 2 2 2 2 2 2 2 2 2 2 2 2 2 2 2 2 2 2 2 2 2 2 2
left_child=1 4 7 8 14 10 15 17 -3 -7 24 12 18 -11 -1 22 21 19 -4 28 -8 -10 23 -5 -6 -16 -18 -13 -2 -22
right_child=2 3 11 6 5 9 20 -9 16 13 -12 27 -14 -15 25 -17 26 -19 -20 -21 29 -23 -24 -25 -26 -27 -28 -29 -30 -31
leaf_value=-0.013269711070908949 0.010133718110777339 0.0038214150175917895 0.026664423676750933 -0.0065443321967904927 -0.017071852192544101 -0.0034232640202558266 0.0010637423175862153 -0.0059601474833297771 -0.0093504195445432113 -0.0053415298689201123 -0.028353787213563922 0.019490858424355145 0.036406407979401673 -0.017413344773676193 -0.032146192751824856 -0.003215772103017411 -0.011963067892129007 0.0022036899646951094 0.016109125511138699 0.01347358603068346 0.0025386082660406829 -0.016239479360743783 0.00574215159963675 0.0019268813625534136 -0.0089924829464186652 -0.02172063444259352 -0.0025107578300919975 0.0087823988426299331 0.0047658979571584999 0.0084903059195790258
leaf_weight=39 204 32 48 56 57 173 99 21 130 42 20 28 22 51 20 278 23 45 32 172 45 65 79 188 51 58 76 21 58 118
leaf_count=39 204 32 48 56 57 173 99 21 130 42 20 28 22 51 20 278 23 45 32 172 45 65 79 188 51 58 76 21 58 118
internal_value=1.13519e-11 -0.00468333 0.0122299 -0.00154582 -0.0119837 -0.00939959 0.000900139 0.00927032 -0.00802087 -0.00640846 -0.0156155 0.0220298 0.0254542 -0.0119616 -0.0206858 -0.00073974 -0.00930983 0.00993804 0.0224423 0.01074 0.00466185 -0.0116468 0.00139133 -1.73316e-05 -0.0132566 -0.0243939 -0.00470675 0.0149015 0.00894542 0.0068472
internal_weight=2351 1700 651 1189 511 394 863 500 326 266 128 151 102 93 117 601 294 479 80 434 262 195 323 244 108 78 99 49 262 163
internal_count=2351 1700 651 1189 511 394 863 500 326 266 128 151 102 93 117 601 294 479 80 434 262 195 323 244 108 78 99 49 262 163
is_linear=0
shrinkage=0.05


Tree=19
num_leaves=31
num_cat=0
split_feature=0 31 0 0 0 31 0 0 35 14 0 0 35 2 0 13 4 31 0 11 0 12 11 10 0 25 1 0 5 35
split_gain=48.7095 13.8842 9.28505 7.89305 6.05171 4.19893 2.30842 2.26912 1.68952 1.15585 1.09974 1.05694 0.969176 0.842136 0.826408 0.743 0.789691 0.684111 0.88493 1.3301 0.681804 0.659396 0.610454 0.580949 0.556933 0.532862 0.522424 0.500001 0.472221 0.658169
threshold=1402.9809040000002 2.5000000000000004 1842.6561770000001 636.41891890000011 927.50000000000011 1.5000000000000002 2298.7290165000004 957.39322455000013 57.000000000000007 3346.1795337056815 570.50000000000011 1125.0270445000003 38.500000000000007 1.5000000000000002 1604.5000000000002 1555.0953866026073 1.5000000000000002 2.5000000000000004 1987.4768160000001 2005.6837571219992 477.50000000000006 2119.0331493252602 2520.6985151014974 3548.5878462732121 2644.4444445000004 1.0000000180025095e-35 2.5000000000000004 1173.3779885000001 1.0000000180025095e-35 45.500000000000007
decision_type=2 2 2 2 2 2 2 2 2 2 2 2 2 2 2 2 2 2 2 2 2 2 2 2 2 2 2 2 2 2
left_child=1 3 5 13 10 -2 9 8 -5 17 -3 28 26 20 22 -9 27 18 -4 -20 -1 24 -7 -12 -8 -18 -13 -17 29 -6
right_child=2 4 6 7 11 14 21 15 -10 -11 23 12 -14 -15 -16 16 25 -19 19 -21 -22 -23 -24 -25 -26 -27 -28 -29 -30 -31
leaf_value=-0.016605311764869842 0.0092868541455273009 -0.029697979086078703 0.014217063342886313 -0.002594079131828336 -0.014280783310089083 -7.7899373192564559e-05 0.02386901618015987 -0.0012814671549705825 -0.016665698818700472 0.0092818381490125772 -0.016661472409673105 -0.0044981899032210731 -0.0013257654890902852 -0.021834247138189235 0.0045733167676106938 0.0021229820782968298 -0.0063678310146289222 0.011967878791296648 0.034077725382078261 0.017159114147608096 -0.0085030485907368163 0.018418400945222898 -0.0079513379099911876 -0.024853910785815163 0.034586087919094344 0.0019413130168348205 -0.011238958572691962 0.0059890819390361408 -0.0049016400442823127 -0.0043842272716574371
leaf_weight=40 382 25 35 294 105 83 27 157 23 62 109 47 73 23 66 194 35 36 21 26 74 23 35 27 22 43 74 147 23 20
leaf_count=40 382 25 35 294 105 83 27 157 23 62 109 47 73 23 66 194 35 36 21 26 74 23 35 27 22 43 74 147 23 20
internal_value=9.91369e-12 -0.00525722 0.00985247 -0.00193197 -0.0120664 0.00629798 0.017836 -0.000217586 -0.00361505 0.0148094 -0.0200597 -0.00830346 -0.00587566 -0.0131068 9.28067e-05 0.0016522 0.00275145 0.0177136 0.0202362 0.0247185 -0.0113459 0.0254025 -0.00241324 -0.0182879 0.0286808 -0.00178715 -0.00862064 0.0037896 -0.0114858 -0.0126973
internal_weight=2351 1533 818 1030 503 566 252 893 317 180 161 342 194 137 184 576 419 118 82 47 114 72 118 136 49 78 121 341 148 125
internal_count=2351 1533 818 1030 503 566 252 893 317 180 161 342 194 137 184 576 419 118 82 47 114 72 118 136 49 78 121 341 148 125
is_linear=0
shrinkage=0.05


Tree=20
num_leaves=31
num_cat=0
split_feature=27 34 27 20 11 29 8 11 8 8 12 4 35 12 11 6 4 6 8 8 5 6 7 4 10 4 6 8 8 6
split_gain=11.4187 9.49918 3.50509 2.85589 2.65932 1.36511 2.09546 1.3559 1.2514 1.07604 1.05514 0.90209 0.977592 0.857895 1.5766 1.06871 0.745513 0.664632 0.592625 0.575971 0.42805 0.68429 0.393796 0.349617 0.192859 0.187195 0.14329 0.106728 0.0928195 0.0609709
threshold=37000.000000000007 1.0000000180025095e-35 20500.000000000004 1.5000000000000002 1496.7359970828786 15.747531577263588 11640.977136626787 614.7566508407366 9084.3982528598208 10571.62173694949 1511.8553922736223 2.5000000000000004 55.500000000000007 1896.8945265975353 929.65917730784929 6901.1007683112284 3.5000000000000004 1061.3422553870589 10111.486730562714 14187.362425638226 1.0000000180025095e-35 2752.8846916295956 3181.9319455124019 1.5000000000000002 3095.0565212803708 2.5000000000000004 8654.7003549612182 6082.8261983289731 14785.368796478315 403.78288489795449
decision_type=2 2 2 2 2 2 2 2 2 2 2 2 2 2 2 2 2 2 2 2 2 2 2 2 2 2 2 2 2 2
left_child=1 2 -1 7 9 19 8 20 16 18 -5 12 17 14 -4 22 -7 29 25 23 21 -2 -15 -6 -17 26 -3 -27 -8 -9
right_child=3 4 13 10 5 6 28 11 -10 -11 -12 -13 -14 15 -16 24 -18 -19 -20 -21 -22 -23 -24 -25 -26 27 -28 -29 -30 -31
leaf_value=-0.025738768864955221 -0.0053974220024732254 -0.0051203947923041645 -0.0077545801464574448 0.010589121998636984 0.0034020882170507239 -0.0084177065537207659 -0.0089304062150768002 0.0051473440075567806 0.0033397891898948231 0.0012099483946803958 0.024221758273514835 -0.0037070087809115654 0.0010004716472758446 -0.016745358369680066 0.0067339234270288473 -0.0030070490105763865 0.00049597776295351133 0.013259070330800919 -0.0096352824398006007 0.0077474342710944534 0.0073436314077116559 0.0017674120207137748 -0.010476444274095579 -0.0018044063588604333 -0.006989520471420531 -0.00334458881565793 -0.0025372336509156095 0.0013872618786990643 -0.013747551422566177 0.0067305270768448959
leaf_weight=28 48 152 57 40 309 45 20 78 181 110 22 25 80 33 28 38 49 39 48 73 20 109 104 36 152 22 83 26 20 276
leaf_count=28 48 152 57 40 309 45 20 78 181 110 22 25 80 33 28 38 49 39 48 73 20 109 104 36 152 22 83 26 20 276
internal_value=7.49337e-12 -0.00235469 -0.00862038 0.00515668 -6.39152e-06 0.00183942 -0.000646194 0.00421338 0.00090912 -0.00307438 0.0154265 0.00554937 0.0060386 -0.007457 -0.0029819 -0.00862025 -0.00377121 0.00706418 -0.00449818 0.00371256 0.000454487 -0.00042311 -0.0119865 0.0028588 -0.00619303 -0.00362686 -0.00420804 -0.000781503 -0.011339 0.00638169
internal_weight=2351 1614 440 737 1174 733 315 675 275 441 62 498 473 412 85 327 94 393 331 418 177 157 137 345 190 283 235 48 40 354
internal_count=2351 1614 440 737 1174 733 315 675 275 441 62 498 473 412 85 327 94 393 331 418 177 157 137 345 190 283 235 48 40 354
is_linear=0
shrinkage=0.05


Tree=21
num_leaves=31
num_cat=0
split_feature=0 31 0 0 0 31 0 0 14 0 0 9 19 0 14 0 9 29 6 4 9 1 11 11 13 11 11 29 13 14
split_gain=43.0636 11.464 8.16493 7.08567 5.3371 3.4705 2.04425 1.43437 1.04177 1.03435 1.033 0.928927 0.841756 0.712215 0.68205 0.648233 0.639198 0.633414 0.607463 0.813818 0.562377 0.573747 0.519108 0.431316 0.422012 0.387625 0.38479 0.35911 0.34883 0.347955
threshold=1402.9809040000002 2.5000000000000004 1842.6561770000001 800.09699320000016 927.50000000000011 1.5000000000000002 2298.7290165000004 570.50000000000011 3346.1795337056815 1032.5000000000002 656.00000000000011 1748.888123548825 1.0000000180025095e-35 1604.5000000000002 1237.5194301490008 1255.0245240000002 839.75093107265434 15.581953943131664 3208.9490436939673 1.5000000000000002 489.23136426011831 3.5000000000000004 2005.6837571219992 1037.5659516112248 938.09769034223962 835.37535345040521 614.7566508407366 15.661599793771133 1962.3004318109699 1395.4939663314938
decision_type=2 2 2 2 2 2 2 2 2 2 2 2 2 2 2 2 2 2 2 2 2 2 2 2 2 2 2 2 2 2
left_child=1 3 5 7 10 24 8 16 17 25 -3 12 15 22 -9 -6 -1 -4 19 -11 -8 -22 27 -12 -2 -5 -17 -7 -20 -15
right_child=2 4 6 9 11 13 20 14 -10 18 23 -13 -14 29 -16 26 -18 -19 28 -21 21 -23 -24 -25 -26 -27 -28 -29 -30 -31
leaf_value=-0.011482473136252398 0.0047595224832579245 -0.025842555879468199 0.023384724943726152 -0.0066986284112291686 -0.0091021090972223037 -0.0027136119886894119 0.030757206536474679 -0.012532995481160471 0.0086545286144340244 0.0050111544601110693 -0.011808046734788353 -0.015439708522685312 0.002063598725013435 -0.00035381596923495331 -0.0042799775408196225 -0.0071284887256721653 -0.020549698135493181 0.014664008674866797 -0.0018893339639098742 -0.0045851927995681765 0.014432675708085299 0.025294918765223797 -0.0067570753395557407 -0.01831547692364574 0.0093582402550739362 -0.0011282513442786475 -0.00047406251071065316 0.0040727473023746694 0.0019456588920062281 0.0071931698531400232
leaf_weight=77 59 38 27 35 196 44 21 32 62 190 36 34 25 24 115 45 26 91 107 25 20 31 39 87 323 290 42 35 133 42
leaf_count=77 59 38 27 35 196 44 21 32 62 190 36 34 25 24 115 45 26 91 107 25 20 31 39 87 323 290 42 35 133 42
internal_value=1.91508e-12 -0.00494316 0.00926388 -0.00192159 -0.0111305 0.00593068 0.0167504 -0.00924678 0.0139022 0.000426229 -0.018637 -0.00759668 -0.0067309 0.000289363 -0.00607655 -0.0075078 -0.0137713 0.0166594 0.00196506 0.0038953 0.0238708 0.0210352 -0.00203711 -0.0164109 0.00864797 -0.00172814 -0.00391601 0.000293003 0.000235891 0.00444881
internal_weight=2351 1533 818 1030 503 566 252 250 180 780 161 342 308 184 147 283 103 118 455 215 72 51 118 123 382 325 87 79 240 66
internal_count=2351 1533 818 1030 503 566 252 250 180 780 161 342 308 184 147 283 103 118 455 215 72 51 118 123 382 325 87 79 240 66
is_linear=0
shrinkage=0.05


Tree=22
num_leaves=31
num_cat=0
split_feature=1 31 31 27 2 1 27 12 23 1 4 6 11 27 6 14 33 5 8 29 9 8 10 4 6 10 11 14 4 33
split_gain=16.8643 9.44989 7.60515 3.25452 2.5973 2.49731 2.09689 1.61582 1.50273 1.4726 1.37351 1.33847 1.25148 1.16025 0.891782 0.672217 0.631783 0.601883 0.567105 0.548163 0.486539 0.444351 0.414461 0.371147 0.947989 0.370417 0.434726 0.320336 0.348628 0.316366
threshold=2.5000000000000004 2.5000000000000004 2.5000000000000004 51500.000000000007 3.5000000000000004 1.5000000000000002 33000.000000000007 1896.8945265975353 1.5000000000000002 1.5000000000000002 1.5000000000000002 5136.7845552690442 714.58419441393448 21500.000000000004 2322.7099172799726 4385.9322346861582 1.5000000000000002 1.0000000180025095e-35 9976.5701225000685 15.747531577263588 170.12925284434638 7088.8180343846707 1392.8371534077144 1.5000000000000002 3041.6665849414721 2012.607282319846 1919.6379915971211 1471.3390789067855 2.5000000000000004 1.5000000000000002
decision_type=2 2 2 2 2 2 2 2 2 2 2 2 2 2 2 2 2 2 2 2 2 2 2 2 2 2 2 2 2 2
left_child=1 5 4 7 11 14 9 8 19 -3 12 20 -7 -11 -1 27 -8 29 -13 -4 22 -9 -2 -22 -25 -14 -27 -12 -29 -10
right_child=2 6 3 -5 -6 10 16 21 17 13 15 18 25 -15 -16 -17 -18 -19 -20 -21 23 -23 -24 24 -26 26 -28 28 -30 -31
leaf_value=6.4896961546265607e-05 0.0086411087511338077 -0.021674952761417159 0.014005585658647443 0.017022647781297567 0.021195176425012383 -0.0038512509825523013 -0.0069398036546201684 -0.0018618588468026637 -0.0052108454778242641 -0.02181150485639987 -0.0083607147820293909 -0.0009369597644157088 0.0035862851785662185 -0.010026248224697073 -0.0074685328327560507 -0.011904419488880946 0.0020227776767569594 0.0052195400672240396 0.0055855961909534735 0.0043615450369898319 0.011698276074394595 -0.0069314211429780826 0.0035515287458630545 0.00070473634903984409 0.0145744121379473 -0.0051026126826063441 0.0016776864924835729 -0.0050622461805323836 0.00094419013876773311 0.0003498796038556753
leaf_weight=51 140 38 23 25 37 96 51 70 68 23 20 48 280 227 171 23 32 27 109 41 173 113 56 28 22 27 190 40 61 41
leaf_count=51 140 38 23 25 37 96 51 70 68 23 20 48 280 227 171 23 32 27 109 41 173 113 56 28 22 27 190 40 61 41
internal_value=3.16292e-13 -0.00371035 0.00483326 -0.000456195 0.00835382 -0.00108894 -0.0104864 -0.00159711 0.00150943 -0.0125044 0.000311424 0.00752894 0.00137509 -0.0111105 -0.00573788 -0.00406882 -0.00348435 -0.00146371 0.00359144 0.00782737 0.00900433 -0.00499224 0.00718694 0.0106017 0.00680739 0.00238461 0.000834055 -0.00257941 -0.0014346 -0.0031192
internal_weight=2351 1330 1021 408 613 959 371 383 200 288 737 576 593 250 222 144 83 136 157 64 419 183 196 223 50 497 217 121 101 109
internal_count=2351 1330 1021 408 613 959 371 383 200 288 737 576 593 250 222 144 83 136 157 64 419 183 196 223 50 497 217 121 101 109
is_linear=0
shrinkage=0.05


Tree=23
num_leaves=31
num_cat=0
split_feature=0 0 31 0 31 0 0 25 0 27 8 27 13 0 0 27 6 9 9 27 2 6 2 0 8 0 9 11 11 29
split_gain=36.508 10.6371 6.43097 5.19976 4.66921 2.07725 1.37689 1.32839 1.22474 0.98923 0.982548 0.978453 1.1305 0.876769 0.754445 0.751471 0.6665 0.653434 0.626336 0.615825 0.563356 0.514857 0.489839 0.58986 0.441907 0.441322 0.382605 0.362571 0.357223 0.339924
threshold=1507.5000000000002 912.50000000000011 2.5000000000000004 2002.5000000000002 2.5000000000000004 582.50000000000011 1112.5555555000003 1.5000000000000002 1250.5000000000002 29000.000000000004 10111.486730562714 29000.000000000004 2288.2725409247787 656.00000000000011 1713.0000000000002 46500.000000000007 6707.8926036314115 839.75093107265434 127.51298778034113 37000.000000000007 1.5000000000000002 3208.9490436939673 2.5000000000000004 1295.5000000000002 4743.8420004739874 1402.9809040000002 1618.0549938483591 835.37535345040521 1037.5659516112248 15.641077194508151
decision_type=2 2 2 2 2 2 2 2 2 2 2 2 2 2 2 2 2 2 2 2 2 2 2 2 2 2 2 2 2 2
left_child=1 4 8 7 5 17 26 14 19 -8 -7 18 15 -6 16 -13 27 -1 -5 20 -3 -12 23 -11 -10 -24 -4 -2 -15 -29
right_child=3 2 6 11 13 10 9 -9 24 22 21 12 -14 28 -16 -17 -18 -19 -20 -21 -22 -23 25 -25 -26 -27 -28 29 -30 -31
leaf_value=-0.010285041677619679 0.0030026226353488472 0.0061683926002588131 -0.0079663835834343361 0.018258898964394695 -0.023784284283848187 -0.0027459100579300707 -0.008742532789474353 -0.0046955529422987074 -0.0012147305480715248 -0.0017685061437077822 -0.01591485842994492 0.010813318620677349 0.02857688938013532 -0.010810912081173489 0.01044668884754817 0.021456193785334744 0.00055748785437062021 -0.019239641085301559 0.006825894713401795 0.0026472475318623321 -0.0016147773649581394 -0.0051946243620477617 -0.0064215322308785591 0.0081882085015032701 0.0051690207065634985 -0.00011393112204545601 -0.013084162265390588 0.0045841770256748017 -0.016867245760513471 0.0095012414904355053
leaf_weight=83 38 25 91 23 38 203 80 21 31 51 24 27 33 35 205 43 41 27 25 162 332 21 75 21 216 44 61 46 80 149
leaf_count=83 38 25 91 23 38 203 80 21 31 51 24 27 33 35 205 43 41 27 25 162 332 21 75 21 216 44 61 46 80 149
internal_value=6.16213e-12 -0.0038557 -0.00126286 0.0100687 -0.00988876 -0.00676422 -0.00621122 0.00761296 0.00146973 -0.0040748 -0.00422768 0.0182001 0.0209477 -0.0171998 0.00815258 0.0173511 0.00643618 -0.012483 0.0123042 9.04775e-05 -0.00106974 -0.0109121 -0.00211973 0.00113554 0.00436782 -0.00408931 -0.0100202 0.00747063 -0.015024 0.00834132
internal_weight=2351 1700 1189 651 511 358 423 500 766 271 248 151 103 153 479 70 274 110 48 519 357 45 191 72 247 119 152 233 115 195
internal_count=2351 1700 1189 651 511 358 423 500 766 271 248 151 103 153 479 70 274 110 48 519 357 45 191 72 247 119 152 233 115 195
is_linear=0
shrinkage=0.05


Tree=24
num_leaves=31
num_cat=0
split_feature=0 0 0 12 9 10 0 12 11 0 1 0 14 12 13 12 6 0 2 9 23 0 6 29 7 14 0 29 0 6
split_gain=32.9699 8.01219 6.41929 2.37969 2.25459 1.95638 1.73188 1.723 1.5598 1.17136 1.17736 1.12569 1.03092 0.88403 0.873585 0.867881 0.854057 0.74579 0.740434 0.793883 0.679298 0.637504 0.604424 0.517146 0.611073 0.499722 0.474589 1.1165 0.444607 0.458663
threshold=1402.9809040000002 820.17079420000016 1816.8333335000002 2951.6028602505958 1618.0549938483591 2732.4378386220237 2298.7290165000004 2951.6028602505958 341.35912554649826 1082.5000000000002 2.5000000000000004 570.50000000000011 1734.7809644690544 4553.2809655592973 3205.5450346581733 4208.8138379810798 403.78288489795449 450.50000000000006 1.5000000000000002 2368.144259714622 1.5000000000000002 1489.9978715000002 7217.8457596225962 15.772912489480397 4196.7654162045465 3346.1795337056815 1987.4768160000001 15.737682447779092 1150.0779675000001 2884.6102105407158
decision_type=2 2 2 2 2 2 2 2 2 2 2 2 2 2 2 2 2 2 2 2 2 2 2 2 2 2 2 2 2 2
left_child=1 5 7 8 15 17 16 20 -3 12 28 -7 -10 -9 -12 -5 -4 -1 -19 -20 -2 -22 -13 24 -8 26 -18 -28 -11 -30
right_child=2 3 6 4 -6 11 23 13 9 10 14 22 -14 -15 -16 -17 25 18 19 -21 21 -23 -24 -25 -26 -27 27 -29 29 -31
leaf_value=-0.016705709350152084 0.0082859834475525647 -0.007934078477056964 0.0034031166462227705 -0.0074072755334149733 -0.012532573847307099 -0.025459914521447254 0.01902019216047068 -0.0036003999655013497 -0.0073517090999647167 0.00060227284035584963 -0.0049698117366966076 -0.010112059155785988 -0.00077307908961808951 0.0038864310858669976 0.0062655587087978018 -0.0014754630620890162 0.011617846565567098 -0.0058516914184748997 -0.014948799447821721 -0.0037391984607728032 -0.0029782503394892926 0.0056619579791931402 -0.020262270183725794 0.014720706082880498 0.030155728012323382 0.0092262853098173565 0.027139900963414801 0.013235453824468314 0.0074610674391337442 0.0023292216780312551
leaf_weight=26 262 70 25 92 90 28 28 69 74 77 81 44 305 92 22 187 53 161 56 22 27 102 22 22 22 52 22 42 97 79
leaf_count=26 262 70 25 92 90 28 28 69 74 77 81 44 305 92 22 187 53 161 56 22 27 102 22 22 22 52 22 42 97 79
internal_value=-4.49463e-12 -0.00432522 0.00810582 -0.00232634 -0.00565125 -0.010862 0.0144865 0.00503108 -0.000802244 -0.000123022 0.0019365 -0.0170593 -0.00205756 0.000677789 -0.00257002 -0.00343147 0.0120286 -0.00866364 -0.00778878 -0.0117871 0.00682362 0.00385354 -0.0134955 0.021109 0.0239198 0.0133046 0.0151172 0.0180151 0.00377117 0.00515757
internal_weight=2351 1533 818 1174 369 359 266 552 805 735 356 94 379 161 103 279 194 265 239 78 391 129 66 72 50 169 117 64 253 176
internal_count=2351 1533 818 1174 369 359 266 552 805 735 356 94 379 161 103 279 194 265 239 78 391 129 66 72 50 169 117 64 253 176
is_linear=0
shrinkage=0.05


Tree=25
num_leaves=31
num_cat=0
split_feature=0 0 31 0 31 0 0 34 35 0 27 13 27 0 0 27 9 9 27 2 1 0 10 8 0 27 35 0 35 13
split_gain=29.8385 8.92656 5.47445 4.0324 3.97196 1.75783 1.16891 1.13183 1.12218 1.06632 0.81014 0.984678 0.77317 0.741211 0.7116 0.655799 0.573796 0.542197 0.534665 0.519974 0.453262 0.518147 0.448095 0.424241 0.369885 0.357803 0.337798 0.315144 0.268425 0.242348
threshold=1523.0000000000002 912.50000000000011 2.5000000000000004 2002.5000000000002 2.5000000000000004 600.05455535000021 1112.5555555000003 1.0000000180025095e-35 54.500000000000007 1250.5000000000002 29000.000000000004 2288.2725409247787 29000.000000000004 799.90064580000012 1776.0000000000002 46500.000000000007 839.75093107265434 127.51298778034113 37000.000000000007 1.5000000000000002 2.5000000000000004 1295.5000000000002 2121.2764442867087 4743.8420004739874 1816.8333335000002 29000.000000000004 45.500000000000007 1402.9809040000002 41.500000000000007 3337.3039170752204
decision_type=2 2 2 2 2 2 2 2 2 2 2 2 2 2 2 2 2 2 2 2 2 2 2 2 2 2 2 2 2 2
left_child=1 4 9 7 5 16 26 14 -7 18 17 15 -8 25 22 -12 -1 -5 19 -3 21 -14 -2 -11 -9 -6 -4 28 -22 -20
right_child=3 2 6 10 13 8 12 24 -10 23 11 -13 20 -15 -16 -17 -18 -19 29 -21 27 -23 -24 -25 -26 -27 -28 -29 -30 -31
leaf_value=-0.0090558887152308292 0.0039088079568630621 0.0059707231475040323 -0.010144258796800535 0.016593500064766925 -0.024071147393745683 -0.0025457722544077349 -0.0077459418376703273 0.0075745496039966598 -0.014920787117443979 -0.0012956405372471747 0.0094541159165264285 0.026038374587413718 -0.0015314662798225662 -0.011958387167468457 0.0078894973548432421 0.019396449140338012 -0.017132320479843127 0.0059561100187711415 0.0016154079307388099 -0.0015067652906794369 -0.0082548620168947512 0.0078003922366492815 -0.0038841875234188945 0.004766601540208997 0.011406484108280254 -0.016812105729758484 -0.0035667522850891817 -0.00051981735030292642 -0.0021490280376747252 0.0068045866572194642
leaf_weight=91 35 25 129 23 24 218 82 283 20 33 27 33 51 71 43 43 29 25 135 332 45 21 39 230 81 58 23 45 30 27
leaf_count=91 35 25 129 23 24 218 82 283 20 33 27 33 51 71 43 43 29 25 135 332 45 21 39 230 81 58 23 45 30 27
internal_value=-2.64113e-12 -0.00341549 -0.00107206 0.00928991 -0.00895533 -0.00607351 -0.00563249 0.00705217 -0.00358569 0.00141226 0.0164181 0.0189182 -0.00368173 -0.0156984 0.00277413 0.0155615 -0.0110077 0.0110532 9.79305e-05 -0.000983132 -0.00194598 0.00119033 -0.000198311 0.00400594 0.00842726 -0.0189367 -0.00914898 -0.00382776 -0.00581253 0.00248027
internal_weight=2351 1719 1208 632 511 358 426 481 238 782 151 103 274 153 117 70 120 48 519 357 192 72 74 263 364 82 152 120 75 162
internal_count=2351 1719 1208 632 511 358 426 481 238 782 151 103 274 153 117 70 120 48 519 357 192 72 74 263 364 82 152 120 75 162
is_linear=0
shrinkage=0.05


Tree=26
num_leaves=31
num_cat=0
split_feature=0 0 0 12 9 11 14 0 12 13 0 9 12 6 12 12 0 14 0 1 7 6 6 0 29 0 0 27 11 0
split_gain=26.9292 8.07912 3.63924 2.16689 1.73866 1.64655 1.95383 1.50251 1.19428 1.18709 1.08321 0.951199 0.947937 0.833594 0.829809 0.809643 0.914538 0.571018 0.563972 0.758133 0.559829 0.450683 0.424368 0.401676 0.393479 0.379318 0.369041 0.366488 0.360721 0.357745
threshold=1523.0000000000002 924.8513870500002 2002.5000000000002 2188.7437154096829 1618.0549938483591 5543.1697981631614 1734.7809644690544 517.00000000000011 1779.7937567987008 1076.2250343069252 561.00000000000011 1543.1679208463272 2188.7437154096829 3609.7209893391178 4622.2435939390662 2119.0331493252602 2644.4444445000004 2400.6513633733298 1077.5000000000002 2.5000000000000004 2953.9437108896104 3265.6218591754487 3208.9490436939673 1457.5000000000002 15.747531577263588 1064.1964130000003 1657.5000000000002 43500.000000000007 761.93024196985152 656.00000000000011
decision_type=2 2 2 2 2 2 2 2 2 2 2 2 2 2 2 2 2 2 2 2 2 2 2 2 2 2 2 2 2 2
left_child=1 5 12 8 14 6 9 -8 11 22 -11 18 28 -14 -5 16 17 -4 -3 -20 -9 23 -1 -21 -17 -13 -15 -10 -2 -22
right_child=2 3 15 4 -6 -7 7 20 27 10 -12 25 13 26 -16 24 -18 -19 19 21 29 -23 -24 -25 -26 -27 -28 -29 -30 -31
leaf_value=-0.012703379573157201 0.0045696354977345826 -0.0014864659221303902 0.020322095995975866 -0.0043332969091380126 -0.010204240757351121 -0.017591725010424854 -0.014814836772925714 -0.0093422647895971059 0.002855219679543435 -0.024339621188119054 -0.012228299726048136 -0.010353687792528599 -0.004891141492407769 0.0020788740193095514 0.00058389278410686529 0.01403568488834747 0.027163049862296746 0.011831024873853577 0.0037303138557963039 -0.0072516533808830459 -0.0065340277583648756 0.0036315440630110413 -0.0051929641352377503 0.001325466882969652 0.0049194584367796782 -0.002974393518525176 0.007464030045796083 0.0079892855278163588 0.008977727824521364 -0.001667260202950562
leaf_weight=26 56 181 36 197 84 44 34 37 101 24 80 21 25 57 152 29 22 44 204 39 48 26 68 21 20 102 72 53 271 177
leaf_count=26 56 181 36 197 84 44 34 37 101 24 80 21 25 57 152 29 22 44 204 39 48 26 68 21 20 102 72 53 271 177
internal_value=-5.21046e-12 -0.00324471 0.00882542 -0.000931157 -0.00374611 -0.00832336 -0.00749784 -0.00492604 0.000698353 -0.0113425 -0.0150232 -0.000318925 0.00669957 0.00346511 -0.00219171 0.0155972 0.0181348 0.015652 0.000703554 0.00207043 -0.00364276 -0.00186697 -0.00727031 -0.00424966 0.0103148 -0.00423427 0.00508454 0.00462214 0.00822283 -0.0027055
internal_weight=2351 1719 632 1181 433 538 494 296 748 198 104 594 481 154 349 151 102 80 471 290 262 86 94 60 49 123 129 154 327 225
internal_count=2351 1719 632 1181 433 538 494 296 748 198 104 594 481 154 349 151 102 80 471 290 262 86 94 60 49 123 129 154 327 225
is_linear=0
shrinkage=0.05


Tree=27
num_leaves=31
num_cat=0
split_feature=1 31 31 27 2 1 27 12 23 4 12 1 27 11 12 9 29 9 12 9 29 2 11 7 7 29 11 4 29 8
split_gain=9.72367 5.87093 5.03705 2.32574 1.60797 1.59167 1.46731 0.991902 1.00995 0.923775 0.882629 0.872825 0.893334 0.833201 0.483525 0.473571 0.446016 0.399101 0.396766 0.375908 0.368022 0.355994 0.351835 0.323998 0.358446 0.290452 0.242299 0.218674 0.194293 0.191192
threshold=2.5000000000000004 2.5000000000000004 2.5000000000000004 51500.000000000007 3.5000000000000004 1.5000000000000002 33000.000000000007 1896.8945265975353 1.5000000000000002 1.5000000000000002 2430.631693941395 1.5000000000000002 21500.000000000004 714.58419441393448 1810.6863190000811 2368.144259714622 15.747531577263588 1427.5732307498567 792.84688806595784 1748.888123548825 15.782780969002394 2.5000000000000004 6325.0661169936293 3962.713321692006 2936.4489228678599 15.269936248215327 1426.1821576047453 2.5000000000000004 15.499187421478508 8434.1068477922436
decision_type=2 2 2 2 2 2 2 2 2 2 2 2 2 2 2 2 2 2 2 2 2 2 2 2 2 2 2 2 2 2
left_child=1 5 4 7 10 15 11 8 16 13 18 -3 -13 -7 27 26 -4 -8 21 23 -10 -2 -12 24 -9 -15 -1 -11 -27 -20
right_child=2 6 3 -5 -6 9 17 19 20 14 22 12 -14 25 -16 -17 -18 -19 29 -21 -22 -23 -24 -25 -26 28 -28 -29 -30 -31
leaf_value=-0.0095018489183584121 0.0028763259876013539 -0.016906581058068887 0.011587202835463635 0.01414109405875206 0.016639094809825356 -0.0030253066475779637 0.0026922644880229469 -0.003179636594904878 -0.0034013211513292453 -0.0043286884647386614 0.001620305370973096 -0.01816304787669493 -0.0078218677357589986 0.0040727919697405232 -0.0078972457442432649 -0.00023400041633673632 0.0028879979352762061 -0.0047084698424441742 0.0093666959555509192 -0.0089191923037703555 0.0021584429682909765 0.0091768510339240873 0.0070302865635126074 -0.0059904073116679992 0.0039855494290047012 -0.0032190593077261426 -0.0047861748715747072 0.0003839673685433809 0.0016280915041022416 0.0068160444950788384
leaf_weight=34 81 38 23 25 37 96 27 64 92 40 131 23 227 132 40 51 41 56 150 35 44 31 39 60 24 22 137 64 343 144
leaf_count=34 81 38 23 25 37 96 27 64 92 40 131 23 227 132 40 51 41 56 150 35 44 31 39 60 24 22 137 64 343 144
internal_value=-6.90582e-12 -0.00281738 0.00367005 -0.000634679 0.00653518 -0.000751169 -0.00815835 -0.00159915 0.000834818 0.0003668 0.00588615 -0.0098464 -0.00877326 0.00123911 -0.00322544 -0.00446263 0.00601427 -0.002301 0.00715266 -0.00425923 -0.00160257 0.00462022 0.00286142 -0.00315722 -0.00122549 0.00206283 -0.00572379 -0.00142859 0.00133593 0.0081174
internal_weight=2351 1330 1021 408 613 959 371 383 200 737 576 288 250 593 144 222 64 83 406 183 136 112 170 148 88 497 171 104 365 294
internal_count=2351 1330 1021 408 613 959 371 383 200 737 576 288 250 593 144 222 64 83 406 183 136 112 170 148 88 497 171 104 365 294
is_linear=0
shrinkage=0.05


Tree=28
num_leaves=31
num_cat=0
split_feature=31 2 2 3 27 2 27 2 4 4 35 11 2 27 35 6 5 33 13 33 9 9 7 35 27 35 7 35 33 4
split_gain=7.48212 4.60447 3.97067 3.36204 2.09898 1.71308 1.32425 1.06471 0.934271 0.917586 0.902203 0.790963 0.787725 0.806234 0.777233 0.736645 0.701405 0.614538 0.525737 0.487474 0.44867 0.417128 0.356563 0.321294 0.295055 0.288116 0.284882 0.276177 0.251029 0.213117
threshold=2.5000000000000004 2.5000000000000004 2.5000000000000004 0.87500000000000011 51500.000000000007 1.5000000000000002 33000.000000000007 3.5000000000000004 1.5000000000000002 1.5000000000000002 26.500000000000004 714.58419441393448 1.5000000000000002 21500.000000000004 55.500000000000007 3353.8657992415601 1.0000000180025095e-35 1.5000000000000002 1962.3004318109699 1.5000000000000002 2368.144259714622 1543.1679208463272 2974.6248377502261 19.500000000000004 31000.000000000004 6.5000000000000009 3552.018667931924 1.5000000000000002 1.5000000000000002 2.5000000000000004
decision_type=2 2 2 2 2 2 2 2 2 2 2 2 2 2 2 2 2 2 2 2 2 2 2 2 2 2 2 2 2 2
left_child=1 3 6 8 10 25 12 14 20 11 17 -7 -2 -14 15 -3 21 -4 -11 -8 22 26 -1 -17 -19 -5 -12 -13 -23 -20
right_child=2 7 4 5 -6 9 19 -9 -10 18 16 27 13 -15 -16 23 -18 24 29 -21 -22 28 -24 -25 -26 -27 -28 -29 -30 -31
leaf_value=-0.0013490112986238232 -0.016061252137450011 0.0079595747957195064 -0.0076272677335463756 -0.0031095042393038362 0.013434039399027826 -0.0033146235370573995 -0.0052212181238585394 0.015807140103818194 -0.0016336525512787585 -0.009487002932777008 0.0039632282048767927 0.0045218834308970316 -0.017254895534690309 -0.0074307743108642625 0.016100919488817454 0.0055968775937799368 0.0052316082849366858 -0.0040452881661408096 -0.004802667741896585 0.0026515036395721838 0.010839791699416108 -0.0055332791555503559 0.0054019723510167466 -0.0010198426551014988 0.0029557976384509219 -0.0073030755458105556 -0.0022234527064332117 0.0012215214863255941 -0.00071130748080388412 -0.00012150691191275273
leaf_weight=21 38 138 79 72 25 93 51 37 52 30 49 74 23 227 20 32 56 34 40 32 36 55 285 43 27 95 30 442 53 62
leaf_count=21 38 138 79 72 25 93 51 37 52 30 49 74 23 227 20 32 56 34 40 32 36 55 285 43 27 95 30 442 53 62
internal_value=6.79626e-13 0.00198563 -0.00400695 0.000753349 -0.000602945 -0.000920325 -0.00775043 0.00792797 0.00461045 0.00011069 -0.0015192 0.000929839 -0.00935408 -0.00833459 0.00667677 0.00579187 0.000322778 -0.00471634 -0.00366856 -0.00218595 0.00555984 -0.00114725 0.00493867 0.00180329 -0.000946447 -0.00549507 0.00161386 0.00169483 -0.00316694 -0.00195726
internal_weight=2351 1572 779 1302 408 908 371 270 394 741 383 609 288 250 233 213 243 140 132 83 342 187 306 75 61 167 79 516 108 102
internal_count=2351 1572 779 1302 408 908 371 270 394 741 383 609 288 250 233 213 243 140 132 83 342 187 306 75 61 167 79 516 108 102
is_linear=0
shrinkage=0.05


Tree=29
num_leaves=31
num_cat=0
split_feature=0 31 0 0 0 31 0 0 35 14 0 2 27 35 0 29 25 0 0 2 27 14 11 2 27 14 0 0 13 4
split_gain=21.5923 5.48579 4.36874 3.52974 2.80934 1.62676 1.25817 1.03389 1.01427 0.683156 0.647928 0.592735 0.532723 0.526839 0.523301 0.462326 0.456749 0.451706 0.447105 0.44482 0.413765 0.399504 0.396819 0.359217 0.331894 0.325947 0.325049 0.323784 0.291869 0.449129
threshold=1402.9809040000002 2.5000000000000004 1816.8333335000002 636.41891890000011 957.39322455000013 1.5000000000000002 2400.5000000000005 957.39322455000013 57.000000000000007 3346.1795337056815 656.00000000000011 1.5000000000000002 41000.000000000007 26.500000000000004 1303.0000000000002 15.581953943131664 1.0000000180025095e-35 477.50000000000006 1064.1964130000003 2.5000000000000004 29000.000000000004 2400.6513633733298 1037.5659516112248 1.5000000000000002 31000.000000000004 1424.3510459491083 1150.0779675000001 1987.4768160000001 1555.0953866026073 1.5000000000000002
decision_type=2 2 2 2 2 2 2 2 2 2 2 2 2 2 2 2 2 2 2 2 2 2 2 2 2 2 2 2 2 2
left_child=1 3 5 11 10 -2 9 8 -5 15 -3 17 23 14 -6 -4 -8 -1 -15 26 -7 -14 -17 -9 -12 -24 -20 -11 -25 -30
right_child=2 4 6 7 13 20 16 12 -10 27 24 -13 21 18 -16 22 -18 -19 19 -21 -22 -23 25 28 -26 -27 -28 -29 29 -31
leaf_value=-0.011686570285819473 0.0059113197266552932 -0.018690676565625168 0.017725101219756262 -0.0017658612329443935 -0.0087278372887139698 -0.0033119043256392925 0.021514623942187575 0.006766333035193384 -0.012668698142363649 0.009023937955498695 -0.012703842458736776 -0.016204931084876476 0.0015770324547096 -0.0080061910301446916 -0.00062861415790393949 0.016899356509093195 0.012461855745112355 -0.005091728766018531 -0.00314870063365171 -0.0045610583708730707 0.0017950766241227947 0.0074297674684500221 0.0038230224168563096 -0.0022220859976194835 -0.0069419749405686603 0.010824651472434841 0.0039123723722532767 0.0020965395375124869 0.0016787146038841458 -0.0029042307917894936
leaf_weight=40 372 38 28 294 118 59 38 20 23 37 103 23 72 40 24 20 22 74 28 80 121 49 22 117 33 68 39 31 250 68
leaf_count=40 372 38 28 294 118 59 38 20 23 37 103 23 72 40 24 20 22 74 28 80 121 49 22 117 33 68 39 31 250 68
internal_value=2.58186e-11 -0.00350025 0.00655976 -0.00141007 -0.00778034 0.00402321 0.0118236 -0.000263611 -0.00255692 0.00996772 -0.0129185 -0.00888295 0.000998504 -0.00506287 -0.00735895 0.0119889 0.0181953 -0.00740571 -0.00331932 -0.00204398 0.000121122 0.00394715 0.0105288 0.000214359 -0.0113057 0.00911314 0.000961476 0.00586586 -8.68807e-05 0.000698714
internal_weight=2351 1533 818 1030 503 552 266 893 317 206 174 137 576 329 142 138 60 114 187 147 180 121 110 455 136 90 67 68 435 318
internal_count=2351 1533 818 1030 503 552 266 893 317 206 174 137 576 329 142 138 60 114 187 147 180 121 110 455 136 90 67 68 435 318
is_linear=0
shrinkage=0.05


Tree=30
num_leaves=31
num_cat=0
split_feature=0 0 31 0 31 0 35 0 25 27 12 0 1 0 0 15 31 13 9 2 7 0 0 0 13 35 29 5 35 10
split_gain=19.5184 5.82663 3.43629 2.78882 2.64759 1.22194 1.03028 0.758266 0.708328 0.673647 0.669285 0.74252 0.580434 0.545747 0.514549 0.456756 0.434966 0.43091 0.414204 0.402496 0.371436 0.380024 0.353927 0.318639 0.298601 0.298249 0.29226 0.26779 0.448306 0.265735
threshold=1523.0000000000002 924.8513870500002 2.5000000000000004 2002.5000000000002 2.5000000000000004 570.50000000000011 57.000000000000007 1112.5555555000003 1.5000000000000002 37000.000000000007 2119.0331493252602 2644.4444445000004 2.5000000000000004 656.00000000000011 1332.0820145 1.0000000180025095e-35 2.5000000000000004 2464.4808458285484 839.75093107265434 1.5000000000000002 3927.7807379488609 1348.0000000000002 1273.5000000000002 1733.7388950000002 3337.3039170752204 47.500000000000007 15.747531577263588 1.0000000180025095e-35 45.500000000000007 1839.66842254472
decision_type=2 2 2 2 2 2 2 2 2 2 2 2 2 2 2 2 2 2 2 2 2 2 2 2 2 2 2 2 2 2
left_child=1 4 9 8 5 18 -7 27 15 14 11 17 22 -6 19 23 -12 25 -1 -3 -14 -22 -9 29 -11 -5 -17 28 -4 -2
right_child=3 2 7 10 13 6 -8 12 -10 24 16 -13 20 -15 -16 26 -18 -19 -20 -21 21 -23 -24 -25 -26 -27 -28 -29 -30 -31
leaf_value=-0.0076332363039980852 0.0071175326340658183 0.0056441514085842455 -0.009622490581686554 0.020449099311372267 -0.017756143016250513 -0.0022078707740519122 -0.013483439589088615 -0.0018766489043276038 -0.0033275770791251925 0.0024509916145862877 0.01289112236592229 0.023883714270778001 -0.0031503866273190151 -0.010873578831958467 0.0033217975933492426 -0.0024913458124501634 0.003419980131597682 0.0090172693395288665 -0.014932243683590338 -0.0010317503859684127 -0.0135506059974432 -0.0045265461846221502 0.0045980578113812955 0.0082281392312684477 0.0067062309226737574 0.012566506924728552 0.0055855737023410351 -0.0026913985580904413 -0.0014355402719229461 0.0038092567239422352
leaf_weight=77 118 24 102 24 38 256 22 62 21 199 27 22 132 119 103 24 22 32 26 381 20 28 32 172 52 24 21 26 20 125
leaf_count=77 118 24 102 24 38 256 22 62 21 199 27 22 132 119 103 24 22 32 26 381 20 28 32 172 52 24 21 26 20 125
internal_value=9.72494e-12 -0.0027624 -0.000797648 0.00751354 -0.00707535 -0.00482375 -0.00310018 -0.0044147 0.00565258 0.00121341 0.0134415 0.0157487 -0.00285701 -0.0125394 0.000166354 0.00606254 0.00863877 0.0135116 -0.0094757 -0.000636141 -0.00452004 -0.00828657 0.000327507 0.00658136 0.00333256 0.0165078 0.00127788 -0.00729852 -0.00828037 0.00541574
internal_weight=2351 1719 1181 632 538 381 278 422 481 759 151 102 274 157 508 460 49 80 103 405 180 48 94 415 251 48 45 148 122 243
internal_count=2351 1719 1181 632 538 381 278 422 481 759 151 102 274 157 508 460 49 80 103 405 180 48 94 415 251 48 45 148 122 243
is_linear=0
shrinkage=0.05


Tree=31
num_leaves=31
num_cat=0
split_feature=1 31 31 27 1 27 2 35 12 23 12 27 1 33 29 12 9 23 27 9 29 2 11 29 7 25 33 33 19 19
split_gain=6.20525 3.87647 3.41888 1.68414 1.10937 1.08287 1.05966 0.740755 0.714824 0.714178 0.65019 0.602803 0.607984 0.41258 0.356169 0.355938 0.324691 0.310833 0.381309 0.307298 0.281292 0.280817 0.254461 0.254235 0.253494 0.324104 0.218371 0.207874 0.204897 0.204849
threshold=2.5000000000000004 2.5000000000000004 2.5000000000000004 51500.000000000007 1.5000000000000002 33000.000000000007 3.5000000000000004 6.5000000000000009 1896.8945265975353 1.5000000000000002 2430.631693941395 24500.000000000004 1.5000000000000002 1.5000000000000002 15.747531577263588 792.84688806595784 1748.888123548825 1.5000000000000002 43500.000000000007 1323.9372228394998 15.782780969002394 2.5000000000000004 6325.0661169936293 15.304382388416327 3962.713321692006 1.0000000180025095e-35 1.5000000000000002 1.5000000000000002 1.0000000180025095e-35 1.0000000180025095e-35
decision_type=2 2 2 2 2 2 2 2 2 2 2 2 2 2 2 2 2 2 2 2 2 2 2 2 2 2 2 2 2 2
left_child=1 4 6 8 19 11 10 -6 9 14 15 -3 -13 -7 -4 21 24 18 29 23 -11 -2 -12 -1 25 -10 -26 -27 -25 -9
right_child=2 5 3 -5 7 13 -8 17 16 20 22 12 -14 -15 -16 -17 -18 -19 -20 -21 -22 -23 -24 28 26 27 -28 -29 -30 -31
leaf_value=-0.0021709999535232784 0.0019049688604556852 -0.015152900810008524 0.0099664069702038952 0.011958872362971306 0.0030704661128804723 -0.0043511421568623258 0.013494561506888351 -0.001566178753659408 0.0031538638045951247 -0.0029913921520979469 0.0011138404053031602 -0.013437221358929361 -0.006355351822263257 0.0028916037197632251 0.0021926234169613299 0.0067661837957227067 -0.0080244772967749418 -0.003446608728845604 0.0026128694401392656 -0.0012158682148754136 0.0018692937647839161 0.0075008392048579071 0.0057146826567940224 -0.0095065647811704394 -0.0084001334263510748 -0.0060630308495213591 -0.002353844314347953 -1.5678240365728184e-05 -0.0046942979584524772 0.0010721291024488964
leaf_weight=49 81 27 23 25 188 51 37 264 31 92 131 35 226 32 41 294 35 80 103 81 44 31 39 37 28 30 32 27 55 102
leaf_count=49 81 27 23 25 188 51 37 264 31 92 131 35 226 32 41 294 35 80 103 81 44 31 39 37 28 30 32 27 55 102
internal_value=8.47878e-12 -0.00225066 0.00293181 -0.000614682 -0.000571703 -0.00659061 0.00529229 0.000361642 -0.00143541 0.000630829 0.0047654 -0.00804077 -0.00730503 -0.00155876 0.00498633 0.00585243 -0.0036936 -0.000565969 -7.46023e-05 -0.00367024 -0.00141882 0.00345383 0.00216933 -0.0050802 -0.0026694 -0.000960733 -0.00517545 -0.0031985 -0.00662967 -0.000830913
internal_weight=2351 1330 1021 408 959 371 613 737 383 200 576 288 261 83 64 406 183 549 469 222 136 112 170 141 148 88 60 57 92 366
internal_count=2351 1330 1021 408 959 371 613 737 383 200 576 288 261 83 64 406 183 549 469 222 136 112 170 141 148 88 60 57 92 366
is_linear=0
shrinkage=0.05


Tree=32
num_leaves=31
num_cat=0
split_feature=1 31 31 27 1 27 1 11 12 35 12 23 27 1 4 26 33 23 12 6 14 35 9 6 7 3 33 5 35 4
split_gain=5.60024 3.49852 3.08554 1.51993 1.00121 0.977289 0.888821 0.849839 0.675684 0.668531 0.645128 0.644546 0.54403 0.548705 0.38272 0.440302 0.372354 0.367547 0.312881 0.307767 0.3052 0.300792 0.293034 0.303112 0.396503 0.279649 0.258232 0.256211 0.232951 0.229561
threshold=2.5000000000000004 2.5000000000000004 2.5000000000000004 51500.000000000007 1.5000000000000002 33000.000000000007 3.5000000000000004 2005.6837571219992 2430.631693941395 6.5000000000000009 1896.8945265975353 1.5000000000000002 24500.000000000004 1.5000000000000002 1.5000000000000002 1.0000000180025095e-35 1.5000000000000002 1.5000000000000002 792.84688806595784 2752.8846916295956 7013.6829578056686 61.500000000000007 1748.888123548825 6901.1007683112284 2936.4489228678599 0.87500000000000011 1.5000000000000002 1.0000000180025095e-35 19.500000000000004 2.5000000000000004
decision_type=2 2 2 2 2 2 2 2 2 2 2 2 2 2 2 2 2 2 2 2 2 2 2 2 2 2 2 2 2 2
left_child=1 4 6 10 19 12 8 -8 18 -6 11 21 -3 -14 17 -16 -7 20 25 -1 -11 -4 23 -12 26 -2 -25 -13 -10 -17
right_child=2 5 3 -5 9 16 7 -9 28 14 22 27 13 -15 15 29 -18 -19 -20 -21 -22 -23 -24 24 -26 -27 -28 -29 -30 -31
leaf_value=-0.0013539107834124784 0.001809720480207348 -0.014395255816203576 0.0093135951633524627 0.011360928643494845 0.0029169428323237954 -0.0041335850387957751 0.0055922602500336682 0.019115820244908155 0.0040901494587757695 0.0014563673886987089 -0.0048923722855069574 -0.0024279857413211001 -0.012765360357505934 -0.0060375842699476887 -0.0089712956221774231 -0.0044031913604771411 0.0027470235560031146 -0.003254312789067626 0.0064713443713003069 -0.0051117340132819551 -0.0028769175908429194 0.0021696581908433542 -0.0076232534120624354 -0.0057598791814719641 0.0053099632072685799 0.0073939370990340272 0.0011207182360813022 0.0030125644745701858 0.00028016230184584859 0.000226027405702732
leaf_weight=96 81 27 23 25 188 51 26 21 67 300 71 109 35 226 24 43 32 64 287 126 47 41 35 30 22 31 25 27 100 71
leaf_count=96 81 27 23 25 188 51 26 21 67 300 71 109 35 226 24 43 32 64 287 126 47 41 35 30 22 31 25 27 100 71
internal_value=4.96056e-12 -0.00213813 0.00278522 -0.000583948 -0.000543118 -0.00626108 0.00502767 0.0116347 0.00447903 0.00034356 -0.00136364 0.000599287 -0.00763873 -0.00693978 -0.000537671 -0.00281594 -0.00148082 0.000227297 0.00559668 -0.00348673 0.000869438 0.00473701 -0.00350892 -0.00253593 -0.000363107 0.00335535 -0.00263233 -0.00134788 0.00180872 -0.00152008
internal_weight=2351 1330 1021 408 959 371 613 47 566 737 383 200 288 261 549 138 83 411 399 222 347 64 183 148 77 112 55 136 167 114
internal_count=2351 1330 1021 408 959 371 613 47 566 737 383 200 288 261 549 138 83 411 399 222 347 64 183 148 77 112 55 136 167 114
is_linear=0
shrinkage=0.05


Tree=33
num_leaves=31
num_cat=0
split_feature=0 0 31 0 31 0 35 10 27 0 0 34 31 1 35 9 0 1 14 0 10 0 10 0 2 8 35 8 1 1
split_gain=15.7563 4.71491 2.45407 2.32135 2.17912 1.03958 0.825192 0.616283 0.586953 0.525018 0.512653 0.501253 0.497602 0.476809 0.467344 0.467271 0.456574 0.481615 0.442804 0.440748 0.411417 0.396636 0.394006 0.370108 0.35854 0.267491 0.260835 0.23791 0.232916 0.232189
threshold=1523.0000000000002 927.50000000000011 2.5000000000000004 2002.5000000000002 2.5000000000000004 561.00000000000011 57.000000000000007 725.76980249032863 37000.000000000007 2400.5000000000005 1303.0000000000002 1.0000000180025095e-35 2.5000000000000004 2.5000000000000004 35.500000000000007 839.75093107265434 570.50000000000011 1.5000000000000002 1395.4939663314938 1332.0820145 2732.4378386220237 800.09699320000016 1392.8371534077144 1150.0779675000001 1.5000000000000002 8434.1068477922436 35.500000000000007 7195.9128313317142 2.5000000000000004 2.5000000000000004
decision_type=2 2 2 2 2 2 2 2 2 2 2 2 2 2 2 2 2 2 2 2 2 2 2 2 2 2 2 2 2 2
left_child=1 4 8 11 5 15 -7 -4 19 12 14 18 22 -12 29 -1 -6 -18 -2 24 -11 -19 -5 -16 -3 27 -20 -10 -25 -9
right_child=3 2 7 9 16 6 -8 10 25 20 13 -13 -14 -15 23 -17 17 21 26 -21 -22 -23 -24 28 -26 -27 -28 -29 -30 -31
leaf_value=-0.0067789804630188485 -0.0019820062307322902 0.0052271054748416652 0.0045972972576107298 0.0095514052433938526 -0.017395406287163497 -0.0020337940656485016 -0.011896820354234915 -0.0060063249478116629 0.0027324418357317845 0.018717650198377671 0.0043781925297270603 0.0059679841813704117 0.0044928641368945444 -0.0031441679973205601 -0.0053691505397469039 -0.014834959867099921 -0.0037738852724432947 -0.015214181495397244 0.0089117017858054339 0.0029697431992847943 0.0099346742406487484 -0.009078841069704675 0.018111516423523429 0.0040739907061585904 -0.0010762126998513928 0.00093675018730944896 0.002535557423450299 0.0067793993558734654 -0.0031221625212903906 -0.01030292118245617
leaf_weight=72 41 24 21 41 25 272 23 95 92 40 26 364 30 111 73 24 25 43 23 103 20 68 20 22 376 94 53 60 23 47
leaf_count=72 41 24 21 41 25 272 23 95 92 40 26 364 30 111 73 24 25 43 23 103 20 68 20 22 376 94 53 60 23 47
internal_value=-9.23808e-13 -0.00248194 -0.000680988 0.00675073 -0.0062894 -0.00427352 -0.00280278 -0.00375023 0.00103188 0.0121591 -0.00419178 0.00505288 0.0097651 -0.00171657 -0.00549603 -0.00879298 -0.0111851 -0.0100435 0.00220591 5.3038e-05 0.01579 -0.0114556 0.012358 -0.00317059 -0.000698014 0.00303335 0.00446518 0.00432993 0.000395957 -0.00742844
internal_weight=2351 1719 1167 632 552 391 295 418 749 151 397 481 91 137 260 96 161 136 117 503 60 111 61 118 400 246 76 152 45 142
internal_count=2351 1719 1167 632 552 391 295 418 749 151 397 481 91 137 260 96 161 136 117 503 60 111 61 118 400 246 76 152 45 142
is_linear=0
shrinkage=0.05


Tree=34
num_leaves=31
num_cat=0
split_feature=0 0 0 34 23 0 12 2 0 14 1 0 14 27 13 6 29 6 8 10 14 11 23 0 0 1 10 0 14 0
split_gain=14.2276 3.54719 3.02872 2.1504 1.22524 0.868181 0.685723 0.666441 0.958372 0.712942 0.661416 1.364 0.558837 0.518147 0.478144 0.447682 0.407164 0.39301 0.39029 0.371304 0.369008 0.352138 0.305189 0.374009 0.304251 0.429429 0.302796 0.298036 0.283243 0.250813
threshold=1402.9809040000002 800.09699320000016 1816.8333335000002 1.0000000180025095e-35 1.0000000180025095e-35 2400.5000000000005 2951.6028602505958 1.5000000000000002 477.50000000000006 2765.7942533029177 2.5000000000000004 1141.0000000000002 3346.1795337056815 21500.000000000004 3205.5450346581733 2884.6102105407158 15.581953943131664 3609.7209893391178 9482.2885957657036 2732.4378386220237 1322.8141680714064 1037.5659516112248 1.5000000000000002 1604.5000000000002 1112.5555555000003 2.5000000000000004 2012.607282319846 1987.4768160000001 7185.5732734949152 1112.5555555000003
decision_type=2 2 2 2 2 2 2 2 2 2 2 2 2 2 2 2 2 2 2 2 2 2 2 2 2 2 2 2 2 2
left_child=1 4 6 13 28 12 22 8 20 -9 11 18 16 -3 -12 -13 -4 -8 26 -7 -6 -18 -2 -24 -15 -26 -5 -14 -1 -16
right_child=2 3 5 10 7 19 17 9 -10 -11 14 15 27 24 29 -17 21 -19 -20 -21 -22 -23 23 -25 25 -27 -28 -29 -30 -31
leaf_value=-0.011189617764757714 0.0053238368144824053 -0.012852894896641374 0.015377163986808488 0.0014556692408320183 -0.0063065020633595332 0.01778176762687508 -0.0046956948610022663 -0.013175189951961897 -0.0024603631868414695 -0.0037238451915982298 -0.0049909719336266121 0.0060250554338791501 0.0074859878702743634 -0.0061547610071028365 -0.0026435984130948782 0.001584741208534979 0.014624998780200259 0.0016486760418158283 -0.0033959395020193533 0.0094379407772794376 -0.015679821403076253 0.0072902287659396998 0.00021102937790152583 0.0057369822738692171 0.00014646963195446007 -0.0052363027977249165 -0.0015324082963930918 0.00083972862170588597 -0.01825285486014433 0.0044389546327292919
leaf_weight=40 262 20 28 150 21 40 30 53 152 32 111 102 37 148 25 128 20 131 136 20 21 90 79 50 64 88 195 31 22 25
leaf_count=40 262 20 28 150 21 40 30 53 152 32 111 102 37 148 25 128 20 131 136 20 21 90 79 50 64 88 195 31 22 25
internal_value=4.96822e-12 -0.00284129 0.00532481 -0.00155488 -0.00733808 0.00970761 0.00321281 -0.00592522 -0.00430767 -0.00961704 -0.000268381 0.000386899 0.00816599 -0.00506057 -0.0031622 0.00355392 0.00999407 0.000466495 -0.00112748 0.0150005 -0.0109932 0.00862382 0.00434365 0.00235287 -0.00454108 -0.00296987 -0.000233244 0.00445608 -0.0136959 0.000897678
internal_weight=2351 1533 818 1192 341 266 552 279 194 85 872 711 206 320 161 230 138 161 481 60 42 110 391 129 300 152 345 68 62 50
internal_count=2351 1533 818 1192 341 266 552 279 194 85 872 711 206 320 161 230 138 161 481 60 42 110 391 129 300 152 345 68 62 50
is_linear=0
shrinkage=0.05


Tree=35
num_leaves=31
num_cat=0
split_feature=0 0 0 2 0 23 14 0 0 13 27 12 14 0 0 9 2 25 29 29 19 9 5 1 35 13 6 0 29 2
split_gain=12.8876 3.88517 1.92041 1.00902 1.1819 1.00526 0.888142 0.723201 0.632878 0.609162 0.588928 0.52265 0.610911 0.517438 0.514123 0.475485 0.458936 0.428163 0.423177 0.411816 0.399445 0.452973 0.52076 0.354788 0.307776 0.407009 0.306322 0.303918 0.300968 0.290624
threshold=1523.0000000000002 927.50000000000011 2002.5000000000002 2.5000000000000004 1255.0245240000002 1.0000000180025095e-35 1734.7809644690544 1398.0306345000001 543.00000000000011 1076.2250343069252 41000.000000000007 2119.0331493252602 2765.7942533029177 600.05455535000021 800.09699320000016 839.75093107265434 1.5000000000000002 1.5000000000000002 15.519123273767818 15.772912489480397 1.0000000180025095e-35 637.49286296793264 1.0000000180025095e-35 2.5000000000000004 7.5000000000000009 1555.0953866026073 2655.6205781271169 1258.5000000000002 15.737682447779092 1.5000000000000002
decision_type=2 2 2 2 2 2 2 2 2 2 2 2 2 2 2 2 2 2 2 2 2 2 2 2 2 2 2 2 2 2
left_child=1 5 17 4 10 14 9 18 -8 29 16 12 26 -11 15 -1 -3 24 -5 -16 21 23 -23 -18 -2 -26 -4 -20 -13 -7
right_child=2 3 11 7 -6 6 8 -9 -10 13 -12 28 -14 -15 19 -17 20 -19 27 -21 -22 22 -24 -25 25 -27 -28 -29 -30 -31
leaf_value=-0.0089064005141456914 0.0083536007774195498 0.0050135443396866321 0.021802669279277327 -0.00091572055185679352 0.0032496690416728407 -0.0026087706319115585 -0.0091753510484362359 -0.00016446239705406439 -0.0018668475343387716 -0.016618166717914089 0.0022371528920177106 0.010173994728497096 0.009268969153233159 -0.0079907040710427944 -0.00088182508923290756 -0.017682032107279221 -0.00044717764648353098 -0.0024207989452406766 -0.0093827739257055023 -0.010566265494360225 0.00092514549220930982 -0.0054608423897695747 0.0025822113126354376 -0.0069995262457624736 0.001649490141973711 0.0053145457972025517 0.013814103566110134 -0.0044105034946123993 0.0022555545371557985 -0.0084600663889432322
leaf_weight=33 56 25 20 40 235 63 34 112 230 24 123 28 52 63 21 29 203 21 60 23 99 161 23 23 101 303 30 63 21 32
leaf_count=33 56 25 20 40 235 63 34 112 230 24 123 28 52 63 21 29 203 21 60 23 99 161 23 23 101 303 30 63 21 32
internal_value=-1.27724e-12 -0.00224466 0.00610534 -0.000609835 0.000206501 -0.0057009 -0.00466068 -0.00325773 -0.00280809 -0.00734794 -0.000881999 0.0110245 0.0130634 -0.0103707 -0.0100777 -0.0130111 -0.00160045 0.00456106 -0.00538317 -0.00594415 -0.00192531 -0.00261359 -0.00445546 -0.00111401 0.0048798 0.00439828 0.0170095 -0.006836 0.00678038 -0.00457973
internal_weight=2351 1719 632 1167 892 552 446 275 264 182 657 151 102 87 106 62 534 481 163 44 509 410 184 226 460 404 50 123 49 95
internal_count=2351 1719 632 1167 892 552 446 275 264 182 657 151 102 87 106 62 534 481 163 44 509 410 184 226 460 404 50 123 49 95
is_linear=0
shrinkage=0.05


Tree=36
num_leaves=31
num_cat=0
split_feature=31 2 27 3 27 2 2 27 35 14 2 29 23 8 9 35 14 10 13 14 10 8 10 13 9 35 10 6 5 14
split_gain=3.56343 2.12053 1.88589 1.44979 1.1753 0.918175 0.786175 0.766529 0.739197 0.498347 0.472951 0.407237 0.438802 0.35338 0.349383 0.44692 0.31908 0.297878 0.248787 0.202986 0.198196 0.194935 0.183878 0.258084 0.166719 0.158323 0.156526 0.144088 0.211962 0.287714
threshold=2.5000000000000004 2.5000000000000004 33000.000000000007 0.87500000000000011 21500.000000000004 2.5000000000000004 1.5000000000000002 51500.000000000007 41.500000000000007 2852.2268947698076 1.5000000000000002 15.304382388416327 1.5000000000000002 8298.841923319018 1301.9710316863807 26.500000000000004 3346.1795337056815 1230.0430918935217 1962.3004318109699 1734.7809644690544 1534.734983438537 8547.7404330936934 2040.2257214803044 2334.3862241665597 922.57891998798493 6.5000000000000009 685.0586565647385 6707.8926036314115 1.0000000180025095e-35 1091.3846204387901
decision_type=2 2 2 2 2 2 2 2 2 2 2 2 2 2 2 2 2 2 2 2 2 2 2 2 2 2 2 2 2 2
left_child=1 3 4 9 -2 10 25 -4 14 -1 -6 -8 16 -10 15 19 -13 18 -7 -3 -18 -11 -19 -24 -14 -5 -27 28 -12 -30
right_child=2 8 7 6 5 17 11 -9 13 21 27 12 24 -15 -16 -17 20 22 -20 -21 -22 -23 23 -25 -26 26 -28 -29 29 -31
leaf_value=0.0012613993150076457 -0.013396204398436981 0.00077217287325765944 1.2125951091780566e-05 -0.0018957275571968542 -0.011118743397916358 -0.0018295284570194782 0.0030182629833940332 0.0083314905262368757 0.0053857434466481214 0.0068995860198305713 -0.0073227277877415111 0.0013585758643775163 -0.0024100094356320125 0.012963618315989151 0.0066190521777523261 -0.0045250670425593855 0.00055870099880974463 -0.0054073549162528319 0.0058756479993462563 0.005248916383319791 -0.0021284585019505659 0.0036475287331995789 -0.0027199839379463812 0.0015973531309929159 -0.0075601021843877715 -0.0032359141387536916 -0.0073335750937098404 -0.0034100733016832517 -0.0070734826794994826 0.0011085989918293699
leaf_weight=194 33 40 172 72 36 20 105 33 25 72 93 275 55 40 76 20 116 41 22 69 168 128 150 45 22 54 41 91 22 21
leaf_count=194 33 40 172 72 36 20 105 33 25 72 93 275 55 40 76 20 116 41 22 69 168 128 150 45 22 54 41 91 22 21
internal_value=-7.91783e-12 0.00137032 -0.00276526 0.000534054 -0.00423547 -0.00367668 -0.000565008 0.00135134 0.00540295 0.00306692 -0.00579445 0.000133443 -0.000342824 0.0100491 0.0039298 0.00234543 0.000144609 -0.00167318 0.00220652 0.00360607 -0.00103089 0.00481827 -0.00236364 -0.00172368 -0.00388146 -0.00366412 -0.00500438 -0.00495007 -0.00598051 -0.00307758
internal_weight=2351 1572 779 1302 574 541 908 205 270 394 263 741 636 65 205 129 559 278 42 109 284 200 236 195 77 167 95 227 136 43
internal_count=2351 1572 779 1302 574 541 908 205 270 394 263 741 636 65 205 129 559 278 42 109 284 200 236 195 77 167 95 227 136 43
is_linear=0
shrinkage=0.05


Tree=37
num_leaves=31
num_cat=0
split_feature=31 1 1 10 1 2 12 11 29 23 12 4 26 12 28 29 9 23 14 4 2 29 33 14 28 14 9 29 10 29
split_gain=3.216 2.69801 1.45211 0.860172 0.65885 0.644382 0.530494 0.490212 0.456297 0.446357 0.393252 0.268616 0.389615 0.249599 0.249286 0.272524 0.234208 0.229298 0.244243 0.216638 0.204826 0.197014 0.195323 0.230544 0.165823 0.163484 0.162459 0.159891 0.193185 0.141252
threshold=2.5000000000000004 2.5000000000000004 2.5000000000000004 911.91732693850838 1.5000000000000002 3.5000000000000004 1896.8945265975353 1496.7359970828786 15.269936248215327 1.0000000180025095e-35 2430.631693941395 1.5000000000000002 1.0000000180025095e-35 792.84688806595784 1.0000000180025095e-35 15.661599793771133 1427.5732307498567 1.5000000000000002 5148.0152913946886 2.5000000000000004 2.5000000000000004 15.782780969002394 1.5000000000000002 1861.2025021920138 1.0000000180025095e-35 5552.8592133565862 1323.9372228394998 15.304382388416327 685.0586565647385 15.450930039315525
decision_type=2 2 2 2 2 2 2 2 2 2 2 2 2 2 2 2 2 2 2 2 2 2 2 2 2 2 2 2 2 2
left_child=1 4 9 -4 26 10 7 21 -6 24 13 17 -13 20 15 -11 -17 18 -10 -14 -3 -5 -8 -24 -2 -12 27 -1 -29 -16
right_child=2 5 3 6 8 -7 22 -9 11 14 25 12 19 -15 29 16 -18 -19 -20 -21 -22 -23 23 -25 -26 -27 -28 28 -30 -31
leaf_value=-0.0014602388879545606 -0.0083964912885794944 0.00099579393719955367 0.0063002217867661539 -0.0028123341315741922 0.0029685826439760543 0.010288860968540649 -0.0051110152120096052 0.0038322326710339689 0.0014123869294024784 -0.0047463466590852476 -5.1661196630448108e-05 -0.0079507669113809253 -0.0037550057836829923 0.0050923656889676596 -0.0043127397564239802 0.0036112674911830418 -0.0022043944509433848 -0.0024259064812213182 -0.0017089029745680142 0.00073023191135790616 0.0057749173487536614 0.0013491300841641809 0.00050120036175940188 -0.004665483427724164 -0.0045060276800097943 0.0030502808543976891 -0.00095761187671379035 -0.0030741183689786816 -0.0077274273492788014 -0.0089932525394639633
leaf_weight=49 92 81 41 84 137 37 83 69 319 80 87 24 43 294 40 23 70 64 78 72 31 43 50 38 39 83 81 54 38 27
leaf_count=49 92 81 41 84 137 37 83 69 319 80 87 24 43 294 40 23 70 64 78 72 31 43 50 38 39 83 81 54 38 27
internal_value=1.3873e-11 0.0013018 -0.00262699 -0.000568463 -0.000354301 0.00389267 -0.00133581 0.000439799 0.000364977 -0.00489082 0.0034818 -0.000229513 -0.00215617 0.00432719 -0.00360952 -0.00260668 -0.000766112 0.000351408 0.000799136 -0.000946857 0.00231859 -0.00140333 -0.00337101 -0.00172987 -0.00723826 0.00146282 -0.00274218 -0.00376735 -0.00499614 -0.00619892
internal_weight=2351 1572 779 408 959 613 367 196 737 371 576 600 139 406 240 173 93 461 397 115 112 127 171 88 131 170 222 141 92 67
internal_count=2351 1572 779 408 959 613 367 196 737 371 576 600 139 406 240 173 93 461 397 115 112 127 171 88 131 170 222 141 92 67
is_linear=0
shrinkage=0.05


Tree=38
num_leaves=31
num_cat=0
split_feature=0 0 31 0 31 0 35 31 0 14 27 10 0 1 35 0 9 6 0 0 2 7 10 0 1 14 29 13 1 0
split_gain=10.4997 3.3263 1.56226 1.51845 1.44728 0.741981 0.658348 0.53787 0.763162 1.11275 0.468595 0.430619 0.421356 0.411454 0.363192 0.354779 0.350011 0.347022 0.338108 0.300646 0.285311 0.256118 0.24031 0.239617 0.208657 0.20342 0.201129 0.195731 0.281583 0.359641
threshold=1552.6966365000001 927.50000000000011 2.5000000000000004 2298.7290165000004 2.5000000000000004 570.50000000000011 57.000000000000007 2.5000000000000004 1987.4768160000001 2852.2268947698076 37000.000000000007 725.76980249032863 1303.0000000000002 2.5000000000000004 35.500000000000007 656.00000000000011 922.57891998798493 2752.8846916295956 1332.0820145 1150.0779675000001 1.5000000000000002 2605.8626569894686 1041.3316730031152 1635.5000000000002 2.5000000000000004 1091.3846204387901 15.641077194508151 2006.3039207857591 2.5000000000000004 1125.0270445000003
decision_type=2 2 2 2 2 2 2 2 2 2 2 2 2 2 2 2 2 2 2 2 2 2 2 2 2 2 2 2 2 2
left_child=1 4 10 7 5 17 -7 8 26 -10 18 -4 14 -14 24 -6 -5 -1 20 -16 -3 -12 -23 -9 -13 -25 -2 -22 29 -29
right_child=3 2 11 16 15 6 -8 23 9 -11 21 12 13 -15 19 -17 -18 -19 -20 -21 27 22 -24 25 -26 -27 -28 28 -30 -31
leaf_value=-0.013042104979977013 0.0029488879840503983 0.004597901670088808 0.0041332009159738108 0.016537828237051144 -0.013343148035652886 -0.0014808618650375756 -0.010299614071846009 -0.0018296043521591596 0.020663269152864816 0.0063878455134325253 -0.00036433382294266616 -0.0047911478851088568 0.0044668503303977626 -0.0023253374131627425 -0.0043672737797837043 -0.0078157889817621774 0.0095221145154209819 -0.0057051927645140922 0.0023288138157857414 0.00082874951017503106 -0.00288223732673341 0.0022501348004568301 0.0059099034942460792 -0.00050472915862445481 -0.0088641967743318135 0.0044311511202502754 0.0057464142383897472 -0.001147691251831056 -0.0033178817183084665 0.0030543597187737332
leaf_weight=20 94 24 21 32 38 265 23 28 20 43 57 95 27 128 73 123 40 83 121 45 103 140 66 27 47 92 203 127 61 85
leaf_count=20 94 24 21 32 38 265 23 28 20 43 57 95 27 128 73 123 40 83 121 45 103 140 66 27 47 92 203 127 61 85
internal_value=-1.27029e-11 -0.00191003 -0.000452861 0.00584553 -0.00513057 -0.0034877 -0.00218514 0.00488061 0.00592128 0.0109197 0.000881434 -0.00285214 -0.00320562 -0.00114218 -0.00443574 -0.00912038 0.0126402 -0.00712984 1.29341e-05 -0.00238574 -0.00068762 0.00260192 0.00342268 0.00233204 -0.00613927 0.00331125 0.004861 -0.00102499 -0.000324275 0.000537093
internal_weight=2351 1772 1220 579 552 391 288 507 360 63 784 436 415 155 260 161 72 103 521 118 400 263 206 147 142 119 297 376 273 212
internal_count=2351 1772 1220 579 552 391 288 507 360 63 784 436 415 155 260 161 72 103 521 118 400 263 206 147 142 119 297 376 273 212
is_linear=0
shrinkage=0.05


Tree=39
num_leaves=31
num_cat=0
split_feature=0 0 34 0 34 0 2 0 1 10 0 35 22 12 28 25 0 14 29 0 0 16 1 0 6 14 1 12 8 13
split_gain=9.49614 3.29882 1.21084 1.16738 0.739528 0.687999 0.80834 0.648576 0.644021 0.501906 0.457938 0.457399 0.426138 0.379339 0.37761 0.330452 0.312394 0.436401 0.334905 0.304029 0.288232 0.282743 0.271151 0.268307 0.260493 0.254691 0.375135 0.276587 0.310511 0.237998
threshold=1604.5000000000002 927.50000000000011 1.0000000180025095e-35 2400.5000000000005 1.0000000180025095e-35 600.05455535000021 1.5000000000000002 1250.5000000000002 2.5000000000000004 1230.0430918935217 1147.5000000000002 57.000000000000007 1.0000000180025095e-35 1776.4736629154065 1.0000000180025095e-35 1.0000000180025095e-35 1816.8333335000002 3346.1795337056815 15.581953943131664 1354.5067750000001 500.50000000000006 1.0000000180025095e-35 2.5000000000000004 1987.4768160000001 2884.6102105407158 2852.2268947698076 2.5000000000000004 4208.8138379810798 9976.5701225000685 1447.556867840123
decision_type=2 2 2 2 2 2 2 2 2 2 2 2 2 2 2 2 2 2 2 2 2 2 2 2 2 2 2 2 2 2
left_child=1 4 9 16 13 6 20 8 10 -3 12 14 -4 -1 -7 -5 -2 18 -18 22 29 -20 -11 -19 -12 26 -9 -27 -29 -6
right_child=3 2 7 15 5 11 -8 25 -10 19 24 -13 -14 -15 -16 -17 17 23 21 -21 -22 -23 -24 -25 -26 27 -28 28 -30 -31
leaf_value=-0.0042665326432324941 0.0039872311358857488 0.0031210437351767203 -0.0024580451220803695 0.015542562925379332 -0.0041635247619034579 -0.0011399883802787533 -0.016191317867487672 0.003473922951369981 -0.0045777950141245478 -0.0030672729210278324 0.0053330213955507201 -0.0093548994227919888 0.0010571957057849929 -0.01018249113583893 -0.0059031143065487205 0.0078424521044573991 0.013179654072571016 0.0062784908993824108 0.0058598272112754387 -0.0012755350307295948 -0.0025173539016167543 0.012432258905610069 -0.0067724493432615414 -2.757592066641777e-05 0.00063387263857293873 0.0049349624209380789 -0.00076643753748194005 -0.0037669693402637241 0.0032986983939432926 -0.01065026020721322
leaf_weight=40 225 33 169 38 26 226 20 89 81 129 58 23 176 84 51 22 28 37 90 114 51 20 80 31 60 122 126 23 48 31
leaf_count=40 225 33 169 38 26 226 20 89 81 129 58 23 176 84 51 22 28 37 90 114 51 20 80 31 60 122 126 23 48 31
internal_value=-2.14472e-13 -0.00163268 -0.000264768 0.0061849 -0.00487404 -0.00388897 -0.00695798 0.000665519 -0.0004647 -0.0027525 0.000254869 -0.00257953 -0.000664763 -0.00827412 -0.00201695 0.0127192 0.00527526 0.00668208 0.00829754 -0.00335259 -0.0052481 0.00705481 -0.00448552 0.00340367 0.00294362 0.00217248 0.000988874 0.003491 0.00100982 -0.0076914
internal_weight=2351 1860 1308 491 552 428 128 952 544 356 463 300 345 124 277 60 431 206 138 323 108 110 209 68 118 408 215 193 71 57
internal_count=2351 1860 1308 491 552 428 128 952 544 356 463 300 345 124 277 60 431 206 138 323 108 110 209 68 118 408 215 193 71 57
is_linear=0
shrinkage=0.05


Tree=40
num_leaves=31
num_cat=0
split_feature=0 0 31 0 31 0 2 8 0 0 0 5 1 0 1 14 29 8 0 10 13 31 7 6 27 0 11 33 35 0
split_gain=8.58047 2.56158 1.62373 1.36863 0.908799 0.59741 0.477642 0.623499 0.534793 0.427228 0.37192 0.501857 0.355438 0.380362 0.339719 0.762077 0.331407 0.71079 0.300602 0.299656 0.428077 0.2825 0.281674 0.274711 0.263366 0.251777 0.240606 0.238979 0.234007 0.201681
threshold=1523.0000000000002 800.09699320000016 2.5000000000000004 2002.5000000000002 2.5000000000000004 1068.0000000000002 1.5000000000000002 8031.3199608089753 500.50000000000006 1103.4117490000001 2700.1742160000003 1.0000000180025095e-35 2.5000000000000004 1273.5000000000002 2.5000000000000004 2852.2268947698076 15.772912489480397 9084.3982528598208 1686.2175495000001 1839.66842254472 1873.2008765259361 1.5000000000000002 3927.7807379488609 3208.9490436939673 29000.000000000004 1303.0000000000002 835.37535345040521 1.5000000000000002 26.500000000000004 1449.9057595000002
decision_type=2 2 2 2 2 2 2 2 2 2 2 2 2 2 2 2 2 2 2 2 2 2 2 2 2 2 2 2 2 2
left_child=1 4 9 18 6 -4 8 -8 -1 21 11 16 13 28 23 29 17 -5 19 26 -21 -3 27 -11 -6 -24 -2 -14 -7 -16
right_child=3 2 5 10 24 12 7 -9 -10 14 -12 -13 22 -15 15 -17 -18 -19 -20 20 -22 -23 25 -25 -26 -27 -28 -29 -30 -31
leaf_value=-0.0069917150285481568 0.00050499897159170368 -0.0010704735069970255 -0.0057413978577525813 0.0067666534955302879 -0.014360420019365848 -0.003886628586601896 -0.0024517170877516037 -0.011868659383020341 -0.001005311066026999 0.0043997965859046253 0.014842726512385222 0.00078575019724667081 -0.0040590310666486495 0.0047272406663978472 -0.0050568173299469646 0.0030470123044857439 0.0061483935359865427 0.017496176141089406 0.0049253911424343216 -0.0035097468984895391 0.0027175703788375003 0.0038819109239885889 -0.0099714779975609152 0.0012243834754846351 -0.0083344220494230587 -0.0031954672010936617 0.0057468127289694955 0.00010563597925716924 0.00081273465486312354 0.00032942632387857886
leaf_weight=53 30 405 156 33 25 52 32 39 126 117 24 20 76 32 63 87 45 29 241 40 89 31 26 163 66 29 81 63 54 24
leaf_count=53 30 405 156 33 25 52 32 39 126 117 24 20 76 32 63 87 45 29 241 40 89 31 26 163 66 29 81 63 54 24
internal_value=7.88951e-13 -0.00183155 -0.000871405 0.00498171 -0.00571157 -0.00318927 -0.00415425 -0.0076244 -0.00277782 0.000399511 0.00913448 0.00805576 -0.00199007 -5.03284e-05 0.00147306 -0.000261972 0.00941464 0.0117853 0.00367804 0.00242548 0.000786619 -0.000718354 -0.00336989 0.00255125 -0.00998992 -0.00639867 0.00433011 -0.00217145 -0.00149261 -0.00357096
internal_weight=2351 1719 1378 632 341 488 250 71 179 890 151 127 332 138 454 174 107 62 481 240 129 436 194 280 91 55 111 139 106 87
internal_count=2351 1719 1378 632 341 488 250 71 179 890 151 127 332 138 454 174 107 62 481 240 129 436 194 280 91 55 111 139 106 87
is_linear=0
shrinkage=0.05


Tree=41
num_leaves=31
num_cat=0
split_feature=0 0 34 0 0 2 9 0 0 1 10 5 0 22 34 2 0 14 25 8 14 0 0 9 0 14 1 12 8 26
split_gain=7.75721 2.70376 0.982656 0.958572 0.628768 0.829998 0.750239 0.559671 0.539621 0.54262 0.431661 0.462944 0.37642 0.375827 0.350634 0.309229 0.45915 0.402995 0.307408 0.28911 0.285052 0.350767 0.21499 0.218005 0.210599 0.209921 0.308279 0.23813 0.274496 0.203571
threshold=1604.5000000000002 927.50000000000011 1.0000000180025095e-35 2400.5000000000005 570.50000000000011 1.5000000000000002 1464.9388872280681 800.09699320000016 1250.5000000000002 2.5000000000000004 1230.0430918935217 1.0000000180025095e-35 1147.5000000000002 1.0000000180025095e-35 1.0000000180025095e-35 3.5000000000000004 2002.5000000000002 2765.7942533029177 1.0000000180025095e-35 8031.3199608089753 988.00789982792867 500.50000000000006 1354.5067750000001 1543.1679208463272 1196.5000000000002 2852.2268947698076 2.5000000000000004 4208.8138379810798 9976.5701225000685 1.0000000180025095e-35
decision_type=2 2 2 2 2 2 2 2 2 2 2 2 2 2 2 2 2 2 2 2 2 2 2 2 2 2 2 2 2 2
left_child=1 4 10 15 6 -6 20 19 9 12 -3 22 13 -4 -9 16 -2 -18 -5 -7 -1 -22 -12 -24 -11 26 -10 -27 -29 -14
right_child=3 2 8 18 5 7 -8 14 25 24 11 -13 29 -15 -16 -17 17 -19 -20 -21 21 -23 23 -25 -26 27 -28 28 -30 -31
leaf_value=-0.0018417603191637406 0.0043694132173638508 0.0029687117086723449 -0.0022874740754247618 0.014234284355648255 -0.00015613205360960611 -0.0049595287789336662 -0.015660346639545068 -0.0066832070586091852 0.0031535877672212429 -0.0019816543684219538 -0.0049070854414546509 0.0012864781656669669 0.00040722355942879979 0.001013739093749874 -0.0020166082425386285 3.6566599737852813e-05 0.013768395353466845 0.0058830010683037512 0.0068075087884525683 -0.010375562063459907 -0.010237557881257752 -0.003078752584821944 0.0005739654568282681 -0.0042007482891979944 -0.0071283415532005685 0.0045122489039728913 -0.00069039033751034859 -0.003621033881031706 0.0030222432496884721 0.0045757475880236599
leaf_weight=33 330 33 169 38 130 44 23 57 89 46 175 52 54 176 137 32 26 43 22 56 44 28 45 51 35 122 126 23 48 64
leaf_count=33 330 33 169 38 130 44 23 57 89 46 175 52 54 176 137 32 26 43 22 56 44 28 45 51 35 122 126 23 48 64
internal_value=-3.50664e-12 -0.00147564 -0.000237234 0.00559 -0.00441013 -0.00348294 -0.00748144 -0.00495398 0.000600823 -0.000430101 -0.00247833 -0.00303484 0.000230395 -0.000603377 -0.00338772 0.00476572 0.005145 0.00885431 0.0115111 -0.00799251 -0.00568986 -0.00745358 -0.00386402 -0.0019626 -0.00420553 0.00197539 0.000900838 0.00317243 0.000870196 0.00266812
internal_weight=2351 1860 1308 491 552 424 128 294 952 544 356 323 463 345 194 431 399 69 60 100 105 72 271 96 81 408 215 193 71 118
internal_count=2351 1860 1308 491 552 424 128 294 952 544 356 323 463 345 194 431 399 69 60 100 105 72 271 96 81 408 215 193 71 118
is_linear=0
shrinkage=0.05


Tree=42
num_leaves=31
num_cat=0
split_feature=31 1 11 1 19 11 1 2 6 29 33 5 29 33 4 26 4 9 6 4 3 6 8 28 29 7 29 23 14 6
split_gain=2.07383 1.57311 0.767513 0.565785 0.449129 0.475133 0.436381 0.375446 0.303715 0.303535 0.244387 0.263161 0.191173 0.249131 0.183867 0.310262 0.189165 0.150737 0.21439 0.575622 0.176444 0.159068 0.149144 0.148452 0.15672 0.14303 0.142262 0.140944 0.17226 0.134185
threshold=2.5000000000000004 2.5000000000000004 2045.2379917642081 2.5000000000000004 1.0000000180025095e-35 1496.7359970828786 1.5000000000000002 3.5000000000000004 5136.7845552690442 15.269936248215327 1.5000000000000002 1.0000000180025095e-35 15.761141961393816 1.5000000000000002 1.5000000000000002 1.0000000180025095e-35 2.5000000000000004 170.12925284434638 3236.8519763184668 1.5000000000000002 0.87500000000000011 3493.988231602309 11396.267524933008 1.0000000180025095e-35 15.661599793771133 8941.8691120046224 15.822418243563815 1.5000000000000002 5148.0152913946886 1428.7695973592411
decision_type=2 2 2 2 2 2 2 2 2 2 2 2 2 2 2 2 2 2 2 2 2 2 2 2 2 2 2 2 2 2
left_child=1 6 3 23 5 12 -1 8 17 -8 11 26 13 -5 27 -16 -17 20 19 -19 21 -3 -7 24 -2 -10 -4 28 -11 -12
right_child=2 7 10 4 -6 22 9 -9 25 14 29 -13 -14 -15 15 16 -18 18 -20 -21 -22 -23 -24 -25 -26 -27 -28 -29 -30 -31
leaf_value=-0.0021625441319187517 -0.0036634442087233768 0.00039245789179899888 -0.0096860793652012948 -0.0048125681669737861 0.0057768274763865136 0.0063521107918439587 0.0024897004211496526 0.0079060168350052491 5.592349550551585e-05 0.0012279718711959101 -0.0050748825543136767 -0.0020577363807846001 0.00073265191130039676 -0.00036372143410711138 -0.0068836432571212462 -0.0032575955182627975 0.00093360858944732986 0.0049187604971631937 0.0087661695356170341 -0.0024965596235086845 0.0068516071961494162 0.0033987808524795003 0.001463222934697301 -0.004819273236972183 -0.00063752310841506271 0.0037598774655524525 -0.0052426854561593746 -0.0018155174766434357 -0.0013933154538673803 -0.0019775096676312386
leaf_weight=222 80 88 43 65 35 26 137 37 124 319 55 27 62 61 24 43 72 168 24 31 20 88 39 67 92 33 31 64 78 96
leaf_count=222 80 88 43 65 35 26 137 37 124 319 55 27 62 61 24 43 72 168 24 31 20 88 39 67 92 33 31 64 78 96
internal_value=5.091e-13 0.00104538 -0.00210954 -0.00102427 0.00046816 -0.000266241 -0.000219196 0.00302372 0.0027101 0.000366182 -0.00437914 -0.00628301 -0.00154032 -0.00265876 -0.000118688 -0.00171269 -0.000633537 0.00341291 0.004302 0.00376361 0.00240133 0.00189562 0.00341878 -0.00282267 -0.00204493 0.000834462 -0.00782466 0.000361933 0.000712958 -0.00310569
internal_weight=2351 1572 779 527 288 253 959 613 576 737 252 101 188 126 600 139 115 419 223 199 196 176 65 239 172 157 74 461 397 151
internal_count=2351 1572 779 527 288 253 959 613 576 737 252 101 188 126 600 139 115 419 223 199 196 176 65 239 172 157 74 461 397 151
is_linear=0
shrinkage=0.05


Tree=43
num_leaves=31
num_cat=0
split_feature=0 0 31 0 31 0 2 0 2 0 14 23 1 0 0 9 14 1 14 32 23 0 31 7 7 6 0 14 10 35
split_gain=6.683 2.01518 1.21016 1.08068 0.736323 0.493468 0.458498 0.524717 0.39294 0.437577 0.385621 0.362086 0.33471 0.328338 0.327136 0.310488 0.302802 0.301912 0.594398 0.275685 0.245247 0.263593 0.243122 0.243086 0.241899 0.23981 0.216145 0.207532 0.204959 0.192368
threshold=1523.0000000000002 800.09699320000016 2.5000000000000004 2298.7290165000004 2.5000000000000004 1068.0000000000002 3.5000000000000004 2002.5000000000002 1.5000000000000002 468.50000000000006 2352.9862118273063 1.5000000000000002 2.5000000000000004 1273.5000000000002 1100.3032775000004 922.57891998798493 988.00789982792867 2.5000000000000004 2852.2268947698076 1.0000000180025095e-35 1.5000000000000002 582.50000000000011 1.5000000000000002 4196.7654162045465 3927.7807379488609 3208.9490436939673 1303.0000000000002 5263.9692144127657 1839.66842254472 26.500000000000004
decision_type=2 2 2 2 2 2 2 2 2 2 2 2 2 2 2 2 2 2 2 2 2 2 2 2 2 2 2 2 2 2
left_child=1 4 14 6 8 -4 7 16 9 -1 -9 -10 13 29 22 -5 23 25 -19 28 21 -6 -3 -2 -14 -16 -26 -23 -18 -7
right_child=3 2 5 15 20 12 -8 10 11 -11 -12 -13 24 -15 17 -17 19 18 -20 -21 -22 27 -24 -25 26 -27 -28 -29 -30 -31
leaf_value=-0.0076074519129399444 -0.0028695825181785043 -0.00097543342398968879 -0.0050853209272295674 0.013833675269052038 -0.015103978841077715 -0.0033042059673999364 -0.0025810714511732974 0.014003672269172969 -0.003660117783583701 -0.0012323005356062811 0.0055999536327151368 -0.01085948546026503 -0.0019042930614769377 0.0046452501192106865 0.0040125365730207894 0.0072259237722028056 0.0047631530189103204 -0.0032894233324639931 0.0025553033860124669 0.0092292795362679866 -0.0045718994224444032 -0.0051279411418363452 0.0036192428936520898 0.0032933827065789959 -0.0091320513371521469 0.0010494654602797068 -0.0028538061535700451 -0.011851118136705323 0.0024466914329267652 0.00095658518192875725
leaf_weight=33 32 404 156 32 21 52 28 20 40 146 43 31 139 32 117 40 189 87 87 23 24 24 31 32 26 164 29 22 193 54
leaf_count=33 32 404 156 32 21 52 28 20 40 146 43 31 139 32 117 40 189 87 87 23 24 24 31 32 26 164 29 22 193 54
internal_value=7.79156e-12 -0.0016164 -0.000764792 0.00439652 -0.00505781 -0.00276581 0.00365515 0.00398337 -0.00365604 -0.00240761 0.0082678 -0.0068035 -0.00167592 0.000206412 0.000332396 0.0101627 0.00340785 0.00126969 -0.00036706 0.00391289 -0.00890884 -0.0104624 -0.000647997 0.0002119 -0.0030149 0.0022832 -0.0058217 -0.00834337 0.00359279 -0.00113361
internal_weight=2351 1719 1378 632 341 488 560 532 250 179 63 71 332 138 890 72 469 455 174 405 91 67 435 64 194 281 55 46 382 106
internal_count=2351 1719 1378 632 341 488 560 532 250 179 63 71 332 138 890 72 469 455 174 405 91 67 435 64 194 281 55 46 382 106
is_linear=0
shrinkage=0.05


Tree=44
num_leaves=31
num_cat=0
split_feature=31 2 10 3 12 35 2 12 5 33 6 8 8 4 12 10 14 35 9 9 33 11 9 2 2 29 2 7 33 11
split_gain=1.72104 0.946823 0.783082 0.686381 0.584192 0.56061 0.365974 0.362003 0.633742 0.342325 0.304088 0.308655 0.288413 0.287548 0.30375 0.277703 0.256053 0.225392 0.373892 0.365519 0.22334 0.198052 0.147715 0.145032 0.143137 0.139536 0.135583 0.166072 0.190889 0.131211
threshold=2.5000000000000004 2.5000000000000004 708.00282706921814 0.87500000000000011 1776.4736629154065 41.500000000000007 1.5000000000000002 1283.9222531083362 1.0000000180025095e-35 1.5000000000000002 6901.1007683112284 20336.969062310076 8298.841923319018 1.5000000000000002 1810.6863190000811 2807.2445636868524 2852.2268947698076 26.500000000000004 1055.7850610598232 2368.144259714622 1.5000000000000002 714.58419441393448 728.64652116461014 2.5000000000000004 1.5000000000000002 15.761141961393816 2.5000000000000004 2936.4489228678599 1.5000000000000002 1426.1821576047453
decision_type=2 2 2 2 2 2 2 2 2 2 2 2 2 2 2 2 2 2 2 2 2 2 2 2 2 2 2 2 2 2
left_child=1 3 -2 16 7 17 29 8 20 -9 15 26 -7 21 -15 -6 24 18 -3 -19 23 -8 -17 -4 -1 -22 -12 28 -28 -5
right_child=2 5 4 6 10 12 13 9 -10 -11 11 -13 -14 14 -16 22 -18 19 -20 -21 25 -23 -24 -25 -26 -27 27 -29 -30 -31
leaf_value=0.0031784092670078487 0.0066095620859414339 0.0023851772712077945 -0.0072439898065257274 -0.0053013590757142416 -0.0096479479930010343 0.0034801845978945493 -0.001551510550717633 -0.00054142711497843262 0.0022824287029250818 0.0050544173437777132 -0.002784107498852488 -0.006241292269190863 0.010326143966522068 -0.00064498499612091116 -0.0062417910288786521 -0.0071558150716803286 0.0033916711169877088 -0.0055892354762181644 0.0094238301645458225 0.0022670646477899142 -0.0026803938499402389 0.00095518976115815252 -0.0033026528295756565 -0.0034110477102184365 5.2587941915182207e-05 0.0020987937093845436 -0.0044141645781443613 0.0028050623121089304 0.0015016062962822617 -0.0017816789621255297
leaf_weight=49 26 105 41 33 29 25 93 75 67 43 96 42 40 100 32 33 200 20 23 57 56 516 101 62 145 21 30 32 25 134
leaf_count=49 26 105 41 33 29 25 93 75 67 43 96 42 40 100 32 33 200 20 23 57 56 516 101 62 145 21 30 32 25 134
internal_value=-2.76361e-12 0.000952318 -0.00192175 0.00039352 -0.00221632 0.00364696 -0.000362707 -0.000780439 -0.0018688 0.00149774 -0.00356709 -0.0023757 0.00769308 0.000113835 -0.00200179 -0.00521166 0.0021363 0.00236405 0.00364994 0.000226467 -0.00341398 0.000572393 -0.00425157 -0.00493678 0.0008421 -0.00137698 -0.00148851 -5.88826e-05 -0.00172518 -0.00247718
internal_weight=2351 1572 779 1302 753 270 908 365 247 118 388 225 65 741 132 163 394 205 128 77 180 609 134 103 194 77 183 87 55 167
internal_count=2351 1572 779 1302 753 270 908 365 247 118 388 225 65 741 132 163 394 205 128 77 180 609 134 103 194 77 183 87 55 167
is_linear=0
shrinkage=0.05


Tree=45
num_leaves=31
num_cat=0
split_feature=31 1 27 27 1 1 2 35 6 27 1 33 33 35 14 27 34 14 12 27 35 12 2 12 7 22 33 7 27 6
split_gain=1.55324 1.16119 0.962266 0.771533 0.352303 0.341983 0.30615 0.235233 0.23253 0.223697 0.261623 0.183007 0.172158 0.339617 0.19197 0.198291 0.141136 0.133955 0.163059 0.181613 0.131289 0.128815 0.184909 0.127743 0.113197 0.098314 0.116275 0.192126 0.0957987 0.180266
threshold=2.5000000000000004 2.5000000000000004 21500.000000000004 51500.000000000007 2.5000000000000004 1.5000000000000002 3.5000000000000004 1.5000000000000002 5136.7845552690442 33000.000000000007 1.5000000000000002 1.5000000000000002 1.5000000000000002 23.000000000000004 4104.8456010490618 41000.000000000007 1.0000000180025095e-35 7013.6829578056686 1026.8779560412097 41000.000000000007 35.500000000000007 792.84688806595784 2.5000000000000004 1896.8945265975353 8941.8691120046224 1.0000000180025095e-35 1.5000000000000002 4111.7345889307153 41000.000000000007 1061.3422553870589
decision_type=2 2 2 2 2 2 2 2 2 2 2 2 2 2 2 2 2 2 2 2 2 2 2 2 2 2 2 2 2 2
left_child=1 5 -2 4 9 -1 8 -7 21 10 -4 -11 13 -6 15 -15 23 18 -9 -20 -16 22 -3 -14 -10 26 -12 -28 -23 -30
right_child=2 6 3 -5 12 7 -8 17 24 11 25 -13 16 14 20 -17 -18 -19 19 -21 -22 28 -24 -25 -26 -27 27 -29 29 -31
leaf_value=-0.0019021260542144815 -0.010180949963008364 0.00024018013234721657 -0.0076195478982602552 0.0060181554597379134 -0.004464424252970881 0.0024805779997131216 0.0070131747492563892 -0.00099209911678220433 -1.2575531206581924e-05 -0.0023104025735519828 -0.0057498392141424118 0.0029289740482345227 0.0037528795024723209 0.0046407804614113221 0.00052374840156654975 -0.00085056581667491363 -0.0021745830299206882 -0.0023469752064301519 0.00034066766683205432 0.0034250480339064132 -0.0035730903518924606 0.0029300994891666918 0.0048928709813104623 0.00023907034781497018 0.0032825383033151878 -0.0015933940916931116 -0.0040378097643454869 0.0011019662517355755 0.0035485142324745778 0.0089195612640607918
leaf_weight=222 33 81 36 33 72 109 37 192 124 50 50 25 38 31 33 35 37 57 323 56 48 227 29 81 33 78 75 24 61 21
leaf_count=222 33 81 36 33 72 109 37 192 124 50 50 25 38 31 33 35 37 57 323 56 48 227 29 81 33 78 75 24 61 21
internal_value=-4.97495e-12 0.000904702 -0.00182566 -0.00145606 -0.00180199 -0.000181764 0.00260441 0.000336446 0.00232121 -0.00297268 -0.00365958 -0.000563944 -0.000746811 -0.001651 -0.000272995 0.0017287 0.000522529 -3.57043e-05 0.000195018 0.000796407 -0.00190401 0.00293616 0.0014668 0.00136113 0.000680028 -0.00303156 -0.00378443 -0.0027918 0.00345923 0.00492403
internal_weight=2351 1572 779 746 713 959 613 737 576 338 263 75 375 219 147 66 156 628 571 379 81 419 110 119 157 227 149 99 309 82
internal_count=2351 1572 779 746 713 959 613 737 576 338 263 75 375 219 147 66 156 628 571 379 81 419 110 119 157 227 149 99 309 82
is_linear=0
shrinkage=0.05


Tree=46
num_leaves=31
num_cat=0
split_feature=0 0 0 34 0 2 9 0 27 0 27 5 10 2 0 14 10 2 14 0 34 12 7 9 9 0 0 7 29 0
split_gain=5.56993 1.93981 0.754731 0.596371 0.499167 0.725218 0.612901 0.431633 0.424064 0.363666 0.350283 0.299263 0.388006 0.276796 0.33145 0.347387 0.261528 0.2522 0.243219 0.278585 0.232793 0.201776 0.188247 0.183652 0.170736 0.203919 0.165446 0.154235 0.150871 0.212403
threshold=1604.5000000000002 927.50000000000011 2400.5000000000005 1.0000000180025095e-35 570.50000000000011 1.5000000000000002 1464.9388872280681 800.09699320000016 37000.000000000007 1310.5933510000002 37000.000000000007 1.0000000180025095e-35 1230.0430918935217 3.5000000000000004 2002.5000000000002 2765.7942533029177 2732.4378386220237 1.5000000000000002 988.00789982792867 500.50000000000006 1.0000000180025095e-35 1779.7937567987008 2605.8626569894686 878.63878085635713 1543.1679208463272 1354.5067750000001 799.90064580000012 5369.2633702309786 15.661599793771133 1141.0000000000002
decision_type=2 2 2 2 2 2 2 2 2 2 2 2 2 2 2 2 2 2 2 2 2 2 2 2 2 2 2 2 2 2
left_child=1 4 13 11 6 26 18 10 9 17 -7 12 -3 14 -2 -16 -4 -5 -1 27 -9 -22 -10 -19 25 -14 -6 -20 29 -25
right_child=2 3 16 8 5 7 -8 20 22 -11 -12 -13 24 -15 15 -17 -18 23 19 -21 21 -23 -24 28 -26 -27 -28 -29 -30 -31
leaf_value=-0.0012986849037450597 0.0037052577438369174 0.0027385961519734514 0.012324972868955229 0.0039164028052861488 -0.00058306214656497117 -0.0094202064435487086 -0.013865024669338828 -0.0055946485413618293 -0.0004508927362852745 0.0014966996529692553 -0.003403465234228728 0.0014809496409725399 -0.0032632872419829564 -0.0004688921995693818 0.012078246538742232 0.0047570725729645692 0.0053223710623569792 -0.00069916064129855765 -0.012061484357608218 -0.002583595944867869 -0.0038117920454421371 3.0960271801126916e-05 0.0026161620567659101 -0.0039071595441782852 -0.004473532099509612 0.00081583212291459664 0.0042636452253819223 -0.006134775264755539 -0.004937716536012225 0.001899282553599083
leaf_weight=33 330 31 40 24 109 59 23 57 63 200 41 54 96 32 26 43 20 303 21 28 65 72 243 36 130 45 21 23 55 28
leaf_count=33 330 31 40 24 109 59 23 57 63 200 41 54 96 32 26 43 20 303 21 28 65 72 243 36 130 45 21 23 55 28
internal_value=9.92165e-13 -0.00125041 0.00473679 -0.000201451 -0.00373599 -0.00290987 -0.00647253 -0.00428492 0.000451425 -0.000274867 -0.00695334 -0.00194734 -0.00256035 0.00400538 0.00436422 0.00751578 0.00999077 -0.00106929 -0.00485322 -0.00648238 -0.00290944 -0.00179224 0.00198471 -0.00135284 -0.0031665 -0.00196144 0.000199868 -0.00896343 -0.00301725 -0.00136684
internal_weight=2351 1860 491 1308 552 424 128 294 952 646 100 356 302 431 399 69 60 446 105 72 194 137 306 422 271 141 130 44 119 64
internal_count=2351 1860 491 1308 552 424 128 294 952 646 100 356 302 431 399 69 60 446 105 72 194 137 306 422 271 141 130 44 119 64
is_linear=0
shrinkage=0.05


Tree=47
num_leaves=31
num_cat=0
split_feature=0 0 31 31 0 0 35 5 33 0 27 0 25 2 0 12 13 27 13 2 29 13 1 0 10 13 10 8 20 0
split_gain=5.02694 1.78094 0.771142 0.763046 0.665712 0.437624 0.381743 0.289778 0.358766 0.469968 0.264351 0.266668 0.259401 0.256949 0.286999 0.286811 0.358029 0.250987 0.227287 0.221438 0.197195 0.192336 0.173348 0.211377 0.176268 0.167358 0.340324 0.164763 0.167667 0.151034
threshold=1614.5000000000002 957.39322455000013 2.5000000000000004 2.5000000000000004 2400.5000000000005 600.05455535000021 57.000000000000007 1.0000000180025095e-35 1.5000000000000002 1173.3779885000001 35500.000000000007 1332.0820145 1.0000000180025095e-35 3.5000000000000004 2002.5000000000002 2119.0331493252602 2464.4808458285484 25500.000000000004 2383.8162200536954 1.5000000000000002 15.772912489480397 2006.3039207857591 2.5000000000000004 1125.0270445000003 1392.8371534077144 1447.556867840123 725.76980249032863 4743.8420004739874 1.5000000000000002 582.50000000000011
decision_type=2 2 2 2 2 2 2 2 2 2 2 2 2 2 2 2 2 2 2 2 2 2 2 2 2 2 2 2 2 2
left_child=1 3 10 5 13 25 20 8 9 -4 11 19 -6 14 27 16 -16 -5 29 -3 -7 -21 23 -23 -24 -1 -27 -2 -29 -19
right_child=4 2 7 17 12 6 -8 -9 -10 -11 -12 -13 -14 -15 15 -17 -18 18 -20 21 -22 22 24 -25 -26 26 -28 28 -30 -31
leaf_value=-0.0026045234788361253 -0.00049287290438888192 0.0043846206647140213 -0.0072516240663138059 -0.01142605196684599 0.011992727739638404 -5.4173270280150729e-06 -0.0075476824670382171 0.0012319098195127613 -0.00072983649968304427 -0.0020170780508614993 0.0019922637656080064 0.0017976109537921271 0.0051704711259596726 -0.00044544763513840738 0.013830556769085968 0.0025811085679932782 0.0050082958505853368 -0.010622433785881315 -0.002781974144566518 -0.0028796559300504087 -0.0027010258275840899 -0.0014676241292363558 0.00031165739145273201 0.0023368310588685907 -0.0054563537033067815 -0.002581824153821799 -0.0095390814387475344 0.0034299879265290659 0.0069108753799810079 -0.0058640942402919879
leaf_weight=49 23 20 65 20 38 211 23 70 190 126 314 159 22 32 23 23 23 21 52 97 100 64 26 85 27 32 39 256 40 81
leaf_count=49 23 20 65 20 38 211 23 70 190 126 314 159 22 32 23 23 23 21 52 97 100 64 26 85 27 32 39 256 40 81
internal_value=8.67691e-12 -0.00117106 -7.4579e-05 -0.00334133 0.0045647 -0.00226235 -0.00133186 -0.00172493 -0.00226818 -0.00379847 0.000865203 0.000124833 0.00949123 0.00386091 0.00421607 0.00713999 0.00941943 -0.00615659 -0.00547224 -0.000708934 -0.000872172 -0.00104964 -0.00017087 0.000702703 -0.00262676 -0.0048522 -0.00640342 0.00358362 0.00390038 -0.00684375
internal_weight=2351 1871 1243 628 480 454 334 451 381 191 792 478 60 420 388 69 46 174 154 319 311 299 202 149 53 120 71 319 296 102
internal_count=2351 1871 1243 628 480 454 334 451 381 191 792 478 60 420 388 69 46 174 154 319 311 299 202 149 53 120 71 319 296 102
is_linear=0
shrinkage=0.05


Tree=48
num_leaves=31
num_cat=0
split_feature=0 0 31 0 31 0 27 27 9 11 0 10 0 2 0 26 2 7 10 0 1 0 0 8 20 0 0 1 9 3
split_gain=4.53748 1.58865 0.716696 0.614644 0.55668 0.3495 0.28857 0.283127 0.27221 0.266125 0.246289 0.236634 0.226297 0.225496 0.269888 0.239773 0.179634 0.168765 0.171396 0.165157 0.186745 0.234074 0.176036 0.148607 0.157332 0.140058 0.135377 0.134703 0.131868 0.140651
threshold=1604.5000000000002 924.8513870500002 2.5000000000000004 2400.5000000000005 2.5000000000000004 561.00000000000011 37000.000000000007 46500.000000000007 839.75093107265434 2045.2379917642081 1332.0820145 2732.4378386220237 656.00000000000011 3.5000000000000004 2002.5000000000002 1.0000000180025095e-35 1.5000000000000002 2605.8626569894686 1041.3316730031152 1064.1964130000003 2.5000000000000004 1205.8833550000002 1402.9809040000002 4743.8420004739874 1.5000000000000002 1303.0000000000002 1466.9667460000003 2.5000000000000004 1323.9372228394998 0.87500000000000011
decision_type=2 2 2 2 2 2 2 2 2 2 2 2 2 2 2 2 2 2 2 2 2 2 2 2 2 2 2 2 2 2
left_child=1 4 6 13 5 8 10 -7 -1 19 16 -5 -6 14 23 -16 -3 -8 -19 -4 21 -21 -22 -2 -25 27 -27 -11 29 -18
right_child=3 2 9 11 12 7 17 -9 -10 25 -12 -13 -14 -15 15 -17 28 18 -20 20 22 -23 -24 24 -26 26 -28 -29 -30 -31
leaf_value=-0.0034588366624019626 -0.00044417385094372251 0.0035379352950258183 -0.0034680535143706949 0.011237005322473124 -0.0092839459128873907 -0.00099803385999254631 -0.00037708231092625603 -0.0063793885866525006 -0.0096075741962219283 -0.0031032712235751136 0.0016805511375423523 0.0045760054094716911 -0.0048520079441172932 -0.00042317528859712187 0.0038779579262648309 0.0097734596772009845 -0.0027110535592313797 0.0016181335875262448 0.0045281954355084813 -0.00085086286261295239 -0.0029671184988064548 0.0040540981961977342 0.00035812019919426852 0.0032020089595481888 0.0065653316932730386 0.0017356480117000285 -0.0036618892819835591 -0.0068132966772827793 -0.0034637465087032776 -9.0102415285817913e-05
leaf_weight=72 24 24 54 40 38 258 63 27 24 63 156 20 119 32 35 34 63 160 74 56 89 43 72 266 40 21 26 40 45 273
leaf_count=72 24 24 54 40 38 258 63 27 24 63 156 20 119 32 35 34 63 160 74 56 89 43 72 266 40 21 26 40 45 273
internal_value=4.42799e-12 -0.00112859 -0.000196399 0.0042753 -0.00341921 -0.00238676 0.000659726 -0.00150785 -0.00499602 -0.00177949 -7.46257e-06 0.00901667 -0.00592471 0.00361525 0.00393913 0.00678299 -0.00065766 0.00191997 0.00253841 -0.000951866 -0.000429273 0.00127957 -0.00148006 0.00334451 0.00364166 -0.00351199 -0.00125022 -0.00454406 -0.00092195 -0.000581531
internal_weight=2351 1860 1322 491 538 381 858 285 96 464 561 60 157 431 399 69 405 297 234 314 260 99 161 330 306 150 47 103 381 336
internal_count=2351 1860 1322 491 538 381 858 285 96 464 561 60 157 431 399 69 405 297 234 314 260 99 161 330 306 150 47 103 381 336
is_linear=0
shrinkage=0.05


Tree=49
num_leaves=31
num_cat=0
split_feature=0 0 0 34 8 0 2 0 12 27 0 14 13 7 10 29 2 6 35 2 8 13 7 0 1 0 0 1 6 7
split_gain=4.09736 1.46279 0.541874 0.501512 0.479001 0.481136 0.522294 0.717252 0.300531 0.271022 0.258013 0.244327 0.231157 0.229143 0.228898 0.217683 0.23747 0.208059 0.285798 0.201928 0.187171 0.181096 0.16514 0.163706 0.185026 0.176358 0.157298 0.219557 0.154351 0.141263
threshold=1614.5000000000002 957.39322455000013 2400.5000000000005 1.0000000180025095e-35 15958.982134905558 500.50000000000006 1.5000000000000002 700.1548011000001 1450.9086728696195 35500.000000000007 1310.5933510000002 1549.8430013626644 2424.4983491015851 1224.6781170630586 1230.0430918935217 15.935893486864225 3.5000000000000004 403.78288489795449 7.5000000000000009 1.5000000000000002 4743.8420004739874 2006.3039207857591 2953.9437108896104 1354.5067750000001 2.5000000000000004 1446.5000000000002 1082.5000000000002 2.5000000000000004 34.627228208553291 2605.8626569894686
decision_type=2 2 2 2 2 2 2 2 2 2 2 2 2 2 2 2 2 2 2 2 2 2 2 2 2 2 2 2 2 2
left_child=1 4 13 14 5 8 -7 -8 -1 10 19 -9 -4 -2 -3 16 17 28 -19 -5 -20 -21 -13 24 -16 -25 -23 -28 -15 -11
right_child=2 3 12 9 -6 6 7 11 -10 29 -12 22 -14 15 23 -17 -18 18 20 21 -22 26 -24 25 -26 -27 27 -29 -30 -31
leaf_value=-0.0035373973994491958 0.0077744490471026249 0.0023705918647465296 0.0060318608419038357 0.0039884929149411625 -0.0085430248035589934 0.00012538526080521374 -0.010153644100372571 -0.0047819057311646127 -0.010020634642040189 -0.00043199152067010746 0.0013321691454477665 -0.0044894086571210731 0.01236680449510459 0.0029533553269824814 -0.0017162036280359743 0.0077814669348299503 -0.0017397104762494565 0.0074018659186549486 -0.0014835370549311242 -0.0028739518419401808 0.0034441347432951647 -0.0023239053898229433 -0.0010198995343690868 0.0022197206621441231 -0.0048171627506189332 -0.0019171515341804481 0.0015711437984166213 -0.0026337785723929605 -0.0031088466246035839 0.0022201454738079163
leaf_weight=39 29 32 36 20 37 170 34 86 33 62 203 42 24 21 123 24 26 44 21 108 234 73 187 38 79 80 119 42 21 264
leaf_count=39 29 32 36 20 37 170 34 86 33 62 203 42 24 21 123 24 26 44 21 108 234 73 187 38 79 80 119 42 21 264
internal_value=-2.79154e-13 -0.00105725 0.00412109 -6.35254e-05 -0.00302414 -0.00267863 -0.00214726 -0.00325428 -0.00650888 0.000567734 -9.46625e-05 -0.00250959 0.00856584 0.00348612 -0.0016614 0.00316806 0.00286637 0.00321757 0.00368045 -0.000894792 0.00303833 -0.00118036 -0.00165623 -0.0020646 -0.00292895 -0.000584938 -0.000398708 0.000474208 -7.77456e-05 0.00171575
internal_weight=2351 1871 480 1243 628 591 519 349 72 891 565 315 60 420 352 391 367 341 299 362 255 342 229 320 202 118 234 161 42 326
internal_count=2351 1871 480 1243 628 591 519 349 72 891 565 315 60 420 352 391 367 341 299 362 255 342 229 320 202 118 234 161 42 326
is_linear=0
shrinkage=0.05


Tree=50
num_leaves=31
num_cat=0
split_feature=0 0 31 2 0 0 0 27 0 29 12 9 7 29 31 9 3 9 0 0 9 1 10 9 29 11 10 0 27 10
split_gain=3.69896 1.31484 0.796916 0.608646 0.500246 0.436504 0.362532 0.32918 0.246513 0.220806 0.206011 0.202859 0.194415 0.199328 0.279662 0.191424 0.465125 0.24414 0.18763 0.176064 0.149798 0.37808 0.147373 0.1465 0.143201 0.18334 0.130726 0.126193 0.125337 0.123692
threshold=1604.5000000000002 1068.0000000000002 2.5000000000000004 2.5000000000000004 2400.5000000000005 600.05455535000021 1402.9809040000002 34500.000000000007 656.00000000000011 15.747531577263588 563.26655896161139 839.75093107265434 1224.6781170630586 15.935893486864225 1.5000000000000002 608.24345952685155 0.87500000000000011 1045.8210099930022 1258.5000000000002 1449.9057595000002 337.76263735853325 2.5000000000000004 1566.4932874937194 823.63989336689565 15.782780969002394 861.11875809937237 3869.9339539932171 1354.5067750000001 24500.000000000004 3842.0106025716286
decision_type=2 2 2 2 2 2 2 2 2 2 2 2 2 2 2 2 2 2 2 2 2 2 2 2 2 2 2 2 2 2
left_child=1 2 5 7 12 11 24 18 -4 -6 -7 -1 -2 14 15 16 -14 -17 22 -8 21 -9 -3 -21 25 -5 -12 -22 -10 -24
right_child=4 3 8 6 9 10 19 20 28 -11 26 -13 13 -15 -16 17 -18 -19 -20 23 27 -23 29 -25 -26 -27 -28 -29 -30 -31
leaf_value=-0.0030356596184032206 0.0071471078538646307 0.0014141036231286718 -0.0085370024555901959 -0.0050105796458177962 0.011170740393766513 -0.0049380386473032939 0.0042550652158256114 0.0046301112256266859 -0.0079230528115294876 0.0051043524631919964 -0.00038302224256606332 -0.0078378337274851474 0.0033510303841986959 0.0073923934134654708 0.00033001432819490105 -0.0025278975488618018 0.010555974606956755 0.0030955545141963135 0.0015553596495657177 0.0018467174521538253 0.002322535533156562 -0.0047492920174374287 -0.0020439661839981968 -0.0015680366879398486 -0.0059172935097625383 -0.00093481177585078533 -0.0037396722953886756 0.0050920829750024359 -0.0037607115126712613 0.00094988837650896102
leaf_weight=91 30 69 38 43 30 29 22 22 20 30 451 29 112 24 94 23 28 120 180 45 112 21 138 104 38 77 31 65 189 46
leaf_count=91 30 69 38 43 30 29 22 22 20 30 451 29 112 24 94 23 28 120 180 45 112 21 138 104 38 77 31 65 189 46
internal_value=1.81477e-12 -0.00101899 -0.0024249 0.000238032 0.00386011 -0.00148244 -0.00151567 0.0011216 -0.00483256 0.00813755 -0.000845158 -0.00419619 0.00326464 0.00297418 0.00269291 0.00347777 0.00479202 0.00219108 0.000321398 7.97538e-05 0.00269653 4.94724e-05 -0.000556519 -0.000536735 -0.00324236 -0.0023953 -0.000598906 0.0033396 -0.00415902 -0.0012955
internal_weight=2351 1860 878 982 491 631 329 653 247 60 511 120 431 401 377 283 140 143 433 171 220 43 253 149 158 120 482 177 209 184
internal_count=2351 1860 878 982 491 631 329 653 247 60 511 120 431 401 377 283 140 143 433 171 220 43 253 149 158 120 482 177 209 184
is_linear=0
shrinkage=0.05


Tree=51
num_leaves=31
num_cat=0
split_feature=0 0 31 0 0 2 4 1 0 0 33 5 0 13 6 9 35 8 9 6 11 27 29 10 8 0 13 27 0 0
split_gain=3.3524 1.15405 0.729395 0.52208 0.426573 0.399112 0.390285 0.378937 0.312147 0.299493 0.259671 0.289026 0.243286 0.235815 0.233493 0.228213 0.215158 0.187512 0.18308 0.179206 0.285412 0.149691 0.147064 0.172872 0.13949 0.128298 0.134287 0.247748 0.168534 0.122086
threshold=1250.5000000000002 1816.8333335000002 2.5000000000000004 600.05455535000021 776.09689920000017 2.5000000000000004 3.5000000000000004 2.5000000000000004 1176.6747140000002 2700.1742160000003 1.5000000000000002 1.0000000180025095e-35 1402.9809040000002 938.09769034223962 403.78288489795449 1618.0549938483591 26.500000000000004 10111.486730562714 839.75093107265434 8512.6669981637151 5098.2742900280546 31000.000000000004 15.641077194508151 725.76980249032863 9872.9806630965559 1449.9057595000002 1910.087600402522 31000.000000000004 1514.5000000000002 1974.7873565000002
decision_type=2 2 2 2 2 2 2 2 2 2 2 2 2 2 2 2 2 2 2 2 2 2 2 2 2 2 2 2 2 2
left_child=2 5 3 18 -4 13 12 8 24 14 11 15 -7 -2 -3 -6 -9 -13 -1 20 22 -15 -16 -24 -5 -14 27 -27 -28 -25
right_child=1 9 4 7 10 6 -8 16 -10 -11 -12 17 25 21 19 -17 -18 -19 -20 -21 -22 -23 23 29 -26 26 28 -29 -30 -31
leaf_value=-0.0028838766068184961 -0.0010217759409953237 9.4692878025983063e-05 -0.0068417371921967 4.2034208061861222e-05 -0.0040345668492099166 -0.0025151413528020591 0.0064811208708719778 -0.001922650705548186 0.0029573832272561914 0.010244208715691155 -0.0012947536041485888 0.0024625294193949387 0.0040423120704045608 0.0019677842746993216 0.0082837006915360695 -0.0089336488678148293 -0.0075850435122847559 -0.0041571860341355201 -0.0074459420549201558 0.0089284621817059817 -0.0010717562510676327 0.0041617389335094589 0.0064994897548880052 0.0053699931850837122 -0.0016323923581013722 -0.0045849584224116474 -0.0020438682285991187 0.0002652783322205045 0.0022442740857476352 0.0013606831355362523
leaf_weight=91 49 28 77 430 85 98 22 51 76 24 163 23 22 240 30 33 25 20 29 25 21 115 58 31 175 36 30 98 97 49
leaf_count=91 49 28 77 430 85 98 22 51 76 24 163 23 22 240 30 33 25 20 29 25 21 115 58 31 175 36 30 98 97 49
internal_value=2.71835e-12 0.00206057 -0.00173004 -0.000922325 -0.00349654 0.00111915 5.82875e-06 -0.00043661 -6.2897e-05 0.0049167 -0.00270154 -0.0041258 -0.000368073 0.00222971 0.00438835 -0.00540465 -0.00378528 -0.000616408 -0.00398638 0.00495014 0.0044239 0.0026785 0.00511086 0.00442111 -0.000442304 0.000375435 6.63499e-05 -0.00103777 0.00123133 0.00291429
internal_weight=2351 1073 1278 877 401 807 403 757 681 266 324 161 381 404 242 118 76 43 120 214 189 355 168 138 605 283 261 134 127 80
internal_count=2351 1073 1278 877 401 807 403 757 681 266 324 161 381 404 242 118 76 43 120 214 189 355 168 138 605 283 261 134 127 80
is_linear=0
shrinkage=0.05


Tree=52
num_leaves=31
num_cat=0
split_feature=0 0 31 31 6 12 0 35 0 5 33 0 35 27 13 27 32 12 10 0 14 0 0 0 0 34 0 13 1 10
split_gain=3.05349 1.10512 0.465407 0.464962 0.407206 0.486973 0.584596 0.345743 0.268595 0.24154 0.294524 0.35072 0.222283 0.198935 0.189376 0.172621 0.172416 0.280915 0.1888 0.397964 0.170798 0.202624 0.198794 0.165355 0.164411 0.138837 0.13204 0.131827 0.14298 0.152575
threshold=1614.5000000000002 957.39322455000013 2.5000000000000004 2.5000000000000004 9579.4975353190439 2951.6028602505958 2644.4444445000004 35.500000000000007 450.50000000000006 1.0000000180025095e-35 1.5000000000000002 1173.3779885000001 9.0000000000000018 25500.000000000004 2383.8162200536954 35500.000000000007 1.0000000180025095e-35 563.26655896161139 2732.4378386220237 800.09699320000016 3832.8463733941621 1210.0129645000002 1200.2872115000002 2002.5000000000002 1332.0820145 1.0000000180025095e-35 1470.0127550000002 2006.3039207857591 2.5000000000000004 1392.8371534077144
decision_type=2 2 2 2 2 2 2 2 2 2 2 2 2 2 2 2 2 2 2 2 2 2 2 2 2 2 2 2 2 2
left_child=1 3 15 8 5 6 12 -7 -1 10 11 -4 -2 -5 -15 24 17 -10 -19 -20 21 -12 -22 25 27 -14 -23 -3 -29 -30
right_child=4 2 9 13 -6 7 -8 -9 16 -11 20 -13 23 14 -16 -17 -18 18 19 -21 22 26 -24 -25 -26 -27 -28 28 29 -31
leaf_value=-0.0067143369322785959 0.006635836766137943 -0.0020543641019720978 -0.0061966323264193938 -0.0095112448977306488 0.010541871001478284 0.0016341123852622399 0.012004163713109764 -0.0057251794403418901 -0.0068867821842432024 0.0013684742437908427 -0.0014751541091064955 -0.0016746933470361881 -0.00038248589023565636 -0.0054625527919116021 -0.0017549692434840837 0.0015918921893539933 0.0021749709919095038 -0.00067030588489545232 -0.0089878613331719585 -0.0016182232648134232 0.00030009167768928983 0.0040925509927587376 -0.005147598474286497 0.0049697730052112431 0.0013963148718496271 0.0029289816376625653 -0.00079013597220182422 0.00085465587468295384 0.00060117946436198861 -0.004765189370071447
leaf_weight=26 51 102 65 20 20 79 22 20 25 70 58 126 39 102 52 314 30 260 23 90 33 45 34 81 159 168 20 164 26 27
leaf_count=26 51 102 65 20 20 79 22 20 25 70 58 126 39 102 52 314 30 260 23 90 33 45 34 81 159 168 20 164 26 27
internal_value=2.86427e-13 -0.000912695 -4.89576e-05 -0.00262229 0.00355761 0.00325394 0.00410588 0.000147387 -0.00178003 -0.00133107 -0.00182705 -0.00321357 0.00359331 -0.00481991 -0.00421064 0.000681133 -0.00148028 -0.0017558 -0.0014119 -0.00311824 -0.000433222 0.000673196 -0.00246441 0.00305453 8.28516e-05 0.00230508 0.00259019 -0.000571821 0.000125042 -0.00213263
internal_weight=2351 1871 1243 628 480 460 361 99 454 451 381 191 339 174 154 792 428 398 373 113 190 123 67 288 478 207 65 319 217 53
internal_count=2351 1871 1243 628 480 460 361 99 454 451 381 191 339 174 154 792 428 398 373 113 190 123 67 288 478 207 65 319 217 53
is_linear=0
shrinkage=0.05


Tree=53
num_leaves=31
num_cat=0
split_feature=0 0 1 0 11 0 10 0 2 0 27 25 0 8 14 6 2 8 7 8 11 29 14 20 0 0 2 0 7 0
split_gain=2.75577 1.01667 0.502894 0.572336 0.423376 0.461897 0.423489 0.371789 0.323013 0.42397 0.259377 0.21505 0.213537 0.212839 0.205299 0.229213 0.18793 0.202584 0.287535 0.178347 0.176278 0.248408 0.164426 0.160969 0.198858 0.150612 0.12922 0.170157 0.128225 0.126009
threshold=1614.5000000000002 1068.0000000000002 2.5000000000000004 1402.9809040000002 5543.1697981631614 561.00000000000011 3060.2609716569636 2400.5000000000005 1.5000000000000002 736.00000000000011 41000.000000000007 1.0000000180025095e-35 1258.5000000000002 8031.3199608089753 988.00789982792867 3208.9490436939673 3.5000000000000004 4743.8420004739874 1820.9755437584863 7690.705177819772 861.11875809937237 15.782780969002394 2765.7942533029177 1.5000000000000002 1888.5534840000003 800.09699320000016 2.5000000000000004 1499.9318245000002 2782.6986904270875 1205.8833550000002
decision_type=2 2 2 2 2 2 2 2 2 2 2 2 2 2 2 2 2 2 2 2 2 2 2 2 2 2 2 2 2 2
left_child=1 4 10 20 5 6 14 16 -7 -10 12 -9 -3 26 -1 -16 17 -2 -19 -11 -4 22 -22 -20 -25 -6 -5 -28 29 -12
right_child=7 2 3 13 25 8 -8 11 9 19 28 -13 -14 -15 15 -17 -18 18 23 -21 21 -23 -24 24 -26 -27 27 -29 -30 -31
leaf_value=-1.0149623267352582e-05 -0.0008622926226335353 -8.0100647805774052e-05 -0.0049887546729887764 0.0039953718289594958 -0.0086556596617246486 0.00075508856785721189 -0.010967769974377007 0.0093390424588793205 -0.0071152412048023613 -0.00070127773863239758 -0.0011201484887715196 0.0031273189720443708 0.0023097847189637831 -0.0006480997079445326 -0.0093434884445741783 -0.0028144810259308119 -0.00082907558353326758 0.0087689372361637648 0.0026662139167645013 -0.0025896909163660191 -0.0022861831996809035 -0.0059897668069849412 0.0013504533702388825 0.0028376531571848319 0.0094376011263756533 -0.0038431452609271419 0.0037870852782487356 -0.0011033562803514424 0.0055171453945186679 0.0043634860014373604
leaf_weight=32 29 248 63 54 29 149 22 38 36 295 20 22 150 148 20 41 32 24 289 217 85 30 49 25 21 37 29 46 49 22
leaf_count=32 29 248 63 54 29 149 22 38 36 295 20 22 150 148 20 41 32 24 289 217 85 30 49 25 21 37 29 46 49 22
internal_value=7.27255e-12 -0.00086706 0.000228903 -0.000879436 -0.00210657 -0.00179355 -0.00472938 0.00337973 -0.00130915 -0.00187042 0.00137124 0.00706141 0.00082061 0.000645857 -0.00325364 -0.00495514 0.00285377 0.00315751 0.00348223 -0.00150164 -0.0027407 -0.00187711 -0.000956368 0.00310348 0.00585067 -0.00595773 0.0021304 0.000787614 0.00377949 0.00175223
internal_weight=2351 1871 993 504 878 812 115 480 697 548 489 60 398 277 93 61 420 388 359 512 227 164 134 335 46 66 129 75 91 42
internal_count=2351 1871 993 504 878 812 115 480 697 548 489 60 398 277 93 61 420 388 359 512 227 164 134 335 46 66 129 75 91 42
is_linear=0
shrinkage=0.05


Tree=54
num_leaves=31
num_cat=0
split_feature=0 0 6 12 0 2 0 31 1 13 11 8 27 0 1 0 1 7 35 0 0 31 0 33 2 0 1 14 7 35
split_gain=2.50173 0.807393 0.48373 0.64665 0.551008 0.450508 0.492714 0.403266 0.314319 0.283371 0.23525 0.225474 0.208071 0.226192 0.197415 0.218886 0.190231 0.294835 0.185727 0.162775 0.158026 0.155884 0.20544 0.145518 0.140865 0.157427 0.178197 0.352371 0.194737 0.134881
threshold=1523.0000000000002 800.09699320000016 11436.335224182667 2951.6028602505958 2644.4444445000004 1.5000000000000002 500.50000000000006 2.5000000000000004 2.5000000000000004 1076.2250343069252 2953.5179989232156 8031.3199608089753 21500.000000000004 1068.0000000000002 2.5000000000000004 1273.5000000000002 3.5000000000000004 1820.9755437584863 35.500000000000007 2070.0000000000005 1600.0587200000002 2.5000000000000004 1678.4736840000003 1.5000000000000002 1.5000000000000002 1205.8833550000002 2.5000000000000004 2852.2268947698076 2157.6082014722401 46.500000000000007
decision_type=2 2 2 2 2 2 2 2 2 2 2 2 2 2 2 2 2 2 2 2 2 2 2 2 2 2 2 2 2 2
left_child=1 5 3 4 8 6 9 24 -2 -1 -11 -7 -9 -14 15 -15 17 -10 20 21 -5 -19 -23 -16 -3 29 -27 28 -28 -26
right_child=2 7 -4 18 -6 11 -8 12 16 10 -12 -13 13 14 23 -17 -18 19 -20 -21 -22 22 -24 -25 25 26 27 -29 -30 -31
leaf_value=-0.0012598289857403591 0.0078024443839826889 0.0030831614226917736 0.010151405042658251 -0.0026584609086057753 0.011049944069236518 -0.0030274337339660827 -0.00030627790651916982 -0.0059571541057756314 0.0072854349216712371 -0.011657435242973623 -0.0042588541876863346 -0.0075177157684094345 -0.0030209233844160875 -0.000245255978656203 -0.0028765222365058369 0.0046079133559639258 -0.00089024085480357638 0.0026443529765309334 -0.0043527323788461773 0.005512569705024362 0.0014774267880823914 0.003975275974371471 -0.0022058915676231067 -5.7407197782595173e-05 -0.00087880602206736659 0.0019951108470226508 -0.00013621230739065343 0.0020119255853410906 -0.0052358755137389291 0.001179381704661159
leaf_weight=26 31 40 21 32 22 47 156 26 35 21 22 69 142 103 107 30 36 246 26 39 83 20 41 80 424 175 36 78 39 98
leaf_count=26 31 40 21 32 22 47 156 26 35 21 22 69 142 103 107 30 36 246 26 39 83 20 41 80 424 175 36 78 39 98
internal_value=3.0793e-12 -0.000988973 0.00268995 0.0024335 0.00332443 -0.0031673 -0.00186238 -0.000449926 0.00294505 -0.00538053 -0.00787211 -0.00569838 -0.00160504 -0.00136012 -0.000623139 0.000849444 0.00258395 0.00291222 -0.000536279 0.00246984 0.000326571 0.00208331 -0.000179279 -0.00167048 0.000183443 4.69852e-05 0.000905402 -0.000340997 -0.00278804 -0.000492403
internal_weight=2351 1719 632 611 470 341 225 1378 448 69 43 116 488 462 320 133 417 381 141 346 115 307 61 187 890 850 328 153 75 522
internal_count=2351 1719 632 611 470 341 225 1378 448 69 43 116 488 462 320 133 417 381 141 346 115 307 61 187 890 850 328 153 75 522
is_linear=0
shrinkage=0.05


Tree=55
num_leaves=31
num_cat=0
split_feature=0 0 31 1 0 0 0 7 14 35 0 29 10 35 0 14 35 31 0 11 29 14 9 0 31 10 14 9 13 29
split_gain=2.27843 0.825957 0.505197 0.425034 0.483095 0.313573 0.28713 0.231232 0.240063 0.752318 0.246619 0.90901 0.218204 0.192608 0.17246 0.188432 0.234559 0.171828 0.170461 0.154223 0.215104 0.140191 0.137463 0.122173 0.209137 0.127836 0.120367 0.116118 0.11052 0.108075
threshold=1614.5000000000002 1068.0000000000002 2.5000000000000004 2.5000000000000004 1402.9809040000002 2700.1742160000003 600.05455535000021 8941.8691120046224 3346.1795337056815 35.500000000000007 1987.4768160000001 15.581953943131664 708.00282706921814 59.500000000000007 1147.5000000000002 4104.8456010490618 41.500000000000007 1.5000000000000002 656.00000000000011 861.11875809937237 15.782780969002394 2765.7942533029177 839.75093107265434 1437.9297325000002 2.5000000000000004 1839.66842254472 1734.7809644690544 1323.9372228394998 1910.087600402522 15.772912489480397
decision_type=2 2 2 2 2 2 2 2 2 2 2 2 2 2 2 2 2 2 2 2 2 2 2 2 2 2 2 2 2 2
left_child=1 2 6 14 19 7 22 8 10 -10 -2 -12 -13 29 26 16 -16 -17 -4 28 21 -21 -1 -6 -25 -26 27 -3 -5 -8
right_child=5 3 18 4 23 -7 13 -9 9 -11 11 12 -14 -15 15 17 -18 -19 -20 20 -22 -23 -24 24 25 -27 -28 -29 -30 -31
leaf_value=-0.0024008753590521168 0.0022908236131815311 0.0001550732826781941 -0.0069030603730904048 -0.0065663372906034486 0.0039912020224922651 0.0086436208570376035 0.00014239112710060046 0.0079043652152731309 0.0027188128946920411 -0.006707260088512192 0.014849825624842198 0.0056041266047395771 0.00044408106755110483 -0.0045958708064502167 0.0016073917493847748 0.0013290472753236401 0.0050093974077349739 -0.0033855235031633466 -0.0032625223821336536 -0.0020928561390268015 -0.0055487967715210596 0.0012651039699059247 -0.0063539420764347349 0.0013919994888382439 0.0013580219203571755 -0.0026919492485467343 0.00091329553614135283 -0.0044466046862698238 -0.002364668195388794 -0.0014332551909933225
leaf_weight=91 208 29 38 34 24 24 316 21 98 27 20 40 42 29 171 68 72 27 209 85 30 49 29 156 27 70 96 26 29 166
leaf_count=91 208 29 38 34 24 24 316 21 98 27 20 40 42 29 171 68 72 27 209 85 30 49 29 156 27 70 96 26 29 166
internal_value=-8.37462e-12 -0.000788397 -0.00190562 0.000199438 -0.000819497 0.00307311 -0.00115523 0.00277992 0.00253253 0.000682781 0.0032784 0.00529228 0.00296118 -0.000638366 0.00124963 0.00187724 0.00261539 -1.08834e-05 -0.00382261 -0.0025295 -0.00172175 -0.000864945 -0.0033562 0.000581844 0.000258427 -0.00156464 -0.00015522 -0.00202027 -0.00463224 -0.000400259
internal_weight=2351 1871 878 993 504 480 631 456 435 125 310 102 82 511 489 338 243 95 247 227 164 134 120 277 253 97 151 55 63 482
internal_count=2351 1871 878 993 504 480 631 456 435 125 310 102 82 511 489 338 243 95 247 227 164 134 120 277 253 97 151 55 63 482
is_linear=0
shrinkage=0.05


Tree=56
num_leaves=31
num_cat=0
split_feature=0 0 27 0 1 9 0 31 27 1 0 13 29 8 14 0 8 6 14 27 0 31 1 0 8 5 21 9 0 8
split_gain=2.06247 0.731477 0.468096 0.43745 0.403045 0.368531 0.322732 0.223566 0.216867 0.199375 0.246375 0.167741 0.235336 0.167276 0.157341 0.165527 0.153784 0.150394 0.25999 0.330268 0.211039 0.415349 0.142545 0.208002 0.190572 0.223765 0.134718 0.13148 0.183286 0.205323
threshold=1250.5000000000002 1816.8333335000002 19500.000000000004 570.50000000000011 2.5000000000000004 1464.9388872280681 1112.5555555000003 2.5000000000000004 41000.000000000007 2.5000000000000004 1402.9809040000002 2288.2725409247787 15.519123273767818 10111.486730562714 988.00789982792867 450.50000000000006 8461.4745106652354 8512.6669981637151 4104.8456010490618 37000.000000000007 1987.4768160000001 2.5000000000000004 1.5000000000000002 764.93216630000018 11396.267524933008 1.0000000180025095e-35 1.0000000180025095e-35 1543.1679208463272 1316.0185820000004 6082.8261983289731
decision_type=2 2 2 2 2 2 2 2 2 2 2 2 2 2 2 2 2 2 2 2 2 2 2 2 2 2 2 2 2 2
left_child=2 9 -1 5 6 14 7 13 17 -2 27 12 -6 -5 -4 -16 -10 18 20 -20 -3 -22 -9 -24 25 -25 -8 28 -11 -30
right_child=1 8 3 4 11 -7 26 22 16 10 -12 -13 -14 -15 15 -17 -18 -19 19 -21 21 -23 23 24 -26 -27 -28 -29 29 -31
leaf_value=-0.0075288722167412437 0.0022780993763486619 0.0013599928720699004 0.00012949443506923589 -1.6223186398861671e-05 -0.0015022619878873229 -0.009717188581176428 0.00062537780960645673 0.0012340470477938653 0.0084246133368364295 0.0022920745071850867 0.0009588575037190229 -0.0018149722129333226 -0.0077167022710618307 -0.0021820449937357419 -0.0077742269218322784 -0.0024844311112537983 0.0037590233312750406 0.0065688138684401147 -0.0030823130059886624 0.0036445536421120376 0.0097731629933343472 0.0011284355539828538 -0.0070370594821870334 -0.0041492080992265121 0.0011391447068724249 0.00041882686911978657 0.0039563588156188668 -0.0036288277383984841 -0.0060870641620741003 0.00035913740517571572
leaf_weight=30 191 39 33 437 25 23 169 25 38 38 481 76 39 112 21 50 33 26 37 36 33 24 25 105 35 36 37 46 21 30
leaf_count=30 191 39 33 437 25 23 169 25 38 38 481 76 39 112 21 50 33 26 37 36 33 24 25 105 35 36 37 46 21 30
internal_value=6.951e-13 0.00161623 -0.00135697 -0.00120861 -0.000893528 -0.00398978 -0.000535371 -0.00100293 0.0038901 0.000866724 0.000429106 -0.00340318 -0.00528919 -0.000458067 -0.00272314 -0.00404902 0.0062561 0.00302864 0.00248399 0.000235046 0.00419413 0.00613328 -0.00232652 -0.00276938 -0.00216318 -0.0029829 0.00122366 -0.00145838 -0.000336577 -0.00229518
internal_weight=2351 1073 1278 1248 1121 127 981 775 266 807 616 140 64 549 104 71 71 195 169 73 96 57 226 201 176 141 206 135 89 51
internal_count=2351 1073 1278 1248 1121 127 981 775 266 807 616 140 64 549 104 71 71 195 169 73 96 57 226 201 176 141 206 135 89 51
is_linear=0
shrinkage=0.05


Tree=57
num_leaves=31
num_cat=0
split_feature=0 0 6 12 0 31 31 35 32 5 0 14 5 33 0 0 32 12 14 0 0 20 8 22 6 2 11 8 0 2
split_gain=1.87651 0.692351 0.312812 0.351173 0.413812 0.287458 0.283071 0.257885 0.211891 0.20693 0.234193 0.298119 0.199192 0.232781 0.281694 0.188075 0.162946 0.216684 0.150529 0.192559 0.147444 0.147072 0.276543 0.136789 0.125561 0.131392 0.14117 0.141867 0.11533 0.111311
threshold=1614.5000000000002 957.39322455000013 9579.4975353190439 2951.6028602505958 2644.4444445000004 2.5000000000000004 2.5000000000000004 35.500000000000007 1.0000000180025095e-35 1.0000000180025095e-35 2002.5000000000002 2352.9862118273063 1.0000000180025095e-35 1.5000000000000002 1173.3779885000001 450.50000000000006 1.0000000180025095e-35 563.26655896161139 3832.8463733941621 1200.2872115000002 1210.0129645000002 1.0000000180025095e-35 8031.3199608089753 1.0000000180025095e-35 804.96188215530174 1.5000000000000002 1532.3776562198675 16281.125873643454 1470.0127550000002 2.5000000000000004
decision_type=2 2 2 2 2 2 2 2 2 2 2 2 2 2 2 2 2 2 2 2 2 2 2 2 2 2 2 2 2 2
left_child=1 5 3 4 8 15 -3 -5 9 10 29 -12 13 14 -8 -1 17 -17 20 -20 -15 22 -19 24 -7 -26 -27 -28 -22 -2
right_child=2 6 -4 7 -6 23 12 -9 -10 -11 11 -13 -14 18 -16 16 -18 21 19 -21 28 -23 -24 -25 25 26 27 -29 -30 -31
leaf_value=-0.0055353824049234395 0.0032516268994555448 0.00053755947432217351 0.0089103739615529788 0.001168689869224135 0.0098914023128930818 -0.0078969164790275211 -0.0053882273342549941 -0.005187143227085471 0.0078073416603729132 -0.0024219057334994433 0.0092198720587224805 0.0027466950429421242 0.0014197660506969053 -0.0010369248792844231 -0.001335630831292494 -0.00592979046702385 0.0023978750638586161 -0.0012981712944511101 0.00057095233844875384 -0.0047906242968405004 0.0038350536115467552 -0.00032962436583610521 -0.0068299352673680666 -0.0014580516600171511 -0.001026694346540447 -0.0075742294155662099 -5.8932886458933362e-05 -0.0057607922237366445 -0.00072821689507691196 0.0010116176989224807
leaf_weight=26 101 792 20 79 22 24 65 20 20 20 29 46 70 58 126 25 30 117 33 34 45 228 28 46 29 31 20 24 20 123
leaf_count=26 101 792 20 79 22 24 65 20 20 20 29 46 70 58 126 25 30 117 33 34 45 228 28 46 29 31 20 24 20 123
internal_value=4.33184e-12 -0.000715488 0.00278891 0.00252276 0.00324622 -0.00206866 -3.18278e-05 -0.000115317 0.00281497 0.00250197 0.00283133 0.00524966 -0.00103173 -0.00148213 -0.00271479 -0.0014064 -0.00115558 -0.00142343 -0.000242991 -0.00214985 0.000795703 -0.00112139 -0.00236637 -0.00379661 -0.00463702 -0.00388474 -0.00498985 -0.00316904 0.00243097 0.00202162
internal_weight=2351 1871 480 460 361 628 1243 99 339 319 299 75 451 381 191 454 428 398 190 67 123 373 145 174 128 104 75 44 65 224
internal_count=2351 1871 480 460 361 628 1243 99 339 319 299 75 451 381 191 454 428 398 190 67 123 373 145 174 128 104 75 44 65 224
is_linear=0
shrinkage=0.05


Tree=58
num_leaves=31
num_cat=0
split_feature=0 0 31 0 1 0 2 20 13 0 6 1 0 2 35 6 0 29 13 14 7 7 6 6 8 7 35 0 8 8
split_gain=1.70339 0.598791 0.373676 0.293841 0.256104 0.244836 0.231191 0.245493 0.221083 0.22005 0.204666 0.203709 0.200551 0.187209 0.161012 0.160827 0.23082 0.536853 0.13737 0.171435 0.132486 0.131886 0.207992 0.129901 0.105657 0.104682 0.100849 0.181478 0.206463 0.139972
threshold=1250.5000000000002 1713.0000000000002 2.5000000000000004 600.05455535000021 2.5000000000000004 776.09689920000017 2.5000000000000004 1.5000000000000002 938.09769034223962 2700.1742160000003 8654.7003549612182 2.5000000000000004 1176.6747140000002 3.5000000000000004 26.500000000000004 403.78288489795449 1987.4768160000001 15.641077194508151 1262.700399756757 2292.8352519860759 3962.713321692006 1224.6781170630586 4241.4935376937319 2752.8846916295956 9872.9806630965559 2466.3477946505859 35.500000000000007 1150.0779675000001 10111.486730562714 7690.705177819772
decision_type=2 2 2 2 2 2 2 2 2 2 2 2 2 2 2 2 2 2 2 2 2 2 2 2 2 2 2 2 2 2
left_child=2 6 3 23 12 21 8 -8 -2 10 13 26 24 15 -6 -3 18 -18 -17 -20 -13 -4 -23 -1 -5 -10 -7 28 29 -28
right_child=1 9 5 4 14 11 7 -9 25 -11 -12 20 -14 -15 -16 16 17 -19 19 -21 -22 22 -24 -25 -26 -27 27 -29 -30 -31
leaf_value=-0.0062439403647052442 -0.0019281940691836922 -8.8517397092894109e-05 -0.0019568416333640925 0.00013395986930084101 -0.0014323224475625538 -0.0021372200150855205 -0.00071773912820320294 0.0042519571147514165 0.0051040490414986078 0.0077414587149784598 0.007051835638972429 -0.0026018109577328921 0.0024374597062552842 -0.00085475096528075251 -0.0063306813510134816 0.0054383765768121796 0.012621892868774014 0.0032708481985785267 -0.0012961848874845985 0.002729349435869425 -0.0071230624699427821 -0.0097392618879675874 -0.0034647187484162195 -0.0021312456609621222 -0.0013233249819105759 0.0016735865760499709 -0.00030674894130037675 0.0041876358026638628 0.0022830540455141737 -0.0050209172306495027
leaf_weight=24 42 39 24 430 51 141 312 27 24 24 26 43 76 38 25 27 20 66 38 87 26 25 28 96 175 303 31 20 31 32
leaf_count=24 42 39 24 430 51 141 312 27 24 24 26 43 76 38 25 27 20 66 38 87 26 25 28 96 175 303 31 20 31 32
internal_value=3.16594e-12 0.00146881 -0.00123321 -0.000655076 -0.000290684 -0.00249759 0.000620732 -0.000321923 0.00148675 0.00311386 0.00278816 -0.0018953 1.6546e-05 0.00243624 -0.00304362 0.00288771 0.00337541 0.00544551 0.00220417 0.00150559 -0.00430547 -0.00503192 -0.00642441 -0.00295378 -0.000287569 0.00192536 -0.00124313 -0.000137291 -0.00105749 -0.00270125
internal_weight=2351 1073 1278 877 757 401 708 339 369 365 341 324 681 315 76 277 238 86 152 125 69 77 53 120 605 327 255 114 94 63
internal_count=2351 1073 1278 877 757 401 708 339 369 365 341 324 681 315 76 277 238 86 152 125 69 77 53 120 605 327 255 114 94 63
is_linear=0
shrinkage=0.05


Tree=59
num_leaves=31
num_cat=0
split_feature=12 29 29 10 6 2 10 12 23 4 8 4 8 28 5 7 1 33 8 4 3 7 14 32 33 2 8 4 5 29
split_gain=0.4588 0.301028 0.257067 0.224926 0.260446 0.159065 0.157377 0.146872 0.256735 0.223179 0.447328 0.219503 0.214743 0.206327 0.219735 0.165836 0.143399 0.158611 0.132493 0.130158 0.126266 0.121196 0.128078 0.131034 0.0855417 0.0981719 0.0869544 0.0849392 0.113296 0.114221
threshold=2951.6028602505958 15.747531577263588 16.058533290879371 3133.7169695525376 6901.1007683112284 2.5000000000000004 644.99926629151116 1215.3512493181827 1.5000000000000002 1.5000000000000002 7871.1600281527963 5.5000000000000009 7690.705177819772 1.0000000180025095e-35 1.0000000180025095e-35 2735.9857379738146 2.5000000000000004 1.5000000000000002 7690.705177819772 3.5000000000000004 0.70833333333333337 17800.451696724846 9613.0249967827858 1.0000000180025095e-35 1.5000000000000002 2.5000000000000004 11204.866315204101 3.5000000000000004 1.0000000180025095e-35 15.999547755737007
decision_type=2 2 2 2 2 2 2 2 2 2 2 2 2 2 2 2 2 2 2 2 2 2 2 2 2 2 2 2 2 2
left_child=2 3 6 4 -2 -5 -1 11 9 12 -11 13 20 18 16 -14 17 -15 27 21 -9 22 23 24 25 26 -3 28 29 -8
right_child=1 19 -4 5 -6 -7 7 8 -10 10 -12 -13 15 14 -16 -17 -18 -19 -20 -21 -22 -23 -24 -25 -26 -27 -28 -29 -30 -31
leaf_value=0.0040405711801401499 -0.0055352283517252016 -0.00060407527101536589 0.0060938653023913511 0.00036517218803055589 -0.00053958005504682659 0.004104656285086934 -0.003315706707204138 0.0038280837051570416 0.0051390111076590776 -0.0082956755964551133 0.0016505901153253105 0.0049865643826446371 -0.004458544836379588 -0.0067963247944135222 0.0023141386818939023 0.00027661766360658792 -0.0011840844700470501 -0.0016909429153170567 0.000562742981822066 0.0012575690148641234 0.0013286907284054906 0.0005652807187289 -0.0058688520645613189 -0.006377230839425466 -0.00085798041594922303 -0.0053059870470668 -0.0044286558402034095 0.0010209783218627754 0.001155601136815676 -0.00011330584367347319
leaf_weight=29 29 42 20 105 260 39 79 65 34 20 26 21 20 32 28 245 84 29 563 23 227 26 34 20 77 33 23 43 32 43
leaf_count=29 29 42 20 105 260 39 79 65 34 20 26 21 20 32 28 245 84 29 563 23 227 26 34 20 77 33 23 43 32 43
internal_value=-1.41937e-12 -0.00106082 0.000459905 -0.000236461 -0.00104087 0.00137795 0.00039035 0.000323815 0.000911722 0.000673367 -0.00267387 -6.87384e-05 0.0009498 -0.000182523 -0.00174097 -8.07531e-05 -0.00252402 -0.00436918 0.000172227 -0.00234481 0.00188506 -0.00266973 -0.00303702 -0.00254327 -0.0021051 -0.00308498 -0.00195739 -0.000943816 -0.00149243 -0.00218699
internal_weight=2351 711 1640 433 289 144 1620 1591 637 603 46 954 557 933 173 265 145 61 760 278 292 255 229 195 175 98 65 197 154 122
internal_count=2351 711 1640 433 289 144 1620 1591 637 603 46 954 557 933 173 265 145 61 760 278 292 255 229 195 175 98 65 197 154 122
is_linear=0
shrinkage=0.05


Tree=60
num_leaves=31
num_cat=0
split_feature=0 0 14 2 6 14 0 0 2 0 2 14 6 9 31 0 0 11 0 8 7 12 2 8 5 10 8 14 13 0
split_gain=1.50102 0.573338 0.372912 0.294206 0.263118 0.302022 0.397405 0.246094 0.261748 0.209562 0.333496 0.195889 0.184516 0.169292 0.164132 0.161973 0.134443 0.19206 0.132934 0.117142 0.120056 0.11495 0.107429 0.146159 0.198067 0.107583 0.104676 0.128447 0.0994995 0.0966854
threshold=1604.5000000000002 800.09699320000016 7185.5732734949152 1.5000000000000002 9579.4975353190439 6330.7380497539007 2700.1742160000003 1112.5555555000003 2.5000000000000004 437.04511395000003 1.5000000000000002 2721.9338495823222 2322.7099172799726 687.32891147388955 2.5000000000000004 746.00000000000011 500.50000000000006 1460.0031029077293 1258.5000000000002 4743.8420004739874 1274.7267606423795 3900.068870864407 2.5000000000000004 11396.267524933008 1.0000000180025095e-35 3133.7169695525376 8031.3199608089753 4288.4283702233015 938.09769034223962 1332.0820145
decision_type=2 2 2 2 2 2 2 2 2 2 2 2 2 2 2 2 2 2 2 2 2 2 2 2 2 2 2 2 2 2
left_child=1 2 9 -3 5 6 19 14 12 -1 16 15 -9 21 26 -12 17 -11 -15 -2 -21 -10 23 24 25 -16 27 -5 -14 -30
right_child=4 3 -4 7 -6 -7 -8 8 13 10 11 -13 28 18 22 -17 -18 -19 -20 20 -22 -23 -24 -25 -26 -27 -28 -29 29 -31
leaf_value=-0.0062821026292146634 -0.00069061593667632255 0.003843670068200418 -0.0087981015951796009 0.002447831615085752 0.0080759116681292653 -0.0034994703548198399 0.0092161752189332171 0.0022193785907567124 0.004349109707400203 0.00040721920509399344 -0.008437855745526782 -0.001649927101496597 -0.0017947719389877213 -0.0045605251452688015 -0.0028957025251127311 -0.0028281937952587301 0.00024937212919572604 -0.0061995880360799756 -0.0011411787063400148 0.0057637777626514432 0.0021837278863814711 -6.6820680720931189e-05 -0.0048675493326410307 0.00077714444094792359 0.00060583519387162393 -0.0070008663088083267 -0.0014488355232196615 -0.00044134497153442667 -5.6458867405766524e-05 0.0017592070845395182
leaf_weight=27 33 43 22 49 20 22 21 170 20 22 31 46 52 33 79 22 149 22 205 25 370 56 33 43 36 20 174 179 216 111
leaf_count=27 33 43 22 49 20 22 21 170 20 22 31 46 52 33 79 22 149 22 205 25 370 56 33 43 36 20 174 179 216 111
internal_value=3.13507e-12 -0.000649115 -0.00250188 -0.000233188 0.00245897 0.00222046 0.00250072 -0.000351958 0.000192172 -0.00206766 -0.00167797 -0.00403728 0.000850716 -0.000959232 -0.001118 -0.00610932 -0.00046775 -0.00289618 -0.00161529 0.00217122 0.00241031 0.00109527 -0.0022473 -0.00176152 -0.00257013 -0.00372503 -0.00052526 0.000179575 0.000236804 0.000559868
internal_weight=2351 1860 341 1519 491 471 449 1476 863 319 292 99 549 314 613 53 193 44 238 428 395 76 211 178 135 99 402 228 379 327
internal_count=2351 1860 341 1519 491 471 449 1476 863 319 292 99 549 314 613 53 193 44 238 428 395 76 211 178 135 99 402 228 379 327
is_linear=0
shrinkage=0.05


Tree=61
num_leaves=31
num_cat=0
split_feature=0 0 31 1 0 27 0 0 0 31 34 0 0 28 14 0 0 11 29 14 7 13 10 12 0 12 7 33 11 7
split_gain=1.35923 0.578766 0.293498 0.285433 0.370882 0.189515 0.183434 0.175498 0.150624 0.139001 0.293173 0.171806 0.200156 0.152583 0.143826 0.130246 0.120709 0.118442 0.147618 0.117966 0.111837 0.110201 0.1889 0.107696 0.0997544 0.140159 0.130997 0.0979642 0.173733 0.140396
threshold=1686.2175495000001 1068.0000000000002 2.5000000000000004 2.5000000000000004 1402.9809040000002 41000.000000000007 2700.1742160000003 600.05455535000021 1316.0185820000004 1.5000000000000002 1.0000000180025095e-35 2070.0000000000005 1974.7873565000002 1.0000000180025095e-35 1424.3510459491083 1378.0459365000004 656.00000000000011 861.11875809937237 15.782780969002394 2765.7942533029177 2782.6986904270875 1447.556867840123 725.76980249032863 563.26655896161139 1437.9297325000002 2951.6028602505958 2953.9437108896104 1.5000000000000002 2470.4202512283723 3962.713321692006
decision_type=2 2 2 2 2 2 2 2 2 2 2 2 2 2 2 2 2 2 2 2 2 2 2 2 2 2 2 2 2 2
left_child=1 2 7 5 17 8 9 21 -3 13 11 12 14 -2 -11 -10 -4 -5 19 -19 -7 -1 -23 -9 -6 26 -26 28 -18 -29
right_child=6 3 16 4 24 20 -8 23 15 10 -12 -13 -14 -15 -16 -17 27 18 -20 -21 -22 22 -24 -25 25 -27 -28 29 -30 -31
leaf_value=-0.00081626802150692275 0.0026449204062728949 6.5882353529949405e-05 -0.0055447693037996562 -0.0039345990629896287 0.0036041553646403678 0.0012888452956325465 0.0069229150355871148 -0.0034746366067275668 0.0047533352629813772 -0.00051811588293110787 -0.0040464437040297887 0.0053808939862453071 -0.0033713646442629398 0.0065085935486673286 0.0048430980215298722 0.0010594408203226824 -0.0021278966556613644 -0.0018005919459905915 -0.0045543662932080531 0.0012797121989673802 0.0048049393224016751 -0.0010517560335756571 -0.006235077462714309 -0.00033731976244671084 -0.0006866045516002679 -0.0011663278220715909 0.001873127790454481 -0.0025861703626373234 -0.0063535235498824883 0.0015200727960715693
leaf_weight=49 215 294 38 63 24 42 24 29 35 22 23 30 20 29 29 75 75 85 30 49 49 32 39 482 76 113 146 68 36 30
leaf_count=49 215 294 38 63 24 42 24 29 35 22 23 30 20 29 29 75 75 85 30 49 49 32 39 482 76 113 146 68 36 30
internal_value=-1.67539e-12 -0.000537795 -0.0014914 0.000236736 -0.000509993 0.00112074 0.0026876 -0.000919452 0.000656421 0.00241139 0.00104825 0.00220842 0.000867944 0.00310413 0.00253042 0.00223477 -0.00295254 -0.00209187 -0.001384 -0.000674212 0.00318213 -0.00264018 -0.00389893 -0.000515367 0.000490249 0.000267163 0.000996823 -0.00248123 -0.00349837 -0.00132916
internal_weight=2351 1959 878 1081 586 495 392 631 404 368 124 101 71 244 51 110 247 227 164 134 91 120 71 511 359 335 222 209 111 98
internal_count=2351 1959 878 1081 586 495 392 631 404 368 124 101 71 244 51 110 247 227 164 134 91 120 71 511 359 335 222 209 111 98
is_linear=0
shrinkage=0.05


Tree=62
num_leaves=31
num_cat=0
split_feature=0 0 0 1 14 2 3 0 2 12 14 0 1 4 4 10 14 6 6 0 0 17 31 0 14 35 13 29 12 10
split_gain=1.2325 0.438705 0.275833 0.373511 0.327238 0.228548 0.210208 0.24789 0.320822 0.215795 0.169338 0.1658 0.16311 0.151937 0.170647 0.160497 0.169747 0.148431 0.293032 0.369556 0.145128 0.118476 0.115246 0.111058 0.109114 0.196038 0.105136 0.171107 0.0965844 0.160557
threshold=1250.5000000000002 1776.0000000000002 800.09699320000016 2.5000000000000004 7185.5732734949152 1.5000000000000002 0.87500000000000011 489.09803920000007 1.5000000000000002 1450.9086728696195 2765.7942533029177 1112.5555555000003 2.5000000000000004 3.5000000000000004 1.5000000000000002 1230.0430918935217 988.00789982792867 8654.7003549612182 6707.8926036314115 2700.1742160000003 746.00000000000011 1.5000000000000002 2.5000000000000004 1100.0127910000003 7185.5732734949152 35.500000000000007 2288.2725409247787 15.519123273767818 4208.8138379810798 1839.66842254472
decision_type=2 2 2 2 2 2 2 2 2 2 2 2 2 2 2 2 2 2 2 2 2 2 2 2 2 2 2 2 2 2
left_child=2 12 4 5 6 -4 -1 9 -9 -8 20 23 28 14 15 16 -14 18 19 21 -10 -3 -17 -7 25 -13 27 -5 29 -2
right_child=1 17 3 26 -6 11 7 8 10 -11 -12 24 13 -15 -16 22 -18 -19 -20 -21 -22 -23 -24 -25 -26 -27 -28 -29 -30 -31
leaf_value=0.0021989427890291373 0.001458748763290477 0.0032950253934353776 0.0034499589259389834 -0.0012462890464812518 -0.0081646848808635368 -0.00069873799140059395 -0.0026693115100985577 -5.6517998942220258e-05 -0.0078995703449172353 -0.0091442564460025594 -0.0014725335248269489 0.00011422801061577392 -0.0011690334635204636 0.0038617448700177998 -0.0035235533530112665 0.00063637474313613844 0.0026890349317943889 0.0069196301867209742 -0.0019422372097324114 0.0096585819404572254 -0.0025896129579367965 0.00078407705964585184 -0.0011192301249634106 -0.0044944136214326138 -0.0025890353310387584 0.0036226398921732246 -0.0017330263233414772 -0.0065452654511691678 -0.00048979427998087236 0.0051029869377976515
leaf_weight=29 115 163 41 25 22 529 31 141 31 22 43 127 39 27 32 174 106 21 32 20 22 66 202 20 21 58 77 39 35 41
leaf_count=29 115 163 41 25 22 529 31 141 31 22 43 127 39 27 32 174 106 21 32 20 22 66 202 20 21 58 77 39 35 41
internal_value=3.09677e-13 0.0012494 -0.00104899 -0.000605857 -0.00226663 -0.000185706 -0.00185987 -0.00226575 -0.00157446 -0.00535702 -0.00380393 -0.00038314 0.000616653 0.000199316 2.04998e-05 0.000238177 0.00165135 0.0028648 0.00256177 0.0031406 -0.00569544 0.00257135 -0.000306796 -0.000837014 0.000826458 0.00121416 -0.00297777 -0.00447535 0.00188396 0.00241653
internal_weight=2351 1073 1278 937 341 796 319 290 237 53 96 755 771 580 553 521 145 302 281 249 53 229 376 549 206 185 141 64 191 156
internal_count=2351 1073 1278 937 341 796 319 290 237 53 96 755 771 580 553 521 145 302 281 249 53 229 376 549 206 185 141 64 191 156
is_linear=0
shrinkage=0.05


Tree=63
num_leaves=31
num_cat=0
split_feature=31 14 14 35 29 35 6 7 35 1 9 1 6 33 32 14 13 4 26 9 2 6 6 35 33 9 31 31 28 6
split_gain=0.50031 0.345653 0.263844 0.241883 0.171955 0.169916 0.140405 0.208993 0.223211 0.149826 0.132333 0.119545 0.109822 0.103381 0.093455 0.0803538 0.121872 0.0946521 0.529216 0.128405 0.0704003 0.148159 0.0661119 0.0611657 0.0551623 0.0486016 0.0585799 0.0471572 0.0452595 0.0390296
threshold=1.0000000180025095e-35 6836.8329924482468 1549.8430013626644 54.500000000000007 16.058533290879371 28.500000000000004 932.24764698187471 3817.3268875840326 35.500000000000007 1.5000000000000002 1186.1447019150276 3.5000000000000004 3208.9490436939673 1.5000000000000002 1.0000000180025095e-35 5148.0152913946886 4284.1779632830003 1.5000000000000002 1.0000000180025095e-35 170.12925284434638 2.5000000000000004 1725.1871084471863 2951.8766352632442 40.500000000000007 1.5000000000000002 1699.0884490885539 2.5000000000000004 1.5000000000000002 1.0000000180025095e-35 446.89858853999931
decision_type=2 2 2 2 2 2 2 2 2 2 2 2 2 2 2 2 2 2 2 2 2 2 2 2 2 2 2 2 2 2
left_child=-1 2 5 10 6 12 7 8 29 -8 27 15 24 -12 25 17 -17 19 -19 -11 -21 -22 -20 -10 -2 28 -27 -3 -7 -4
right_child=1 3 4 -5 -6 14 9 -9 23 11 13 -13 -14 -15 -16 16 -18 18 22 20 21 -23 -24 -25 -26 26 -28 -29 -30 -31
leaf_value=0.0062092449603369463 -0.0031858253403863109 -0.00071658815347379258 0.00027404967329309565 0.0030721489514689893 0.0050171157483765412 8.7073043687269092e-05 -0.00060933084405405684 0.0019379696502792054 -0.002442909019226407 0.00084455656200431949 -0.006067885180236772 0.0046220785130888387 -0.00074029890652228564 -0.0022210008539860289 0.0027447059919888327 -0.0026410472642185469 0.00069993974806669529 -0.005971931292313255 0.0011089581695242405 0.0032622167646490122 9.3147022585805155e-05 0.0047919083386659626 0.0050809488154482099 -0.005637301889840852 -0.0011191496963946005 0.0010585747124143663 -0.0017103060931226031 -0.0029722024862830704 0.0022425549553840292 -0.001099990994334803
leaf_weight=32 88 62 146 20 21 187 160 78 47 324 40 23 315 31 33 35 124 27 22 115 62 23 20 22 51 26 72 37 28 80
leaf_count=32 88 62 146 20 21 187 160 78 47 324 40 23 315 31 33 35 124 27 22 115 62 23 20 22 51 26 72 37 28 80
internal_value=-2.40121e-12 -8.56817e-05 9.6678e-05 -0.00212907 0.000528533 -0.000620741 0.000456469 -0.00036371 -0.000972289 0.000783663 -0.00274098 0.00107125 -0.00125688 -0.00438826 0.000213961 0.000962646 -3.54976e-05 0.00123028 -0.000510523 0.0014595 0.00245572 0.00136458 0.00300038 -0.00346141 -0.00242755 -5.28591e-05 -0.000975705 -0.0015596 0.000367787 -0.000212336
internal_weight=2351 2319 2129 190 1329 800 1308 373 295 935 170 775 454 71 346 752 159 593 69 524 200 85 42 69 139 313 98 99 215 226
internal_count=2351 2319 2129 190 1329 800 1308 373 295 935 170 775 454 71 346 752 159 593 69 524 200 85 42 69 139 313 98 99 215 226
is_linear=0
shrinkage=0.05


Tree=64
num_leaves=31
num_cat=0
split_feature=31 12 29 27 2 6 35 27 12 10 4 12 27 11 32 1 6 10 4 6 3 3 23 1 1 5 33 10 1 31
split_gain=0.45153 0.450302 0.20201 0.152172 0.448943 0.27377 0.136269 0.276407 0.207935 0.13039 0.129682 0.10644 0.102888 0.0941998 0.124336 0.0927386 0.0827502 0.0715686 0.0704187 0.0680615 0.057273 0.0494417 0.0476534 0.0647545 0.0533222 0.0431765 0.0686701 0.0766502 0.0496152 0.0410085
threshold=1.0000000180025095e-35 2951.6028602505958 16.058533290879371 37000.000000000007 3.5000000000000004 595.11076536840289 54.500000000000007 19500.000000000004 4805.3647462664367 2012.607282319846 3.5000000000000004 1118.7676609053713 56500.000000000007 1426.1821576047453 1.0000000180025095e-35 1.5000000000000002 1428.7695973592411 4574.7230069646494 3.5000000000000004 6267.7851705799758 0.70833333333333337 0.87500000000000011 1.5000000000000002 1.5000000000000002 2.5000000000000004 1.0000000180025095e-35 1.5000000000000002 3095.0565212803708 2.5000000000000004 2.5000000000000004
decision_type=2 2 2 2 2 2 2 2 2 2 2 2 2 2 2 2 2 2 2 2 2 2 2 2 2 2 2 2 2 2
left_child=-1 2 3 5 10 -2 7 -3 9 -9 11 21 20 29 16 -11 18 -10 -15 -17 -13 -5 23 -22 -25 26 27 -21 -28 -7
right_child=1 6 -4 4 -6 13 -8 8 17 15 -12 12 -14 14 -16 19 -18 -19 -20 25 22 -23 -24 24 -26 -27 28 -29 -30 -31
leaf_value=0.0058987824944779282 -0.0033564185914507169 -0.0054117211131501555 0.0053675245220074427 0.001514322632588013 0.0074382795020937927 -0.0035582100834951483 0.0029185414512176069 -0.0055905584804713734 0.00081168314007486631 -0.0037114940356554058 -0.0028466086073492009 0.002324741607059865 0.0045111268024851129 -0.0014259167141592733 0.0038765733818645065 -0.001967112427974474 0.0004333492094430048 -0.0013621073990943843 0.00080544792248734415 -0.00042797676368435436 -0.00096973076891757699 -0.00034151291649725318 0.0029540259715007699 0.0016021037365955869 5.1132890573506688e-05 0.0016087203921051696 -0.0010075360480523497 -0.0029199808879100063 0.0019028231967240573 -0.00077131765781704225
leaf_weight=32 61 38 20 43 25 22 20 20 156 41 26 73 23 127 23 163 579 50 49 72 54 217 23 133 95 20 27 54 32 33
leaf_count=32 61 38 20 43 25 22 20 20 156 41 26 73 23 127 23 163 579 50 49 72 54 217 23 133 95 20 27 54 32 33
internal_value=6.03493e-14 -8.13976e-05 0.000373463 0.00031127 0.000856642 -0.000123076 -0.00114865 -0.00126951 -0.00102163 -0.00164861 0.000617136 0.00075338 0.00126428 0.0001137 0.000255072 -0.00145585 0.000144748 0.000284064 -0.000804685 -0.00120454 0.00106672 -3.45863e-05 0.000765621 0.000587135 0.000955866 -0.000598205 -0.000836791 -0.00149598 0.000570964 -0.00188607
internal_weight=2351 2319 1626 1606 712 894 693 673 635 429 687 661 401 833 778 409 755 206 176 368 378 260 305 282 228 205 185 126 59 55
internal_count=2351 2319 1626 1606 712 894 693 673 635 429 687 661 401 833 778 409 755 206 176 368 378 260 305 282 228 205 185 126 59 55
is_linear=0
shrinkage=0.05


Tree=65
num_leaves=31
num_cat=0
split_feature=31 12 29 27 2 6 35 27 12 10 4 12 27 11 32 1 6 10 4 6 3 3 6 1 1 31 5 31 6 31
split_gain=0.407506 0.406398 0.182314 0.137335 0.405171 0.247077 0.122983 0.249457 0.187662 0.117677 0.117038 0.0960623 0.0928562 0.0850153 0.112213 0.0836966 0.0746821 0.0645907 0.0635529 0.0614255 0.0516889 0.0446212 0.0437038 0.0407914 0.0744362 0.0404745 0.0389668 0.0370102 0.0365424 0.0690598
threshold=1.0000000180025095e-35 2951.6028602505958 16.058533290879371 37000.000000000007 3.5000000000000004 595.11076536840289 54.500000000000007 19500.000000000004 4805.3647462664367 2012.607282319846 3.5000000000000004 1118.7676609053713 56500.000000000007 1426.1821576047453 1.0000000180025095e-35 1.5000000000000002 1428.7695973592411 4574.7230069646494 3.5000000000000004 6267.7851705799758 0.70833333333333337 0.87500000000000011 804.96188215530174 1.5000000000000002 2.5000000000000004 1.5000000000000002 1.0000000180025095e-35 2.5000000000000004 804.96188215530174 2.5000000000000004
decision_type=2 2 2 2 2 2 2 2 2 2 2 2 2 2 2 2 2 2 2 2 2 2 2 2 2 2 2 2 2 2
left_child=-1 2 3 5 10 -2 7 -3 9 -9 11 21 20 27 16 -11 18 -10 28 -17 -13 -5 -22 -24 -25 -19 -21 -7 -15 -30
right_child=1 6 -4 4 -6 13 -8 8 17 15 -12 12 -14 14 -16 19 -18 25 -20 26 22 -23 23 24 -26 -27 -28 -29 29 -31
leaf_value=0.0056038435242953717 -0.0031885976125448027 -0.0051411351305432618 0.005099148316076026 0.0014386064613444074 0.0070663653239607816 -0.0033802994999198501 0.0027726143793552187 -0.0053110305825248361 0.00077109898799487082 -0.0035259193780536693 -0.0027042782417713452 0.0022085045090372585 0.0042855704481632494 -0.0027296956829793218 0.0036827447540734126 -0.001868756826998426 0.0004116817584753098 -0.0030362957261240811 0.00076517548640163587 -0.00079495190448093081 0.0019624752976534214 -0.00032443726850452396 -0.00076322708882137463 0.0018183855351078541 -0.00015327066717909116 -0.00013247294351458549 0.0015282843541353942 -0.000732751793199868 0.0017677063489099966 -0.0015534949754106089
leaf_weight=32 61 38 20 43 25 22 20 20 156 41 26 73 23 35 23 163 579 20 49 185 58 217 55 91 101 30 20 33 20 72
leaf_count=32 61 38 20 43 25 22 20 20 156 41 26 73 23 35 23 163 579 20 49 185 58 217 55 91 101 30 20 33 20 72
internal_value=-7.22752e-12 -7.73277e-05 0.000354789 0.000295706 0.00081381 -0.000116922 -0.00109121 -0.00120604 -0.000970551 -0.00156618 0.000586279 0.000715711 0.00120107 0.000108015 0.000242318 -0.00138306 0.000137511 0.000269861 -0.00076445 -0.00114431 0.00101339 -3.2857e-05 0.00072734 0.000437309 0.000781212 -0.001294 -0.000568295 -0.00179177 -0.00135462 -0.000831495
internal_weight=2351 2319 1626 1606 712 894 693 673 635 429 687 661 401 833 778 409 755 206 176 368 378 260 305 247 192 50 205 55 127 92
internal_count=2351 2319 1626 1606 712 894 693 673 635 429 687 661 401 833 778 409 755 206 176 368 378 260 305 247 192 50 205 55 127 92
is_linear=0
shrinkage=0.05


Tree=66
num_leaves=31
num_cat=0
split_feature=0 0 0 2 9 9 2 0 14 0 13 14 28 23 0 0 2 4 13 3 0 0 23 2 7 6 0 12 9 7
split_gain=1.02232 0.356266 0.241971 0.258301 0.232277 0.216516 0.204045 0.285929 0.135465 0.128715 0.139998 0.193678 0.141178 0.128518 0.123032 0.11644 0.111794 0.217786 0.172537 0.108006 0.149249 0.14311 0.104081 0.0969002 0.145889 0.126547 0.102624 0.113274 0.0966441 0.0951892
threshold=1250.5000000000002 1713.0000000000002 570.50000000000011 2.5000000000000004 1464.9388872280681 742.65847665882859 1.5000000000000002 800.09699320000016 988.00789982792867 2700.1742160000003 1072.8826300573025 1424.3510459491083 1.0000000180025095e-35 1.5000000000000002 776.09689920000017 500.50000000000006 2.5000000000000004 3.5000000000000004 938.09769034223962 0.87500000000000011 1196.5000000000002 1125.0270445000003 1.5000000000000002 2.5000000000000004 4945.8962339110449 3493.988231602309 1974.7873565000002 1450.9086728696195 687.32891147388955 2466.3477946505859
decision_type=2 2 2 2 2 2 2 2 2 2 2 2 2 2 2 2 2 2 2 2 2 2 2 2 2 2 2 2 2 2
left_child=2 16 4 6 8 -5 14 -8 -1 10 -3 -12 23 -7 -4 -10 18 28 -2 20 -9 -21 -23 25 26 -13 -25 -28 -18 -20
right_child=1 9 3 5 -6 13 7 19 15 -11 11 12 -14 -15 -16 -17 17 -19 29 21 -22 22 -24 24 -26 -27 27 -29 -30 -31
leaf_value=0.00063205900968927328 -0.0019308615971004612 0.0052527841406338144 0.00017225355615170258 0.00083976652822457263 -0.0075684880245598446 -0.0067946067205756095 -0.0033525092691796053 -0.00049966329040924192 -0.0048405547999374743 0.005946028434361021 -0.0012050609476864339 0.0067063285829499358 0.0055138383240949732 -0.002096629556035623 0.003175123480269024 -0.00071596100044968942 0.0010806343779380162 0.0048895613499917098 0.0045045594762389866 -0.0007309133497111096 -0.0055899677884250799 0.00024148568645004036 0.0030862617919721258 0.00334925781592444 -0.0026401909491555256 0.0022036272242114368 -0.0023884361771785694 0.0020152072451310233 -0.00097160218790465528 0.0012333310666039169
leaf_weight=33 42 33 103 22 23 37 98 36 44 24 45 20 31 24 51 28 75 20 24 565 24 149 41 56 22 71 23 40 244 303
leaf_count=33 42 33 103 22 23 37 98 36 44 24 45 20 31 24 51 28 75 20 24 565 24 149 41 56 22 71 23 40 244 303
internal_value=-1.71848e-12 0.00113789 -0.000955368 -0.000725837 -0.00301757 -0.00341259 -0.000516839 -0.000800812 -0.0020207 0.0024068 0.0021577 0.00182608 0.00234472 -0.00494622 0.00116671 -0.00323655 0.000483729 -0.000171776 0.00108594 -0.000493982 -0.00253579 -0.000331719 0.000855358 0.00192126 0.00110034 0.00319323 0.00179187 0.000407528 -0.000489101 0.00147342
internal_weight=2351 1073 1278 1150 128 83 1067 913 105 365 341 308 263 61 154 72 708 339 369 815 60 755 190 232 141 91 119 63 319 327
internal_count=2351 1073 1278 1150 128 83 1067 913 105 365 341 308 263 61 154 72 708 339 369 815 60 755 190 232 141 91 119 63 319 327
is_linear=0
shrinkage=0.05


Tree=67
num_leaves=31
num_cat=0
split_feature=0 0 35 23 0 2 0 35 9 0 35 1 8 9 7 2 9 8 20 0 12 13 7 0 4 22 29 8 9 35
split_gain=0.924321 0.379759 0.24584 0.183277 0.159524 0.269903 0.173496 0.191587 0.150002 0.139609 0.13815 0.145143 0.168026 0.135553 0.135239 0.196235 0.285788 0.138411 0.119657 0.130592 0.109771 0.100892 0.100584 0.101646 0.136297 0.10859 0.0945731 0.0905645 0.111135 0.0893749
threshold=1604.5000000000002 924.8513870500002 57.000000000000007 1.0000000180025095e-35 489.09803920000007 1.5000000000000002 736.00000000000011 36.500000000000007 1374.0269282138609 2700.1742160000003 46.500000000000007 2.5000000000000004 10571.62173694949 823.63989336689565 8941.8691120046224 3.5000000000000004 1427.5732307498567 4743.8420004739874 1.5000000000000002 1947.5000000000002 5655.4917333368712 2334.3862241665597 2953.9437108896104 1092.1720980000002 1.5000000000000002 1.0000000180025095e-35 15.761141961393816 9976.5701225000685 5748.916892358794 20.500000000000004
decision_type=2 2 2 2 2 2 2 2 2 2 2 2 2 2 2 2 2 2 2 2 2 2 2 2 2 2 2 2 2 2
left_child=1 2 4 21 13 8 7 -7 -6 14 22 -12 -13 -1 15 17 -17 -2 -19 -20 26 -3 -5 25 29 -24 -8 -23 -29 -25
right_child=9 3 -4 10 5 6 20 -9 -10 -11 11 12 -14 -15 -16 16 -18 18 19 -21 -22 27 23 24 -26 -27 -28 28 -30 -31
leaf_value=-0.0019786550702216728 -0.0013087464481472009 -0.0021950790848832848 -0.0051670247233576248 -0.00050567841235684211 1.1520982814928223e-05 -0.0017791570998467608 -0.00027647665875988562 -0.0084704304733895699 0.0045197998794416589 0.0056487270204039911 0.0029509486035689467 0.0021068440788076259 -0.0027540816006876414 -0.0069612724373915372 0.0056596949674366489 -0.0058334412141924814 0.0022341691524438239 0.0017904088438473759 0.0024283982533961535 0.0074158574521009414 -0.0047629502009261743 -0.0036150437965989119 -0.0025856886734982256 0.00086884199903839289 -0.0020089642064973572 0.00038550904445626769 -0.0026310590384084555 0.00035926605803459618 -0.0032045960479299539 0.0030490854510490965
leaf_weight=39 31 123 45 423 152 23 132 20 21 24 91 40 32 21 21 21 23 315 35 21 22 20 40 112 27 133 63 175 25 81
leaf_count=39 31 123 45 423 152 23 132 20 21 24 91 40 32 21 21 21 23 315 35 21 22 20 40 112 27 133 63 175 25 81
internal_value=3.72386e-12 -0.000509377 -0.00162931 -5.36098e-05 -0.0013064 -0.000971591 -0.00198987 -0.00489138 0.000558769 0.00192962 0.000294859 0.0016238 -5.35673e-05 -0.00372257 0.00173848 0.00155385 -0.00161628 0.00190083 0.00216902 0.0042987 -0.00141491 -0.00104822 2.93963e-05 0.000605316 0.00131838 -0.000301473 -0.00103719 -0.000407019 -8.62167e-05 0.00178387
internal_weight=2351 1860 538 1322 493 433 260 43 173 491 979 163 72 60 467 446 44 402 371 56 217 343 816 393 220 173 195 220 200 193
internal_count=2351 1860 538 1322 493 433 260 43 173 491 979 163 72 60 467 446 44 402 371 56 217 343 816 393 220 173 195 220 200 193
is_linear=0
shrinkage=0.05


Tree=68
num_leaves=31
num_cat=0
split_feature=0 0 1 0 2 0 32 2 0 0 1 9 0 23 0 11 29 7 11 9 10 0 8 0 8 35 0 12 9 1
split_gain=0.84827 0.29752 0.208948 0.294069 0.226858 0.223566 0.379847 0.217567 0.149517 0.138717 0.133809 0.121336 0.1941 0.163782 0.121043 0.114734 0.118486 0.230909 0.178742 0.110188 0.189102 0.104089 0.0990983 0.0930596 0.0902965 0.0880627 0.0839791 0.175764 0.0893912 0.143198
threshold=1250.5000000000002 1816.8333335000002 2.5000000000000004 764.93216630000018 1.5000000000000002 437.04511395000003 1.0000000180025095e-35 1.5000000000000002 500.50000000000006 1112.5555555000003 2.5000000000000004 922.57891998798493 1196.5000000000002 1.5000000000000002 1402.9809040000002 341.35912554649826 15.772912489480397 4272.05818672033 2136.0657290336908 1427.5732307498567 911.91732693850838 700.1548011000001 10111.486730562714 1100.0127910000003 11420.767028190747 19.500000000000004 1082.5000000000002 1354.7017714162462 2211.5037308874312 1.5000000000000002
decision_type=2 2 2 2 2 2 2 2 2 2 2 2 2 2 2 2 2 2 2 2 2 2 2 2 2 2 2 2 2 2
left_child=2 10 3 4 5 -1 8 -5 -7 23 -2 12 25 -13 -12 -3 17 18 -17 20 -18 -6 -16 26 -11 -4 28 -28 -9 -30
right_child=1 15 11 7 21 6 -8 9 -10 24 14 13 -14 -15 22 16 19 -19 -20 -21 -22 -23 -24 -25 -26 -27 27 -29 29 -31
leaf_value=-0.0056118429647758605 0.0017147572981730027 -0.00054079821233504592 -0.001150210431566642 0.0028706601930951533 -0.0062055938040813143 -0.0043054621912435526 0.0051582212299108509 -0.0011704468457392945 -0.00064848751397803429 0.0013261148890309508 -0.0011229828381005469 -0.0070851671220413569 -0.004202013737889693 -0.0017239680152020551 0.0011263037331282794 0.0036805558507592324 0.0022811406114164531 0.0072533586599664501 -0.0010319390405829135 0.0037854796913903092 -0.0036891345655368198 -0.0025285908003122764 -0.00035674730176752848 -0.0041275603647227396 -0.0011155826734247968 0.0031053343554958701 0.0049360360797800241 -0.0010041547785724768 -0.0025508840775324243 0.0017530381854157897
leaf_weight=25 191 28 31 55 38 36 25 415 125 156 135 29 38 28 301 89 36 35 26 31 21 39 180 20 50 20 20 33 27 68
leaf_count=25 191 28 31 55 38 36 25 415 125 156 135 29 38 28 301 89 36 35 26 31 21 39 180 20 50 20 20 33 27 68
internal_value=-3.92193e-12 0.00103652 -0.000870252 -0.000640649 -0.00202023 -0.0011725 -0.000575817 -0.000169892 -0.0014662 -0.000381845 0.000558512 -0.00265046 -0.00149693 -0.0044516 0.0002 0.0024867 0.00284288 0.00369738 0.00261512 0.00138635 8.15655e-05 -0.00434322 0.000571316 -0.000775935 0.00073347 0.000518631 -0.000656872 0.00123743 -0.000853731 0.000529818
internal_weight=2351 1073 1278 1132 288 211 186 844 161 789 807 146 89 57 616 266 238 150 115 88 57 77 481 583 206 51 563 53 510 95
internal_count=2351 1073 1278 1132 288 211 186 844 161 789 807 146 89 57 616 266 238 150 115 88 57 77 481 583 206 51 563 53 510 95
is_linear=0
shrinkage=0.05


Tree=69
num_leaves=31
num_cat=0
split_feature=0 0 1 0 2 0 32 2 1 0 0 6 12 0 0 9 0 12 1 8 0 6 29 0 4 10 25 35 14 35
split_gain=0.765563 0.269888 0.188576 0.265397 0.20474 0.201769 0.342812 0.196354 0.138182 0.134939 0.125306 0.111673 0.191729 0.185843 0.174658 0.109506 0.175176 0.146853 0.0999127 0.125465 0.163526 0.333926 0.191075 0.0939405 0.0876914 0.100722 0.12956 0.087509 0.0965587 0.0794766
threshold=1250.5000000000002 1713.0000000000002 2.5000000000000004 764.93216630000018 1.5000000000000002 437.04511395000003 1.0000000180025095e-35 1.5000000000000002 2.5000000000000004 500.50000000000006 1125.0270445000003 8654.7003549612182 2951.6028602505958 2644.4444445000004 2051.3275325000004 922.57891998798493 1196.5000000000002 2119.0331493252602 3.5000000000000004 6714.6525855422287 1987.4768160000001 2951.8766352632442 15.450930039315525 700.1548011000001 3.5000000000000004 1230.0430918935217 1.0000000180025095e-35 35.500000000000007 4104.8456010490618 19.500000000000004
decision_type=2 2 2 2 2 2 2 2 2 2 2 2 2 2 2 2 2 2 2 2 2 2 2 2 2 2 2 2 2 2
left_child=2 8 3 4 5 -1 9 -5 -2 -7 -9 12 13 18 -14 16 29 -17 19 -3 22 -22 -21 -6 25 26 -10 -12 -29 -4
right_child=1 11 15 7 23 6 -8 10 24 -11 27 -13 14 -15 -16 17 -18 -19 -20 20 21 -23 -24 -25 -26 -27 -28 28 -30 -31
leaf_value=-0.0053312509541865441 0.0015728545839597706 0.00027763917501290981 -0.0010926999061578705 0.0027271271559981291 -0.0058953141340201626 -0.0040901890519307932 0.0049003103002905855 -0.00071763220038943275 0.0019383675549026445 -0.00061606312077492481 -7.279652283553127e-05 0.0052470928129668424 0.0013383983759345805 0.0068283803930336787 -0.0041053468887896644 -0.0017352614033433354 -0.0039919130357080387 -0.0068118329292961542 -0.00067177174535269541 -0.0024119677642981214 0.0094258840016734138 0.0020721769179401334 0.0029140858209746726 -0.0024021611665002406 0.0028828672803938391 -0.0005857648634464013 -0.0016390847238225807 0.0032999425690493308 -0.00079921690048649911 0.0029500676761381331
leaf_weight=25 189 53 31 55 38 36 25 599 99 125 119 26 41 22 23 29 38 28 30 21 26 38 85 39 25 361 34 51 20 20
leaf_count=25 189 53 31 55 38 36 25 599 99 125 119 26 41 22 23 29 38 28 30 21 26 38 85 39 25 361 34 51 20 20
internal_value=2.18039e-12 0.000984691 -0.00082674 -0.000608617 -0.00191922 -0.00111388 -0.000547027 -0.000161398 0.000415324 -0.00139289 -0.000362753 0.00208911 0.0018469 0.00242054 -0.000617948 -0.00251794 -0.00142208 -0.00422902 0.00203725 0.00240169 0.00306389 0.00505962 0.00185892 -0.00412605 -6.2041e-06 -0.000152412 0.00102383 0.000756052 0.00214525 0.000492699
internal_weight=2351 1073 1278 1132 288 211 186 844 708 161 789 365 339 275 64 146 89 57 253 223 170 64 106 77 519 494 133 190 71 51
internal_count=2351 1073 1278 1132 288 211 186 844 708 161 789 365 339 275 64 146 89 57 253 223 170 64 106 77 519 494 133 190 71 51
is_linear=0
shrinkage=0.05


Tree=70
num_leaves=31
num_cat=0
split_feature=0 27 1 6 12 0 0 1 7 1 0 35 10 0 6 0 2 0 35 9 11 6 0 12 8 35 35 0 0 11
split_gain=0.695638 0.291708 0.278527 0.284182 0.233766 0.227481 0.185711 0.167818 0.16714 0.157204 0.156642 0.141805 0.130437 0.125152 0.123767 0.120452 0.143944 0.137035 0.119844 0.117101 0.111715 0.108865 0.140844 0.10796 0.107586 0.104262 0.100806 0.0890877 0.0881413 0.136811
threshold=1523.0000000000002 19500.000000000004 2.5000000000000004 11436.335224182667 2951.6028602505958 924.8513870500002 2644.4444445000004 3.5000000000000004 1274.7267606423795 2.5000000000000004 1147.5000000000002 57.000000000000007 1566.4932874937194 1402.9809040000002 2884.6102105407158 489.09803920000007 1.5000000000000002 736.00000000000011 35.500000000000007 823.63989336689565 1544.901596191916 4394.5509640983064 1295.5000000000002 1634.9318991452869 8031.3199608089753 46.500000000000007 41.500000000000007 1600.0587200000002 1449.9057595000002 929.65917730784929
decision_type=2 2 2 2 2 2 2 2 2 2 2 2 2 2 2 2 2 2 2 2 2 2 2 2 2 2 2 2 2 2
left_child=1 -1 -2 4 6 11 7 8 -4 10 12 15 25 -11 26 19 20 -18 27 -3 -17 23 -23 -16 28 -7 -12 -6 -15 -30
right_child=2 5 3 -5 18 9 -8 -9 -10 13 14 -13 -14 24 21 16 17 -19 -20 -21 -22 22 -24 -25 -26 -27 -28 -29 29 -31
leaf_value=-0.0049749556303140714 0.005820514566841988 -0.0015244961919215246 0.005253006258963383 0.0068815834177214479 -0.0024053504622931921 0.00037407885805000439 0.0061150298232123968 -0.0019669814510557952 0.0013038673768609112 -0.0014779884234170815 0.0014663490380847917 -0.0040801107839104683 -0.00083433592807408532 0.0044001519436105375 0.0001263330346167398 0.0022698983175565824 -0.0041632652316787623 -0.00099801321624008515 -0.0038869912198816353 -0.0061556014894449621 -0.00048990991209171906 0.00065162196313368458 0.005416962467133999 -0.0039612178667448464 -0.0011378752580640139 0.0038614489460507269 0.0044907260390861731 0.00074116779889675131 -0.0016018451371740913 0.0034264947074310239
leaf_weight=36 34 39 29 21 31 122 21 36 352 263 84 42 293 21 84 53 41 206 26 21 119 69 20 20 64 26 41 82 31 24
leaf_count=36 34 39 29 21 31 122 21 36 352 263 84 42 293 21 84 53 41 206 26 21 119 69 20 20 64 26 41 82 31 24
internal_value=-5.62171e-12 -0.000521502 0.00141845 0.00116817 0.000960227 -0.000426241 0.00152718 0.00129613 0.00160446 -3.7002e-05 0.000386768 -0.00129437 -0.000223186 -0.000835119 0.00123265 -0.00105011 -0.00075007 -0.00152342 -0.000826272 -0.00314538 0.000360496 0.000438802 0.00172248 -0.000659734 0.000372556 0.000986725 0.00245834 -0.000122036 0.0016445 0.00059234
internal_weight=2351 1719 632 598 577 1683 438 417 381 1162 759 521 441 403 318 479 419 247 139 60 172 193 89 104 140 148 125 113 76 55
internal_count=2351 1719 632 598 577 1683 438 417 381 1162 759 521 441 403 318 479 419 247 139 60 172 193 89 104 140 148 125 113 76 55
is_linear=0
shrinkage=0.05


Tree=71
num_leaves=31
num_cat=0
split_feature=0 0 8 35 6 23 8 12 0 0 0 2 14 22 9 9 8 0 6 23 11 8 13 4 6 0 5 33 12 0
split_gain=0.638111 0.291616 0.145397 0.14398 0.143922 0.129692 0.131378 0.126423 0.159454 0.14486 0.11142 0.162283 0.126362 0.147606 0.121058 0.113997 0.0812622 0.10099 0.290579 0.159861 0.0812012 0.10765 0.105353 0.298595 0.166781 0.104945 0.102405 0.082082 0.0803448 0.0880488
threshold=1686.2175495000001 957.39322455000013 15958.982134905558 59.500000000000007 9579.4975353190439 1.0000000180025095e-35 9976.5701225000685 2951.6028602505958 2644.4444445000004 2051.3275325000004 489.09803920000007 1.5000000000000002 1549.8430013626644 1.0000000180025095e-35 1323.9372228394998 823.63989336689565 6714.6525855422287 1987.4768160000001 2655.6205781271169 1.5000000000000002 614.7566508407366 8031.3199608089753 1962.3004318109699 1.5000000000000002 3265.6218591754487 1082.5000000000002 1.0000000180025095e-35 1.5000000000000002 1215.3512493181827 900.01607200000001
decision_type=2 2 2 2 2 2 2 2 2 2 2 2 2 2 2 2 2 2 2 2 2 2 2 2 2 2 2 2 2 2
left_child=1 2 3 10 7 6 -3 8 16 -9 15 14 13 -13 -12 -1 -2 19 -19 -18 26 22 23 -22 -24 -23 -7 -27 -14 -30
right_child=4 5 -4 -5 -6 20 -8 9 -10 -11 11 12 28 -15 -16 -17 17 18 -20 -21 21 25 24 -25 -26 27 -28 -29 29 -31
leaf_value=-0.0012575167541447293 0.00027335989820446982 -0.0026897774288237334 -0.0042972072543626698 -0.0037524902342778188 0.0059733535756822682 -0.00091681885891471454 -0.00028677606005530961 0.0012832589534809815 0.0061818792696364906 -0.0034129151569989823 -6.0620274730767553e-05 -0.0042843384783642757 -0.0016875726528060696 0.00069693941855803138 0.0031420507485132761 -0.0058478213915978336 0.0028469958701267998 0.0086982141542691922 0.0018339848543260377 -0.0007813655406090558 0.0014556264396126497 -0.0013628431303307784 0.0015196386817122628 -0.003999821683003878 0.0060996528789401053 0.00023725044974460112 0.0023221182091739531 0.0026964105298056418 -0.00056279134405118347 0.0025292724215735993
leaf_weight=38 69 71 37 46 20 190 286 52 22 24 132 58 109 20 38 21 75 21 58 51 153 96 97 30 25 317 28 38 99 30
leaf_count=38 69 71 37 46 20 190 286 52 22 24 132 58 109 20 38 21 75 21 58 51 153 96 97 30 25 317 28 38 99 30
internal_value=1.19017e-11 -0.000368483 -0.00125659 -0.00106623 0.00184148 5.05508e-05 -0.000764684 0.00161933 0.00208639 -0.000199743 -0.000839505 -0.000590412 -0.00126056 -0.00300709 0.000655271 -0.00289135 0.00175756 0.00225712 0.00365865 0.00137837 0.000349359 0.000594513 0.00132004 0.000561291 0.00245817 0.000103856 -0.000500809 0.000500484 -0.000688166 0.000156293
internal_weight=2351 1959 628 591 392 1331 357 372 296 76 545 486 316 78 170 59 274 205 79 126 974 756 305 183 122 451 218 355 238 129
internal_count=2351 1959 628 591 392 1331 357 372 296 76 545 486 316 78 170 59 274 205 79 126 974 756 305 183 122 451 218 355 238 129
is_linear=0
shrinkage=0.05


Tree=72
num_leaves=31
num_cat=0
split_feature=0 0 14 2 3 0 12 1 29 15 0 29 0 29 3 29 29 27 14 0 0 29 4 0 2 7 0 0 12 1
split_gain=0.577156 0.243605 0.230047 0.176498 0.122292 0.150911 0.257284 0.130428 0.108035 0.212684 0.157916 0.585652 0.259559 0.22149 0.151479 0.133477 0.129948 0.104683 0.151851 0.104772 0.120307 0.147144 0.145285 0.123224 0.116477 0.129717 0.0875808 0.116303 0.0812561 0.0810732
threshold=1604.5000000000002 800.09699320000016 7185.5732734949152 1.5000000000000002 0.87500000000000011 561.00000000000011 1450.9086728696195 1.5000000000000002 15.999547755737007 1.0000000180025095e-35 1987.4768160000001 15.641077194508151 2298.7290165000004 15.747531577263588 0.87500000000000011 15.485133418132735 15.304382388416327 41000.000000000007 2192.8568503810661 1303.0000000000002 1299.9837505000003 15.747531577263588 2.5000000000000004 1268.5000000000002 2.5000000000000004 2887.0231296723491 852.7672811000001 1010.5000000000001 1026.8779560412097 2.5000000000000004
decision_type=2 2 2 2 2 2 2 2 2 2 2 2 2 2 2 2 2 2 2 2 2 2 2 2 2 2 2 2 2 2
left_child=1 2 4 -3 -1 6 28 -7 9 10 15 -12 14 -14 -13 16 -2 19 -19 20 21 23 24 -5 25 -23 -27 -28 -6 -21
right_child=8 3 -4 17 5 7 -8 -9 -10 -11 11 12 13 -15 -16 -17 -18 18 -20 29 -22 22 -24 -25 -26 26 27 -29 -30 -31
leaf_value=0.0018266434251362909 0.00046072545219035622 0.003026303611452107 -0.0065554151480848146 -0.00019367213184527643 -0.0039332748018205167 0.00047068333426746083 -0.0065273776676298845 -0.0021728508910813997 0.0046613211837561374 -0.002722478007587294 0.010311217033101814 0.0022694201935082674 0.0070565205260083603 0.00070112850517034531 -0.002826440757739225 0.0015474158527117397 -0.0043668972654268149 -0.00026803381245031231 0.0022157050946552772 0.0014044316842767143 -0.0038421140040736644 -0.0037150942155026964 0.0010843800550971467 0.0036457941973243252 -0.0042197712353386338 0.002200603624805808 -0.0023266855672326925 9.6005006750885359e-05 -0.00011580102170979524 -0.0001981912007650886
leaf_weight=29 46 43 22 417 20 102 36 86 26 30 23 25 29 26 35 231 20 160 100 111 30 49 52 22 42 21 106 93 46 273
leaf_count=29 46 43 22 417 20 102 36 86 26 30 23 25 29 26 35 231 20 160 100 111 30 49 52 22 42 21 106 93 46 273
internal_value=-5.04311e-12 -0.000402508 -0.0016102 -0.000131392 -0.00126916 -0.00157874 -0.00312723 -0.000738593 0.00152478 0.0013494 0.00163022 0.0030278 0.00157112 0.00405215 -0.000703165 0.000980837 -0.00100219 -0.000223385 0.00068725 -0.000418093 -0.000733398 -0.000617112 -0.0013619 -1.26152e-06 -0.00177092 -0.00138858 -0.000870398 -0.00119447 -0.00127261 0.000265067
internal_weight=2351 1860 341 1519 319 290 102 188 491 465 435 138 115 55 60 297 66 1476 260 1216 832 802 363 439 311 269 220 199 66 384
internal_count=2351 1860 341 1519 319 290 102 188 491 465 435 138 115 55 60 297 66 1476 260 1216 832 802 363 439 311 269 220 199 66 384
is_linear=0
shrinkage=0.05


Tree=73
num_leaves=31
num_cat=0
split_feature=0 0 1 0 31 31 34 1 0 23 35 35 23 8 29 11 34 13 32 0 35 10 0 8 35 0 25 1 14 8
split_gain=0.521594 0.247478 0.160439 0.163617 0.143551 0.106063 0.196016 0.225498 0.14961 0.657153 0.154175 0.156964 0.121303 0.0934263 0.107792 0.0920833 0.0916844 0.0907032 0.0901527 0.145133 0.242305 0.140785 0.0867887 0.097292 0.082094 0.0820264 0.0755053 0.130989 0.0842178 0.075502
threshold=1686.2175495000001 1068.0000000000002 2.5000000000000004 1402.9809040000002 2.5000000000000004 2.5000000000000004 1.0000000180025095e-35 3.5000000000000004 1987.4768160000001 1.5000000000000002 36.500000000000007 15.500000000000002 1.5000000000000002 5673.3155531959919 15.772912489480397 861.11875809937237 1.0000000180025095e-35 1910.087600402522 1.0000000180025095e-35 736.00000000000011 33.500000000000007 3869.9339539932171 1434.6314740000003 11204.866315204101 39.500000000000007 1316.0185820000004 1.0000000180025095e-35 1.5000000000000002 3269.60512894258 9872.9806630965559
decision_type=2 2 2 2 2 2 2 2 2 2 2 2 2 2 2 2 2 2 2 2 2 2 2 2 2 2 2 2 2 2
left_child=1 4 24 15 18 8 7 13 12 10 11 -10 -2 -7 -15 17 26 -4 19 20 -1 29 -5 -24 25 -3 27 -6 -29 -21
right_child=5 2 3 22 16 6 -8 -9 9 -11 -12 -13 -14 14 -16 -17 -18 -19 -20 21 -22 -23 23 -25 -26 -27 -28 28 -30 -31
leaf_value=-0.0010480308741106831 0.0021476982573460143 -5.935657282097384e-05 -0.0048141400357160496 0.0034784981288248674 0.0026930157500116726 -0.0015521035351986556 -0.0035610084111491838 0.0060894804563195936 0.00051731087357526832 0.010613581622377612 -0.0022527145421571775 0.0060395544648847799 -0.00099938132140475018 0.0039178211943180939 -0.00055000904766428806 -0.00081303599478659873 -0.0036426030105024942 -0.0010077519868179384 0.0018041939535913499 0.00033795188217912729 -0.0059464885425122996 -0.0042099836504175554 0.00055977561335577393 -0.0014350900009958423 0.001831630074852848 0.0016463711928179471 -0.0028610948352982887 0.00090233366074109515 -0.0023600480766224397 -0.001345825457905275
leaf_weight=136 113 251 34 20 23 38 24 21 31 26 21 22 42 27 27 164 62 29 38 321 31 21 259 80 146 98 61 27 74 84
leaf_count=136 113 251 34 20 23 38 24 21 31 26 21 22 42 27 27 164 62 29 38 321 31 21 259 80 146 98 61 27 74 84
internal_value=-3.88738e-12 -0.000333147 0.000173326 -0.000386517 -0.00095672 0.00166488 0.000542817 0.00141443 0.00226772 0.00377553 0.00137297 0.00280956 0.00129494 0.000347293 0.00168391 -0.0014372 -0.00197858 -0.00306199 -0.00055672 -0.00070801 -0.00195733 -0.000218255 0.00027784 8.90109e-05 0.000836089 0.000419616 -0.00142091 -0.000712429 -0.00148793 -1.1276e-05
internal_weight=2351 1959 1081 586 878 392 137 113 255 100 74 53 155 92 54 227 247 63 631 593 167 426 359 339 495 349 185 124 101 405
internal_count=2351 1959 1081 586 878 392 137 113 255 100 74 53 155 92 54 227 247 63 631 593 167 426 359 339 495 349 185 124 101 405
is_linear=0
shrinkage=0.05


Tree=74
num_leaves=31
num_cat=0
split_feature=0 0 4 4 0 10 14 6 31 33 5 8 0 0 35 9 11 35 6 6 0 11 0 35 0 17 8 35 0 13
split_gain=0.475052 0.1662 0.129653 0.159522 0.128514 0.178697 0.101265 0.156035 0.0983655 0.119299 0.134307 0.128519 0.184439 0.180493 0.10519 0.103647 0.103041 0.0920189 0.0856773 0.162748 0.21415 0.079957 0.0728343 0.0767506 0.0735394 0.0712574 0.0676322 0.0601239 0.0696606 0.0611627
threshold=1250.5000000000002 1776.0000000000002 3.5000000000000004 1.5000000000000002 570.50000000000011 3060.2609716569636 988.00789982792867 3208.9490436939673 2.5000000000000004 1.5000000000000002 1.0000000180025095e-35 9511.0016758038055 907.50000000000011 1176.6747140000002 35.500000000000007 1618.0549938483591 1496.7359970828786 41.500000000000007 8654.7003549612182 6707.8926036314115 2700.1742160000003 5543.1697981631614 1284.5000000000002 19.500000000000004 1303.0000000000002 1.5000000000000002 7518.9013512374977 61.500000000000007 1523.0000000000002 1590.9353936119121
decision_type=2 2 2 2 2 2 2 2 2 2 2 2 2 2 2 2 2 2 2 2 2 2 2 2 2 2 2 2 2 2
left_child=4 2 3 22 5 6 -1 -8 21 10 15 12 -11 -13 -14 17 -12 -10 19 20 25 -6 23 -2 26 -3 -24 29 -29 -26
right_child=1 18 -4 -5 8 -7 7 -9 9 11 16 13 14 -15 -16 -17 -18 -19 -20 -21 -22 -23 24 -25 27 -27 -28 28 -30 -31
leaf_value=0.0010671505535190756 0.0004600454215855839 0.0020989989328335265 0.0036659407297928077 -0.0030874300813165442 -6.882541370414911e-05 -0.0058544285022295445 -0.0055562203730611754 -0.00056400479140898414 -0.0028375414220659281 -0.0044035923796602421 0.002064264476989749 0.0021530241284829876 -0.0019570799202483615 -0.0031928143039112915 0.0020970489313185681 -0.0051135151907434001 -0.0025346146131466542 0.00099047386320307864 0.004850610755134507 -0.0018168694903579309 0.0069328218419104819 -0.0029432955409865826 -0.0037985123829275842 0.00447271697458663 0.0013080664691362399 0.00015168038221555905 -0.00011372302260221632 -0.0034622720582410693 0.00010950747588605399 0.00020616684209111597
leaf_weight=33 26 163 29 34 749 26 24 45 73 36 29 75 32 20 32 38 21 20 21 32 20 25 20 22 198 66 33 20 43 346
leaf_count=33 26 163 29 34 749 26 24 45 73 36 29 75 32 20 32 38 21 20 21 32 20 25 20 22 198 66 33 20 43 346
internal_value=-4.7262e-12 0.000775675 0.000386215 0.000258032 -0.000651251 -0.00215413 -0.00121092 -0.00230043 -0.000483974 -0.00114744 -0.00207187 -0.000289384 -0.0015405 0.00102758 6.99845e-05 -0.00291332 0.000132735 -0.00201431 0.00176996 0.00153973 0.0019711 -0.00016167 0.000418689 0.00229919 0.000281926 0.00153776 -0.00150421 0.000437882 -0.00102439 0.000607226
internal_weight=2351 1073 771 742 1278 128 102 69 1150 376 181 195 100 95 64 131 50 93 302 281 249 774 708 48 660 229 53 607 63 544
internal_count=2351 1073 771 742 1278 128 102 69 1150 376 181 195 100 95 64 131 50 93 302 281 249 774 708 48 660 229 53 607 63 544
is_linear=0
shrinkage=0.05


Tree=75
num_leaves=31
num_cat=0
split_feature=31 12 29 35 12 13 2 28 35 11 29 28 5 8 2 8 33 35 9 35 3 6 29 31 6 31 6 6 31 33
split_gain=0.305145 0.205051 0.127873 0.0885793 0.107117 0.160939 0.090316 0.084551 0.0629053 0.0505265 0.0645092 0.0507092 0.0829862 0.086029 0.0822272 0.0532021 0.0657261 0.0427493 0.0511728 0.0678392 0.062557 0.054308 0.0354069 0.0568237 0.0619482 0.0386018 0.030277 0.0227969 0.0374013 0.0334012
threshold=1.0000000180025095e-35 2951.6028602505958 16.058533290879371 54.500000000000007 8066.4182359178112 2334.3862241665597 2.5000000000000004 1.0000000180025095e-35 38.500000000000007 341.35912554649826 15.782780969002394 1.0000000180025095e-35 1.0000000180025095e-35 8921.9163438701307 3.5000000000000004 4743.8420004739874 1.5000000000000002 61.500000000000007 810.81891075174178 47.500000000000007 0.70833333333333337 2322.7099172799726 15.772912489480397 2.5000000000000004 3208.9490436939673 2.5000000000000004 3177.475161145218 4023.7623682433218 1.5000000000000002 1.5000000000000002
decision_type=2 2 2 2 2 2 2 2 2 2 2 2 2 2 2 2 2 2 2 2 2 2 2 2 2 2 2 2 2 2
left_child=-1 2 9 4 5 7 -6 27 -7 10 -2 14 13 -13 15 -11 17 18 21 20 -20 -17 23 24 -15 -24 -19 28 -3 -30
right_child=1 3 -4 -5 6 8 -8 -9 -10 11 -12 12 -14 22 -16 16 -18 26 19 -21 -22 -23 25 -25 -26 -27 -28 -29 29 -31
leaf_value=0.0048492256832105346 -0.0021930110374731677 -0.00043449903709448078 0.0042133857993758286 0.0024920563519117422 -0.0013481817784179984 0.00015405365013256041 -0.0052660587428060047 -0.0035818985071299336 0.0027596958809428746 -0.0021292727019283034 0.00018668425541631332 -0.003556734952408905 0.0022994531401699142 0.0024884767743060367 0.0035980295203626154 -0.00084282157613333689 0.0023760059925091522 8.7822183871534759e-06 0.0022749354237351907 0.0020714072952164658 0.00023802019995544283 0.00039424143729174257 -0.0030094042724079415 -0.0011566143012346033 -1.1045844452878968e-05 -0.00011256159607159055 -0.0015802001761987287 -0.00069380222939237921 -0.0029851745364274911 -0.0011822609595212811
leaf_weight=32 49 56 20 20 38 163 24 35 27 21 68 22 28 32 20 111 41 99 44 93 263 442 23 74 110 23 43 227 49 54
leaf_count=32 49 56 20 20 38 163 24 35 27 21 68 22 28 32 20 111 41 99 44 93 263 442 23 74 110 23 43 227 49 54
internal_value=-1.36575e-12 -6.69147e-05 0.000240027 -0.000787099 -0.000884548 -0.000683608 -0.00286478 -0.00122876 0.000524329 0.000190546 -0.00080994 0.00026916 -0.00029757 -0.000553615 0.00041939 0.000364444 0.000410542 0.000336949 0.000457543 0.000888343 0.000529956 0.000145934 -0.000301445 -3.32095e-05 0.000552227 -0.00156098 -0.000472389 -0.00101539 -0.00147451 -0.00203996
internal_weight=2351 2319 1626 693 673 611 62 421 190 1606 117 1489 312 284 1177 1157 1136 1095 953 400 307 553 262 216 142 46 142 386 159 103
internal_count=2351 2319 1626 693 673 611 62 421 190 1606 117 1489 312 284 1177 1157 1136 1095 953 400 307 553 262 216 142 46 142 386 159 103
is_linear=0
shrinkage=0.05


Tree=76
num_leaves=31
num_cat=0
split_feature=31 27 4 27 1 1 14 6 5 6 6 9 27 4 12 7 29 6 9 14 8 4 4 8 8 5 3 6 9 29
split_gain=0.275394 0.199733 0.296377 0.194304 0.16023 0.153209 0.107303 0.10044 0.0931643 0.189546 0.130393 0.0900235 0.0749105 0.364012 0.190488 0.0839364 0.0746486 0.21403 0.067999 0.0628628 0.0577731 0.0780849 0.0588625 0.0729588 0.0491897 0.0438929 0.0379368 0.0591045 0.036388 0.0426842
threshold=1.0000000180025095e-35 37000.000000000007 5.5000000000000009 20500.000000000004 3.5000000000000004 3.5000000000000004 310.48780794239428 15162.842123253557 1.0000000180025095e-35 528.18373906278987 6707.8926036314115 1699.0884490885539 56500.000000000007 1.5000000000000002 845.29846999269523 2953.9437108896104 15.761141961393816 3353.8657992415601 1486.448341835878 3431.9769478682488 9084.3982528598208 1.5000000000000002 2.5000000000000004 6082.8261983289731 9761.2663941285555 1.0000000180025095e-35 1.6666666666666667 1061.3422553870589 687.32891147388955 15.772912489480397
decision_type=2 2 2 2 2 2 2 2 2 2 2 2 2 2 2 2 2 2 2 2 2 2 2 2 2 2 2 2 2 2
left_child=-1 2 3 7 12 6 -5 -2 9 -8 -10 18 13 15 -14 24 17 -13 20 -4 22 28 23 -11 -3 -26 27 -17 -22 -30
right_child=1 4 19 5 -6 -7 8 -9 10 11 -12 16 14 -15 -16 26 -18 -19 -20 -21 21 -23 -24 -25 25 -27 -28 -29 29 -31
leaf_value=0.0046067643750575373 -0.0060857876330952755 -0.0012609641343333769 0.0053953025063189367 -0.0015077155058322376 0.004028317244779883 -0.0038117699179565537 -0.0036463810905115676 -0.0015712103290882495 0.0033629700298964359 -0.00022711021785178911 -0.0011425050230732619 -0.00080623267463713157 0.0002630991058192623 -0.0052397148442807906 0.0044684039400146088 0.0015697309198560664 0.0008194521415017305 -0.0062430636314472756 0.0024415267911535921 0.001599770672619343 0.00050303007912301078 -0.0023784316867461494 0.00075026134062292321 -0.0020995495472667055 0.0015511994829355944 -0.0011411171251287063 -0.00038056352804414931 0.00016501945894431999 0.00010125177443710862 -0.0015662766688940477
leaf_weight=32 22 87 24 167 33 32 40 28 42 115 26 85 87 29 39 222 31 23 28 20 505 29 56 95 41 24 50 113 177 49
leaf_count=32 22 87 24 167 33 32 40 28 42 115 26 85 87 29 39 222 31 23 28 20 505 29 56 95 41 24 50 113 177 49
internal_value=1.24683e-12 -6.3569e-05 -0.000376515 -0.000491385 0.00062448 -0.000389177 -0.00031457 -0.00355762 -0.000161415 -0.000260779 0.00164029 -0.000147263 0.000462158 0.000216707 0.00156474 0.000511374 -0.00134329 -0.00196408 1.0467e-05 0.00367006 -5.58777e-05 0.000166092 -0.000690076 -0.00107417 -0.000483497 0.000557113 0.000904154 0.0010959 0.000267037 -0.000260292
internal_weight=2351 2319 1594 1550 725 1500 1468 50 1301 1233 68 1193 692 566 126 537 139 108 1054 44 1026 760 266 210 152 65 385 335 731 226
internal_count=2351 2319 1594 1550 725 1500 1468 50 1301 1233 68 1193 692 566 126 537 139 108 1054 44 1026 760 266 210 152 65 385 335 731 226
is_linear=0
shrinkage=0.05


Tree=77
num_leaves=31
num_cat=0
split_feature=0 0 1 0 31 27 34 5 32 29 6 0 29 9 31 27 0 0 35 10 0 12 27 10 32 0 35 10 0 12
split_gain=0.418897 0.197696 0.136549 0.136354 0.103176 0.0967966 0.0888751 0.0879839 0.0860967 0.0997743 0.0870403 0.0808296 0.106728 0.0929291 0.0798405 0.200375 0.270787 0.191853 0.137619 0.260111 0.0865322 0.0820787 0.0943274 0.164043 0.0751997 0.125602 0.216875 0.115602 0.0740807 0.0905518
threshold=1068.0000000000002 1713.0000000000002 2.5000000000000004 1402.9809040000002 2.5000000000000004 41000.000000000007 1.0000000180025095e-35 1.0000000180025095e-35 1.0000000180025095e-35 15.485133418132735 4241.4935376937319 1159.0000000000002 15.656479841106146 1323.9372228394998 2.5000000000000004 34500.000000000007 2070.0000000000005 2200.1410435000003 41.500000000000007 2391.3000490723207 1974.7873565000002 792.84688806595784 23000.000000000004 1084.1212726286185 1.0000000180025095e-35 736.00000000000011 33.500000000000007 3869.9339539932171 1303.0000000000002 4553.2809655592973
decision_type=2 2 2 2 2 2 2 2 2 2 2 2 2 2 2 2 2 2 2 2 2 2 2 2 2 2 2 2 2 2
left_child=4 2 5 -4 24 7 -6 11 9 10 -5 13 -13 -2 18 17 -17 -16 21 20 -20 -3 -23 -24 25 26 -1 -27 29 -14
right_child=1 14 3 8 6 -7 -8 -9 -10 -11 -12 12 28 -15 15 16 -18 -19 19 -21 -22 22 23 -25 -26 27 -28 -29 -30 -31
leaf_value=-0.00096549212877802988 0.00022034896932403162 -0.00096157803200185303 -0.0012892798515239789 -0.0036343782216370587 -0.001181732329732276 0.0022721444979122304 -0.0033691256650678451 0.0033413357170065864 0.0032934632512148128 0.00043821953981737792 0.00021150829047655861 0.0020008437363779013 -0.0030650036963925232 -0.0025993036844407804 0.00058958166877606094 1.9473370962909291e-05 0.0070985394466499046 -0.0048668931393573683 0.0042060105765069069 0.0087710862210951743 -0.00013529867962157975 -0.00085990966058139195 0.0012356463476466254 0.0054410393452130716 0.0016308911941259317 -2.0366702153330187e-05 -0.0055997769123003367 -0.0038250676356256009 0.00092279806762235244 0.00074983115108417616
leaf_weight=136 87 32 227 31 185 91 62 25 22 303 28 107 35 44 49 35 22 24 22 20 24 26 78 33 38 405 31 21 80 28
leaf_count=136 87 32 227 31 185 91 62 25 22 303 28 107 35 44 49 35 22 24 22 20 24 26 78 33 38 405 31 21 80 28
internal_value=1.07762e-12 0.00051528 0.000182816 -0.000317796 -0.000864473 0.000798257 -0.00173079 0.000467903 0.000256493 7.19255e-05 -0.00180921 0.000279358 0.000806537 -0.00072671 0.00152451 0.000530258 0.00275174 -0.00120433 0.00207452 0.00401071 0.00194098 0.00131838 0.00185093 0.0024859 -0.000525358 -0.000663533 -0.00182575 -0.000207922 -8.7105e-05 -0.00136952
internal_weight=2351 1473 1108 611 878 497 247 406 384 362 59 381 250 131 365 130 57 73 235 66 46 169 137 111 631 593 167 426 143 63
internal_count=2351 1473 1108 611 878 497 247 406 384 362 59 381 250 131 365 130 57 73 235 66 46 169 137 111 631 593 167 426 143 63
is_linear=0
shrinkage=0.05


Tree=78
num_leaves=31
num_cat=0
split_feature=0 0 1 0 12 9 4 4 7 2 0 6 29 13 20 7 7 35 35 2 13 13 27 27 13 2 0 34 7 9
split_gain=0.379051 0.13075 0.128006 0.170235 0.145138 0.196395 0.114938 0.120491 0.100484 0.0990341 0.147175 0.109562 0.0911637 0.0889434 0.10132 0.0891471 0.0820376 0.0800943 0.0766358 0.0740792 0.127217 0.110776 0.0960754 0.0689398 0.161237 0.171605 0.134465 0.247488 0.18615 0.0708018
threshold=1250.5000000000002 1816.8333335000002 2.5000000000000004 570.50000000000011 1450.9086728696195 687.32891147388955 3.5000000000000004 1.5000000000000002 2447.5332852826732 1.5000000000000002 850.06414145000019 8512.6669981637151 15.747531577263588 2334.3862241665597 1.0000000180025095e-35 4477.1911084834646 5290.207916256355 26.500000000000004 59.500000000000007 2.5000000000000004 1056.5903579789779 938.09769034223962 31000.000000000004 27000.000000000004 2561.0936584939946 2.5000000000000004 2178.9090910000004 1.0000000180025095e-35 2680.456942945812 1186.1447019150276
decision_type=2 2 2 2 2 2 2 2 2 2 2 2 2 2 2 2 2 2 2 2 2 2 2 2 2 2 2 2 2 2
left_child=2 6 3 4 12 -6 7 19 -4 11 18 -5 -1 15 -15 -10 -14 -12 -11 21 -21 -2 -23 29 25 -25 28 -28 -27 -3
right_child=1 23 8 9 5 -7 -8 -9 13 10 17 -13 16 14 -16 -17 -18 -19 -20 20 -22 22 -24 24 -26 26 27 -29 -30 -31
leaf_value=-0.0033944880632175642 -0.0014838129599783398 0.0018090715109546846 0.00019760039479782185 0.00043824697786476463 -0.0017546623648906298 -0.008033815426751972 0.0034666917902008024 -0.0026061419519204983 -0.0068473186316190373 -0.0013631637147241168 -0.00058855683043629878 0.0042494570582427759 0.0028580298846853629 -0.0039542933460325006 0.00011856606766200826 -0.0023414716152373055 -0.0011894769479347874 0.00048565882095116775 -0.0046811827179044493 0.0037528569201822392 -0.00035117043410364798 0.00061054413083277731 0.0024146559619381419 0.0055214894353412093 0.0059744172496721155 0.0060642900689424064 0.0024062699943395525 -0.0040713192770878478 0.00084080772366812169 -0.0013764700155606438
leaf_weight=22 44 37 39 132 33 20 29 35 21 134 371 22 21 26 37 23 31 326 20 20 338 233 108 24 24 23 29 30 66 33
leaf_count=22 44 37 39 132 33 20 29 35 21 134 371 22 21 26 37 23 31 326 20 20 338 233 108 24 24 23 29 30 66 33
internal_value=-5.98154e-13 0.00069288 -0.000581738 -0.000402027 -0.00212688 -0.00412415 0.000376001 0.000260795 -0.00197511 -0.00018406 -0.000395203 0.000982706 -0.000696404 -0.00276703 -0.0015623 -0.00449199 0.000445093 -8.6126e-05 -0.00179408 0.000395846 -0.000121895 0.000877278 0.00118193 0.00165424 0.00213529 0.00159959 0.00096361 -0.000887419 0.0021907 0.000307316
internal_weight=2351 1073 1278 1132 127 53 807 778 146 1005 851 154 74 107 63 44 52 697 154 743 358 385 341 266 196 172 148 59 89 70
internal_count=2351 1073 1278 1132 127 53 807 778 146 1005 851 154 74 107 63 44 52 697 154 743 358 385 341 266 196 172 148 59 89 70
is_linear=0
shrinkage=0.05


Tree=79
num_leaves=31
num_cat=0
split_feature=0 0 1 0 8 0 8 31 9 27 32 0 6 11 6 32 29 0 5 20 29 11 29 0 29 0 11 29 22 8
split_gain=0.351771 0.16243 0.118085 0.112161 0.0932501 0.112781 0.112067 0.129374 0.15882 0.0859815 0.0815682 0.122637 0.110921 0.0802965 0.0854945 0.0787095 0.0909689 0.078997 0.0781665 0.0772759 0.0754556 0.179044 0.109077 0.148191 0.381242 0.380616 0.107543 0.097784 0.0912411 0.0788044
threshold=1068.0000000000002 1713.0000000000002 2.5000000000000004 1402.9809040000002 15958.982134905558 800.09699320000016 12415.52474083123 2.5000000000000004 823.63989336689565 41000.000000000007 1.0000000180025095e-35 736.00000000000011 3208.9490436939673 861.11875809937237 932.24764698187471 1.0000000180025095e-35 15.485133418132735 1558.9312285000003 1.0000000180025095e-35 1.5000000000000002 15.999547755737007 341.35912554649826 15.772912489480397 1987.4768160000001 15.641077194508151 2298.7290165000004 2273.1210469361663 15.474021825875239 1.0000000180025095e-35 5372.939460892886
decision_type=2 2 2 2 2 2 2 2 2 2 2 2 2 2 2 2 2 2 2 2 2 2 2 2 2 2 2 2 2 2
left_child=4 2 9 13 6 -6 7 10 -9 18 11 12 19 14 -4 16 17 -5 -2 -1 21 -3 23 27 -25 -26 -24 -23 -27 -29
right_child=1 20 3 15 5 -7 -8 8 -10 -11 -12 -13 -14 -15 -16 -17 -18 -19 -20 -21 -22 22 26 24 25 28 -28 29 -30 -31
leaf_value=-0.00533062806848816 0.00025409321788270048 -0.0031739260408688678 -0.0006986588341031416 0.00011432051000281655 -0.0057974516053218399 -0.00095017674068609878 0.0023877232431851587 -0.0059102022835180509 -0.0013923340758364726 0.002132270965663778 0.0019223769767475981 -9.9697725546078341e-05 -0.00061548193255778942 -0.00059294991772664463 -0.0043941396042047184 0.0031299172202125195 0.00039944138546284475 -0.0035453473402109617 0.0031401892323046927 -0.0019020809439964416 0.003982858044596819 -0.0008216299146980695 -0.0026266426528589086 0.0092284487945068147 -0.0028280723667531101 0.0071190850498775646 0.0010925445631569759 0.000195143102973816 0.0024002740345895291 0.0034408503160294566
leaf_weight=27 381 22 29 29 20 30 29 22 168 91 35 409 96 164 34 22 303 30 25 42 26 46 26 23 27 21 77 32 20 45
leaf_count=27 381 22 29 29 20 30 29 22 168 91 35 409 96 164 34 22 303 30 25 42 26 46 26 23 27 21 77 32 20 45
internal_value=-5.93636e-12 0.000472193 0.000170839 -0.0002947 -0.000792188 -0.00288909 -0.000665563 -0.000776383 -0.00191546 0.000743161 -0.000421008 -0.000563897 -0.00171455 -0.0011758 -0.00269305 0.000226156 4.9684e-05 -0.00174653 0.000431808 -0.00324369 0.00138699 0.0011879 0.00149061 0.00213407 0.00366377 0.00178159 0.000153721 0.00100234 0.00481723 0.00209198
internal_weight=2351 1473 1108 611 878 50 828 799 190 497 609 574 165 227 63 384 362 59 406 69 365 339 317 214 91 68 103 123 41 77
internal_count=2351 1473 1108 611 878 50 828 799 190 497 609 574 165 227 63 384 362 59 406 69 365 339 317 214 91 68 103 123 41 77
is_linear=0
shrinkage=0.05


Tree=80
num_leaves=31
num_cat=0
split_feature=0 0 1 0 22 7 0 11 1 35 11 3 35 0 4 27 0 11 31 35 6 12 35 10 12 27 10 0 4 29
split_gain=0.317474 0.146593 0.106572 0.102252 0.0898175 0.104668 0.103344 0.0873449 0.0844999 0.128542 0.0797805 0.0926914 0.103395 0.0809974 0.0916737 0.0775983 0.0745516 0.0742096 0.0732545 0.179439 0.25641 0.116856 0.11041 0.221171 0.0768601 0.079268 0.138978 0.0756025 0.0714713 0.0790829
threshold=1068.0000000000002 1713.0000000000002 2.5000000000000004 1378.0459365000004 1.0000000180025095e-35 2680.456942945812 500.50000000000006 861.11875809937237 1.5000000000000002 42.500000000000007 614.7566508407366 1.6666666666666667 28.500000000000004 966.50000000000011 2.5000000000000004 41000.000000000007 875.0218761000001 3232.8796469536833 2.5000000000000004 35.500000000000007 1725.1871084471863 2951.6028602505958 41.500000000000007 2391.3000490723207 792.84688806595784 23000.000000000004 1084.1212726286185 1974.7873565000002 3.5000000000000004 15.485133418132735
decision_type=2 2 2 2 2 2 2 2 2 2 2 2 2 2 2 2 2 2 2 2 2 2 2 2 2 2 2 2 2 2
left_child=4 2 15 7 5 -1 -7 -4 -8 -10 -6 12 13 14 -12 -2 -14 -11 22 21 -21 -20 24 27 -3 -26 -27 -24 29 -5
right_child=1 18 3 28 10 6 8 -9 9 17 11 -13 16 -15 -16 -17 -18 -19 19 20 -22 -23 23 -25 25 26 -28 -29 -30 -31
leaf_value=-0.0027507150243289528 0.00041021807565843558 -0.0010390873459982686 -0.0031354128298319312 -0.0016328673822910437 -0.0014719790477910237 -0.0032885443462500686 0.00081000602570943073 -0.00063688560470313545 -0.002069902440832396 -0.0004586072827059513 -0.0012881251247712662 -0.002724307954597932 0.00069933398058865141 0.0015573796009729533 0.0013422863314520906 0.0020256574498432032 0.0040118395768362902 0.0027208071764713779 0.004207023826560804 -0.0061777335288934407 0.00058170540909718805 -0.00012661795273223627 0.0037873603514691984 0.0079683386627584698 -0.00080250180684603178 0.0011138435528547958 0.0049846388851151327 -0.00027052787869858244 0.0030007828902896671 0.00031064544416765439
leaf_weight=92 406 32 46 62 100 39 83 146 133 78 134 26 41 55 44 91 29 24 35 20 47 28 22 20 26 78 33 24 21 336
leaf_count=92 406 32 46 62 100 39 83 146 133 78 134 26 41 55 44 91 29 24 35 20 47 28 22 20 26 78 33 24 21 336
internal_value=1.15218e-12 0.000448584 0.000162297 -0.000279965 -0.000752578 -0.0012469 -0.000859361 -0.00123549 -0.000561442 -0.00104583 -0.000235212 0.000140704 0.000386547 -0.000119709 -0.000637911 0.000706003 0.00207166 0.00028949 0.00131764 0.000365277 -0.00143604 0.00228096 0.00184448 0.00357873 0.0011672 0.00168254 0.00226462 0.0016702 0.000157889 7.88716e-06
internal_weight=2351 1473 1108 611 878 449 357 192 318 235 429 329 303 233 178 497 70 102 365 130 67 63 235 66 169 137 111 46 419 398
internal_count=2351 1473 1108 611 878 449 357 192 318 235 429 329 303 233 178 497 70 102 365 130 67 63 235 66 169 137 111 46 419 398
is_linear=0
shrinkage=0.05


Tree=81
num_leaves=31
num_cat=0
split_feature=0 1 0 1 0 6 14 0 32 2 9 7 13 0 29 8 6 22 32 13 0 29 4 0 1 0 0 0 0 0
split_gain=0.291707 0.104035 0.142746 0.0988378 0.282991 0.0970906 0.116372 0.146324 0.16352 0.229495 0.209744 0.0937489 0.0915116 0.0898499 0.115139 0.0848602 0.0781375 0.0741265 0.176398 0.118632 0.118113 0.098664 0.0833858 0.0822028 0.112634 0.119735 0.0678978 0.0648197 0.194607 0.0510029
threshold=1250.5000000000002 2.5000000000000004 437.04511395000003 2.5000000000000004 1577.5000000000002 11436.335224182667 7013.6829578056686 2700.1742160000003 1.0000000180025095e-35 3.5000000000000004 1464.9388872280681 2447.5332852826732 1056.5903579789779 1147.5000000000002 15.474021825875239 9941.0416490438856 6503.3775833365698 1.0000000180025095e-35 1.0000000180025095e-35 3110.5495293859376 966.50000000000011 15.656479841106146 3.5000000000000004 543.00000000000011 1.5000000000000002 746.00000000000011 875.0218761000001 1348.0000000000002 1402.9809040000002 1100.0127910000003
decision_type=2 2 2 2 2 2 2 2 2 2 2 2 2 2 2 2 2 2 2 2 2 2 2 2 2 2 2 2 2 2
left_child=1 2 -1 4 12 6 7 8 9 -5 -10 -3 -2 17 -15 -13 -16 19 20 23 21 26 -23 -4 -25 -26 -19 -14 -29 -27
right_child=3 11 13 5 -6 -7 -8 -9 10 -11 -12 15 27 14 16 -17 -18 18 -20 -21 -22 22 -24 24 25 29 -28 28 -30 -31
leaf_value=-0.0040103288152470041 -0.00079715810497873465 0.00033215238497807432 -0.0046375463914591821 0.00028512114286940716 0.0071044560433143672 0.0032763461981500895 -0.0031482022682515287 0.0046083344798535115 0.006278630936518312 -0.0039787541510480822 -0.00033746121157689587 -0.0012851570545899449 0.00070583421333601153 0.0037521047817010971 0.00077290735055178961 -0.0041223526268484119 -0.0024989277399568399 -0.00071621823961375009 0.0037732214827475882 6.3297819600131728e-05 0.00083863156844927284 -0.0030079988290696111 0.00012321385865410171 0.0014181160170472029 -0.004972279341891408 -0.00099611884395458877 0.0014999226537917782 0.0067670739702104287 0.00060993323118468251 -0.0033694578146633621
leaf_weight=26 52 39 20 722 21 28 24 20 25 33 23 60 71 28 107 47 22 139 29 193 160 73 30 33 25 175 46 21 33 26
leaf_count=26 52 39 20 722 21 28 24 20 25 33 23 60 71 28 107 47 22 139 29 193 160 73 30 33 25 175 46 21 33 26
internal_value=-3.54188e-12 -0.00051033 -0.000348318 0.000607831 0.00161663 0.000379555 0.000283793 0.000383875 0.000278658 9.87531e-05 0.00310842 -0.00176648 0.000965527 -0.000262231 0.000845755 -0.0025314 0.00021492 -0.000445533 -5.9558e-06 -0.000889768 -0.00025059 -0.000855713 -0.002096 -0.00154906 -0.00131056 -0.001709 -0.000165178 0.0016988 0.00300438 -0.00130312
internal_weight=2351 1278 1132 1073 198 875 847 823 803 755 48 146 177 1106 157 107 129 949 477 472 448 288 103 279 259 226 185 125 54 201
internal_count=2351 1278 1132 1073 198 875 847 823 803 755 48 146 177 1106 157 107 129 949 477 472 448 288 103 279 259 226 185 125 54 201
is_linear=0
shrinkage=0.05


Tree=82
num_leaves=31
num_cat=0
split_feature=0 0 35 6 6 0 32 1 29 8 29 0 6 29 35 8 2 35 3 8 0 2 0 35 28 6 8 0 5 1
split_gain=0.26826 0.125922 0.157618 0.0994599 0.0848304 0.179852 0.155328 0.219114 0.119439 0.108769 0.130442 0.115916 0.27854 0.112522 0.080251 0.0775555 0.10302 0.0767688 0.138436 0.119454 0.0679396 0.0670646 0.18639 0.135164 0.120108 0.0835549 0.0668708 0.0718973 0.0628022 0.0576276
threshold=1614.5000000000002 924.8513870500002 57.000000000000007 9579.4975353190439 6707.8926036314115 2700.1742160000003 1.0000000180025095e-35 3.5000000000000004 15.581953943131664 6714.6525855422287 15.656479841106146 1987.4768160000001 2655.6205781271169 15.499187421478508 50.500000000000007 11204.866315204101 1.5000000000000002 47.500000000000007 0.87500000000000011 8434.1068477922436 1196.5000000000002 1.5000000000000002 636.41891890000011 18.500000000000004 1.0000000180025095e-35 9579.4975353190439 5627.5448485417555 847.43026940000016 1.0000000180025095e-35 2.5000000000000004
decision_type=2 2 2 2 2 2 2 2 2 2 2 2 2 2 2 2 2 2 2 2 2 2 2 2 2 2 2 2 2 2
left_child=1 2 14 4 5 6 7 9 -6 10 -2 13 -13 -11 21 16 -3 28 19 -19 -20 22 24 -24 -1 26 -23 -28 -18 -17
right_child=3 15 -4 -5 8 -7 -8 -9 -10 11 -12 12 -14 -15 -16 29 17 18 20 -21 -22 25 23 -25 -26 -27 27 -29 -30 -31
leaf_value=-0.002135577020844636 0.00086587277797257737 0.0036752281366803107 -0.0037488779053092003 0.0045062133320607246 0.00082321743813476393 0.0057775265863165264 0.0045714651846706323 -0.0031798716350321604 -0.0040204619686119254 -0.0019277092154758671 -0.0036986158423436191 0.0082437251012015631 0.001198622187385286 0.0014125420078834154 0.0020459800295961595 -0.00018355038175159704 -0.00013706654791978092 0.0012863641072883561 0.0014027845518689397 -0.0035995395456914349 0.0043395101265501111 0.00015250356065937216 0.00033820168360502328 0.0045600334164471587 0.0017781871982151644 -0.0043276285075328569 -0.0029654055069840979 -0.00072923020956428756 0.0019174559604951541 -0.0015586915841425762
leaf_weight=107 45 21 45 20 35 20 27 34 20 30 24 20 47 158 26 215 804 29 54 22 31 72 70 26 24 22 64 82 39 118
leaf_count=107 45 21 45 20 35 20 27 34 20 30 24 20 47 158 26 215 804 29 54 22 31 72 70 26 24 22 64 82 39 118
internal_value=2.36693e-12 -0.000270524 -0.000916189 0.00105448 0.000904403 0.00115462 0.000914471 0.000638665 -0.000938121 0.00103938 -0.000721775 0.00151592 0.00330164 0.000879523 -0.000657627 -9.93248e-06 0.000210149 0.000135821 0.00123816 -0.000821281 0.00247383 -0.000808149 -0.00019205 0.00148161 -0.00141855 -0.00139088 -0.00109451 -0.00170947 -4.20175e-05 -0.000670838
internal_weight=2351 1871 538 480 460 405 385 358 55 324 69 255 67 188 493 1333 1000 979 136 51 85 467 227 96 131 240 218 146 843 333
internal_count=2351 1871 538 480 460 405 385 358 55 324 69 255 67 188 493 1333 1000 979 136 51 85 467 227 96 131 240 218 146 843 333
is_linear=0
shrinkage=0.05


Tree=83
num_leaves=31
num_cat=0
split_feature=0 27 1 0 6 14 0 32 2 9 0 27 1 0 29 27 33 6 7 0 27 6 14 8 0 28 8 33 32 12
split_gain=0.245676 0.0939361 0.0894627 0.247638 0.0820987 0.0992817 0.116443 0.133841 0.193758 0.186755 0.0787221 0.0758266 0.073148 0.0805304 0.100542 0.0896642 0.144944 0.0801911 0.0816337 0.0776933 0.0711155 0.0854672 0.0696044 0.0660366 0.0548124 0.0528835 0.0918684 0.236666 0.0888265 0.123198
threshold=1250.5000000000002 19500.000000000004 2.5000000000000004 1577.5000000000002 11436.335224182667 7013.6829578056686 2700.1742160000003 1.0000000180025095e-35 3.5000000000000004 1464.9388872280681 437.04511395000003 56500.000000000007 2.5000000000000004 1147.5000000000002 15.474021825875239 41000.000000000007 1.5000000000000002 3493.988231602309 2953.9437108896104 1196.5000000000002 34500.000000000007 5497.9356148527559 2852.2268947698076 8461.4745106652354 1038.5000000000002 1.0000000180025095e-35 10111.486730562714 1.5000000000000002 1.0000000180025095e-35 2951.6028602505958
decision_type=2 2 2 2 2 2 2 2 2 2 2 2 2 2 2 2 2 2 2 2 2 2 2 2 2 2 2 2 2 2
left_child=1 -1 3 20 5 6 7 8 11 -9 -3 -4 13 25 -15 16 -16 18 -14 24 21 22 -2 -13 -19 28 -27 -28 -12 -30
right_child=2 10 4 -5 -6 -7 -8 9 -10 -11 12 23 17 14 15 -17 -18 19 -20 -21 -22 -23 -24 -25 -26 26 27 -29 29 -31
leaf_value=-0.0032331624813377855 0.00059564748189074295 -0.003072341276263749 9.4413870155589096e-05 0.0066511921939395729 0.003004407185030037 -0.0029174079963316521 0.0041135362139903013 0.0058027157559990888 -0.0036582100745776685 -0.00044028227541433729 -0.0003413641974835184 0.0037687969303482937 -0.00059713156205480514 0.0035612914274679498 0.00053385370219849167 0.0022527383616981738 -0.0041436761278997765 -0.0007706636359216646 -0.0044775430811569098 -0.0025916286078946933 0.0029272213440188874 0.0025158111646305771 -0.0021287973943565574 0.00058428371636049328 0.0023760177707299593 -0.002815756584076505 -0.0015765823421123274 0.0040459997476621845 0.0048758515901863577 -0.00034388127521826672
leaf_weight=30 71 27 654 21 28 24 20 25 33 23 713 27 23 28 67 39 22 31 33 28 35 36 35 41 25 57 85 24 20 26
leaf_count=30 71 27 654 21 28 24 20 25 33 23 713 27 23 28 67 39 22 31 33 28 35 36 35 41 25 57 85 24 20 26
internal_value=-2.42908e-13 -0.000468339 0.000557816 0.00151758 0.000340636 0.000252578 0.000345019 0.000251159 8.83959e-05 0.00281128 -0.000401876 0.00025964 -0.000342824 -0.000203552 0.000847309 0.000253626 -0.00062239 -0.0014182 -0.0028838 -0.00044114 0.000908503 0.000410931 -0.000303933 0.00184872 0.000634105 -0.000380779 -0.00118918 -0.000338583 -0.000203974 0.00192557
internal_weight=2351 1278 1073 198 875 847 823 803 755 48 1248 722 1221 1081 156 128 89 140 56 84 177 142 106 68 56 925 166 109 759 46
internal_count=2351 1278 1073 198 875 847 823 803 755 48 1248 722 1221 1081 156 128 89 140 56 84 177 142 106 68 56 925 166 109 759 46
is_linear=0
shrinkage=0.05


Tree=84
num_leaves=31
num_cat=0
split_feature=0 0 14 2 31 35 23 14 35 10 4 10 0 13 31 23 0 35 35 0 0 27 9 4 2 0 0 33 27 0
split_gain=0.227838 0.114125 0.17942 0.134465 0.0782265 0.150483 0.176821 0.113452 0.0997259 0.278764 0.0780483 0.0881068 0.0835889 0.0758541 0.114235 0.102093 0.0548122 0.0833018 0.0937392 0.0690198 0.0515481 0.0503864 0.0474656 0.104058 0.0791433 0.134723 0.0720014 0.067336 0.110527 0.123045
threshold=1686.2175495000001 800.09699320000016 7185.5732734949152 1.5000000000000002 1.5000000000000002 35.500000000000007 1.5000000000000002 2292.8352519860759 41.500000000000007 2391.3000490723207 5.5000000000000009 911.91732693850838 776.09689920000017 1076.2250343069252 1.5000000000000002 1.5000000000000002 1888.5534840000003 33.500000000000007 15.500000000000002 1816.8333335000002 2102.0000000000005 19500.000000000004 2045.8784076634172 3.5000000000000004 2.5000000000000004 1499.9318245000002 1000.5561735000001 1.5000000000000002 41000.000000000007 1099.9771795000004
decision_type=2 2 2 2 2 2 2 2 2 2 2 2 2 2 2 2 2 2 2 2 2 2 2 2 2 2 2 2 2 2
left_child=1 2 10 -3 8 7 -7 -6 16 -10 11 -1 13 -13 -15 -16 19 18 20 -2 -18 -5 23 26 25 -24 -23 -28 29 -29
right_child=4 3 -4 21 5 6 -8 -9 9 -11 -12 12 -14 14 15 -17 17 -19 -20 -21 -22 22 24 -25 -26 -27 27 28 -30 -31
leaf_value=0.00024131080681399908 0.0010839643970469079 0.0027136350420796378 -0.0054187658412212679 -0.0022223952810496226 0.00032668665652488206 9.3917190624436119e-05 -0.0054236216942081233 0.0046178271722358962 0.0013018364298019421 0.008212064998224378 0.0017228989508645291 -0.00031825512830567152 0.0012913192262534391 -0.0053274549349832043 -0.0037285084477983992 -0.00037129014462051503 0.0030169627396389844 -0.00068421117030084135 0.0056157941668061543 -0.0019035053876999379 -0.00031368834454388849 -0.0010315710820452061 0.0005676144789186913 0.00153092154636923 -0.0014383747347488276 0.0048861002460831686 -0.00028871482993330608 0.0037062597481290933 0.0042911340529099102 -0.00026350968369362194
leaf_weight=96 58 43 22 28 43 53 20 24 54 20 29 49 22 30 39 54 26 24 20 29 21 264 129 83 36 21 842 23 20 129
leaf_count=96 58 43 22 28 43 53 20 24 54 20 29 49 22 30 39 54 26 24 20 29 21 264 129 83 36 21 842 23 20 129
internal_value=-3.79959e-12 -0.000220183 -0.00105148 -4.4984e-05 0.00110035 0.000152718 -0.00141774 0.00186381 0.00162681 0.00316947 -0.000750284 -0.000997603 -0.00161067 -0.00198186 -0.00264459 -0.00177916 0.000985487 0.00184339 0.0027488 8.81411e-05 0.0015288 -0.000120299 -8.22517e-05 -0.000184638 0.000666929 0.0011722 -0.000296055 -0.00010456 0.000796941 0.000337179
internal_weight=2351 1959 341 1618 392 140 73 67 252 74 319 290 194 172 123 93 178 91 67 87 47 1575 1547 1361 186 150 1278 1014 172 152
internal_count=2351 1959 341 1618 392 140 73 67 252 74 319 290 194 172 123 93 178 91 67 87 47 1575 1547 1361 186 150 1278 1014 172 152
is_linear=0
shrinkage=0.05


Tree=85
num_leaves=31
num_cat=0
split_feature=31 12 13 14 29 11 27 11 29 27 12 4 8 4 11 12 6 29 8 1 2 6 29 28 4 22 9 1 8 31
split_gain=0.199273 0.116719 0.0663091 0.10665 0.0931501 0.0756123 0.057662 0.0552219 0.100825 0.0471364 0.134776 0.0815902 0.342968 0.230117 0.102918 0.0831877 0.0438652 0.0802483 0.0381628 0.0446452 0.07081 0.037 0.0366889 0.0327751 0.0289469 0.0254767 0.0862138 0.0358703 0.0280352 0.0263105
threshold=1.0000000180025095e-35 2188.7437154096829 2334.3862241665597 9613.0249967827858 15.782780969002394 8071.2529632599571 21500.000000000004 2045.2379917642081 15.782780969002394 56500.000000000007 845.29846999269523 1.5000000000000002 6323.3893757963751 5.5000000000000009 1809.5758489781322 1612.0281348263777 711.85380377432296 15.999547755737007 8412.6826219161539 1.5000000000000002 2.5000000000000004 932.24764698187471 15.772912489480397 1.0000000180025095e-35 2.5000000000000004 1.0000000180025095e-35 170.12925284434638 2.5000000000000004 9872.9806630965559 2.5000000000000004
decision_type=2 2 2 2 2 2 2 2 2 2 2 2 2 2 2 2 2 2 2 2 2 2 2 2 2 2 2 2 2 2
left_child=-1 9 7 5 -5 22 -6 -3 -9 11 -11 15 -13 14 -14 16 17 -2 19 -17 21 -21 23 -4 -16 27 -27 28 -18 -29
right_child=1 2 3 4 6 -7 -8 8 -10 10 -12 12 13 -15 24 18 25 -19 -20 20 -22 -23 -24 -25 -26 26 -28 29 -30 -31
leaf_value=0.0039187128946650777 -0.0021216227587068544 -0.00062302663041359323 -4.2518591569946309e-07 -0.0043554230147729751 -0.0022643003431148828 0.003307041024700517 0.0010681562673266012 -0.0047124633174389606 -0.0011316447062674107 -1.0164725882644777e-05 0.0033988964697887558 -0.0064541766623733565 -0.0028528777768880857 0.0049779097596183422 -0.00080496906840170812 -0.00027091917559029718 -0.0015170534122355131 0.00037320489769406391 -0.0011754878671354164 0.0010318213726956552 -1.6814503844901648e-05 0.002463736828736456 -0.0014570267871022225 0.001328327250590899 0.0010467253746869773 0.00024023740968832908 0.0031560377866428884 0.0010287791667479371 -0.00020557161562224374 -0.00011035473906390725
leaf_weight=32 63 312 151 23 25 21 27 25 92 89 43 24 41 20 39 51 49 66 20 78 69 107 30 67 46 268 28 98 242 105
leaf_count=32 63 312 151 23 25 21 27 25 92 89 43 24 41 20 39 51 49 66 20 78 69 107 30 67 46 268 28 98 242 105
internal_value=2.15706e-12 -5.40745e-05 -0.000555729 -3.85792e-05 -0.00170589 0.000426285 -0.000533986 -0.000970413 -0.00189678 0.000196753 0.00110036 0.000112399 -0.000915026 -4.48096e-06 -0.000795337 0.000252802 9.65303e-06 -0.000845199 0.000940354 0.0010791 0.00135016 0.00186001 0.00018235 0.000407953 0.000197124 0.000149243 0.000516056 -7.05483e-05 -0.000426405 0.000439572
internal_weight=2351 2319 773 344 75 269 52 429 117 1546 132 1414 170 146 126 1244 919 129 325 305 254 185 248 218 85 790 296 494 291 203
internal_count=2351 2319 773 344 75 269 52 429 117 1546 132 1414 170 146 126 1244 919 129 325 305 254 185 248 218 85 790 296 494 291 203
is_linear=0
shrinkage=0.05


Tree=86
num_leaves=31
num_cat=0
split_feature=0 0 13 11 13 33 0 2 13 0 1 9 27 0 2 0 9 11 1 0 0 14 34 6 2 0 9 27 13 6
split_gain=0.203715 0.0991705 0.0893519 0.0996653 0.0830401 0.0815267 0.101575 0.0788662 0.103844 0.0940389 0.138652 0.10923 0.0875169 0.0789669 0.0749543 0.0933727 0.0712342 0.072355 0.0551841 0.0650382 0.121622 0.0998348 0.0726721 0.0725112 0.0540485 0.153085 0.0761941 0.0515135 0.153797 0.15602
threshold=1068.0000000000002 1800.0195655 1873.2008765259361 1942.7731509798784 2073.5597391785518 1.5000000000000002 1417.9339625000002 2.5000000000000004 801.9474254085535 1470.0127550000002 2.5000000000000004 922.57891998798493 31000.000000000004 1103.4117490000001 2.5000000000000004 437.04511395000003 5748.916892358794 8071.2529632599571 2.5000000000000004 1489.9978715000002 1205.8833550000002 2790.1097965973481 1.0000000180025095e-35 6707.8926036314115 1.5000000000000002 700.1548011000001 1374.0269282138609 27000.000000000004 2424.4983491015851 1061.3422553870589
decision_type=2 2 2 2 2 2 2 2 2 2 2 2 2 2 2 2 2 2 2 2 2 2 2 2 2 2 2 2 2 2
left_child=14 2 3 5 -4 7 -7 9 -9 10 12 -11 -2 -14 15 -1 17 18 -6 20 -20 -22 -23 -21 26 -26 -17 -3 -29 -30
right_child=1 27 4 -5 16 6 -8 8 -10 11 -12 -13 13 -15 -16 24 -18 -19 19 23 21 22 -24 -25 25 -27 -28 28 29 -31
leaf_value=-0.0034724292560265619 -0.0010864346803039855 4.2597249455251539e-05 0.0032214384359706728 -0.0021809211742716827 0.00099753403469530523 -0.00012791658260135187 0.0039290326837174315 0.0012741725366081924 -0.0020022048851057084 -0.00068928643340768767 -0.0033803215701923225 0.0030517227742820983 -0.0012908404651249799 0.0021112960209420913 -0.0032474151525933013 -0.00011269113145831028 -0.0024977851402945821 0.0033499058293686673 0.0024976359103279916 0.00094421815138682791 -0.0036242911214562691 -0.0021191202133195477 0.00094231661548422252 -0.0021043645292097195 -0.0037987433474611595 -0.00047675413367374587 0.0027097936771396137 0.00093140637635813278 0.0011864909622818231 0.0073570820680331625
leaf_weight=26 75 71 28 63 245 36 27 31 110 32 33 50 23 66 26 209 20 22 23 172 37 36 42 22 37 553 27 168 20 21
leaf_count=26 75 71 28 63 245 36 27 31 110 32 33 50 23 66 26 209 20 22 23 172 37 36 42 22 37 553 27 168 20 21
internal_value=1.55221e-12 0.000359336 0.000160581 -0.000310459 0.000558089 -6.64852e-05 0.00161078 -0.000318074 -0.00128187 0.000169003 -0.000423234 0.00159182 0.00017179 0.00123209 -0.00060285 -0.000522148 0.000437615 0.000535625 0.000428321 8.26906e-06 -0.00082148 -0.0014853 -0.000470654 0.000598503 -0.000429282 -0.000685082 0.00021022 0.00120618 0.00160146 0.00434704
internal_weight=2351 1473 1193 546 647 483 63 420 141 279 197 82 164 89 878 852 619 599 577 332 138 115 78 194 826 590 236 280 209 41
internal_count=2351 1473 1193 546 647 483 63 420 141 279 197 82 164 89 878 852 619 599 577 332 138 115 78 194 826 590 236 280 209 41
is_linear=0
shrinkage=0.05


Tree=87
num_leaves=31
num_cat=0
split_feature=0 3 0 12 6 12 2 27 0 31 0 35 31 0 9 22 0 13 33 8 0 33 0 31 35 13 35 27 0 33
split_gain=0.184744 0.0747504 0.11617 0.169514 0.125938 0.0989584 0.0842645 0.101377 0.0792229 0.0783084 0.0741687 0.0730406 0.0874113 0.0664436 0.0642266 0.0780496 0.0699166 0.076838 0.0596919 0.0542836 0.0532674 0.0721752 0.105794 0.049942 0.162242 0.113189 0.111444 0.180124 0.0963333 0.0886255
threshold=1250.5000000000002 0.58333333333333337 570.50000000000011 1450.9086728696195 8654.7003549612182 1026.8779560412097 1.5000000000000002 19500.000000000004 776.09689920000017 1.5000000000000002 736.00000000000011 35.500000000000007 2.5000000000000004 1800.0195655 15.584922341658899 1.0000000180025095e-35 1200.2872115000002 2334.3862241665597 1.5000000000000002 11420.767028190747 1196.5000000000002 1.5000000000000002 1000.5561735000001 2.5000000000000004 35.500000000000007 2039.3059110956049 41.500000000000007 46500.000000000007 1888.5534840000003 1.5000000000000002
decision_type=2 2 2 2 2 2 2 2 2 2 2 2 2 2 2 2 2 2 2 2 2 2 2 2 2 2 2 2 2 2
left_child=1 9 3 5 -5 -3 8 -8 -4 -1 -9 12 19 -2 -13 16 17 -16 -19 -12 21 -14 -23 26 29 -26 28 -28 -15 -25
right_child=13 2 6 4 -6 -7 7 10 -10 -11 11 14 20 23 15 -17 -18 18 -20 -21 -22 22 -24 24 25 -27 27 -29 -30 -31
leaf_value=0.0039123968966305253 0.00024992298042121884 -0.0032888778722157115 0.00026396358475184209 -0.0071247273209420125 -0.0017114369021285149 0.00074772690897997548 -0.0034433768929115365 -0.0025567757265985407 0.0034344418076798322 -0.00012669321624950196 -7.1226690752643735e-05 -0.00091872683039649183 -0.0021122421529024648 -0.0014698579521791545 -0.0007211696585000027 0.0029999766920809634 0.0031701293122023341 0.00038757085397110309 0.0034378005194214537 -0.00183663207203701 -0.0034222691464520089 -0.0022374186241491275 0.0024335353549017951 0.00040152119451064485 0.0010383233902975916 -0.0034219253977591339 0.0073487573966849601 0.0010882668421362286 0.001715074514346349 0.0045773912677153326
leaf_weight=20 793 22 93 22 21 49 28 38 25 30 391 82 78 32 120 32 20 53 23 49 33 22 27 27 25 33 20 27 92 24
leaf_count=20 793 22 93 22 21 49 28 38 25 30 391 82 78 32 120 32 20 53 23 49 33 22 27 27 25 33 20 27 92 24
internal_value=4.33625e-13 -0.000406128 -0.000483289 -0.00200352 -0.00448103 -0.000503052 -0.000327718 -0.000477397 0.000935675 0.00148894 -0.000391604 -0.000303135 -0.000631754 0.00048372 0.000294353 0.000695452 0.000354041 6.66852e-05 0.00131067 -0.000267829 -0.00163255 -0.0011675 0.000336372 0.00114587 0.000309477 -0.0014994 0.001679 0.00375231 0.000893156 0.00236664
internal_weight=2351 1278 1228 114 43 71 1114 996 118 50 968 930 600 1073 330 248 216 196 76 440 160 127 49 280 109 58 171 47 124 51
internal_count=2351 1278 1228 114 43 71 1114 996 118 50 968 930 600 1073 330 248 216 196 76 440 160 127 49 280 109 58 171 47 124 51
is_linear=0
shrinkage=0.05


Tree=88
num_leaves=31
num_cat=0
split_feature=0 0 1 2 0 8 32 29 11 29 0 29 0 3 7 29 0 0 7 8 8 7 7 33 7 0 0 9 35 3
split_gain=0.169546 0.0804537 0.0750347 0.0649946 0.0787207 0.0636013 0.215401 0.0616299 0.117375 0.0892368 0.100331 0.335871 0.290519 0.0903117 0.0909436 0.0709713 0.0866603 0.056116 0.120434 0.0558063 0.0544051 0.0540186 0.078847 0.0643804 0.0990194 0.0722592 0.0649639 0.0612158 0.0535006 0.0532437
threshold=1068.0000000000002 1713.0000000000002 2.5000000000000004 2.5000000000000004 437.04511395000003 10571.62173694949 1.0000000180025095e-35 15.999547755737007 341.35912554649826 15.772912489480397 1987.4768160000001 15.641077194508151 2298.7290165000004 0.87500000000000011 3655.2566148720675 15.474021825875239 1842.6561770000001 1400.0424270000001 4145.7474345355831 5372.939460892886 9511.0016758038055 3927.7807379488609 2974.6248377502261 1.5000000000000002 1224.6781170630586 1378.0459365000004 1449.9057595000002 742.65847665882859 39.500000000000007 1.6666666666666667
decision_type=2 2 2 2 2 2 2 2 2 2 2 2 2 2 2 2 2 2 2 2 2 2 2 2 2 2 2 2 2 2
left_child=3 2 28 4 -1 6 20 8 -3 10 15 -12 -13 -11 -15 16 -10 18 -7 -17 21 22 23 24 -4 27 -27 -26 -2 -6
right_child=1 7 5 -5 29 17 -8 -9 9 13 11 12 -14 14 -16 19 -18 -19 -20 -21 -22 -23 -24 -25 25 26 -28 -29 -30 -31
leaf_value=-0.0031837558015607873 0.00023737390809069737 -0.0027399355495369739 -0.0030750181543855713 -0.0030125770520848727 -0.00031576088389219457 -0.00028179000000818635 0.0051616057846695191 0.0033176636215872489 0.0014003961664539849 0.0015084585739694174 0.008100554534821244 -0.0029164379704053754 0.0037629708011702799 0.0010561746164140377 -0.0030242690179066913 1.9667555966407237e-05 -0.002944126656802837 -0.00045788483672825806 -0.0049134542653337127 0.0027510067603240414 0.0014979119109656577 -0.0018543009323856005 0.0018723780116023021 0.0013428711332380773 -0.00028587536384853035 0.0026928292480685439 -0.00020675205348078351 -0.0038695140392519534 0.0013763047956348452 -0.0025733194348436816
leaf_weight=26 351 22 39 26 799 32 20 26 22 45 23 27 41 22 36 32 24 143 25 45 44 52 43 42 26 24 99 22 146 27
leaf_count=26 351 22 39 26 799 32 20 26 22 45 23 27 41 22 36 32 24 143 25 45 44 52 43 42 26 24 99 22 146 27
internal_value=-3.05352e-12 0.000327819 0.00011573 -0.000549974 -0.000474824 -0.000255368 0.000100489 0.00097164 0.000791709 0.00103681 0.00161881 0.00287748 0.00111085 -0.0001724 -0.00147651 0.000687596 -0.000866311 -0.000986656 -0.00231322 0.0016159 -0.000158391 -0.000368412 -0.000106493 -0.000444158 -0.000801563 -0.000283056 0.00035902 -0.00192838 0.000571949 -0.000389555
internal_weight=2351 1473 1108 878 852 611 411 365 339 317 214 91 68 103 58 123 46 200 57 77 391 347 295 252 210 171 123 48 497 826
internal_count=2351 1473 1108 878 852 611 411 365 339 317 214 91 68 103 58 123 46 200 57 77 391 347 295 252 210 171 123 48 497 826
is_linear=0
shrinkage=0.05


Tree=89
num_leaves=31
num_cat=0
split_feature=31 4 27 6 8 6 29 6 27 4 10 8 8 4 3 2 27 33 2 5 7 7 33 29 7 11 9 33 8 31
split_gain=0.168043 0.108461 0.0998613 0.08358 0.0755566 0.118385 0.0539579 0.0605787 0.063325 0.0911159 0.306079 0.0878169 0.0921505 0.0773268 0.0654738 0.0568548 0.0539944 0.0526177 0.0873818 0.0447046 0.0440819 0.0435065 0.0508507 0.0377897 0.0321891 0.0682585 0.0546347 0.0494496 0.0964799 0.0443898
threshold=1.0000000180025095e-35 8.5000000000000018 20500.000000000004 15162.842123253557 4743.8420004739874 4394.5509640983064 16.058533290879371 403.78288489795449 56500.000000000007 1.5000000000000002 911.91732693850838 6082.8261983289731 7518.9013512374977 3.5000000000000004 1.6666666666666667 2.5000000000000004 37000.000000000007 1.5000000000000002 2.5000000000000004 1.0000000180025095e-35 4865.2668735579182 3962.713321692006 1.5000000000000002 15.661599793771133 2974.6248377502261 1942.7731509798784 637.49286296793264 1.5000000000000002 16820.160403811355 2.5000000000000004
decision_type=2 2 2 2 2 2 2 2 2 2 2 2 2 2 2 2 2 2 2 2 2 2 2 2 2 2 2 2 2 2
left_child=-1 2 3 -2 5 -4 7 16 9 11 -11 14 -13 20 15 -9 19 -7 -19 21 -12 -6 -23 -15 25 -14 -27 29 -29 -26
right_child=1 -3 4 -5 6 17 -8 8 -10 10 13 12 24 23 -16 -17 -18 18 -20 -21 -22 22 -24 -25 27 26 -28 28 -30 -31
leaf_value=0.0035985648690257223 -0.0042493965154370436 0.0031615741080783591 -0.0043275269501464207 -0.00034533283544768549 -0.0031415569595992566 -0.00099659279645609024 0.0025954955789659704 0.002415928214322776 0.0020358138855292719 -0.0066214803647848645 -0.00059188413980054667 -0.0018265380702602368 7.092857140649819e-05 -0.00096856899326667198 -0.00038471660489449279 0.00045876945497199772 5.8425015814551346e-05 -0.0010349580660528903 0.0022517867756482119 2.2011020800246945e-05 -0.0032654450826590793 -0.0027329359520226718 0.00023760092821355691 0.0015463794976220294 0.00035385510406412226 8.2804805133491753e-05 -0.0032909516415869193 0.0045649111969396474 0.00025458592116027267 -0.0010202295477938605
leaf_weight=32 26 26 22 29 41 173 21 100 44 21 58 60 268 20 50 59 146 42 39 44 21 25 34 59 720 20 30 20 37 64
leaf_count=32 26 26 22 29 41 173 21 100 44 21 58 60 268 20 50 59 146 42 39 44 21 25 34 59 720 20 30 20 37 64
internal_value=-6.71107e-12 -4.96568e-05 -8.60685e-05 -0.00219089 -3.43414e-05 -0.00080893 7.46221e-05 4.73484e-05 0.000164418 0.000113178 -0.000950222 0.000246476 8.41206e-05 -0.000196447 0.00119342 0.00168969 -0.000619139 -0.00050417 0.000547549 -0.00130611 -0.00130258 -0.00189049 -0.0010211 0.000909684 0.000183033 -0.000245483 -0.00194145 0.000345064 0.00176698 0.000241685
internal_weight=2351 2319 2293 55 2238 276 1962 1941 1651 1607 179 1428 1219 158 209 159 290 254 81 144 79 100 59 79 1159 318 50 841 57 784
internal_count=2351 2319 2293 55 2238 276 1962 1941 1651 1607 179 1428 1219 158 209 159 290 254 81 144 79 100 59 79 1159 318 50 841 57 784
is_linear=0
shrinkage=0.05


Tree=90
num_leaves=31
num_cat=0
split_feature=0 1 0 0 6 13 9 0 6 9 0 0 12 0 0 0 29 0 32 1 5 0 14 0 7 7 22 13 33 0
split_gain=0.155703 0.106664 0.203477 0.0849116 0.118371 0.0713197 0.0698179 0.166547 0.106474 0.0738116 0.0921314 0.0672878 0.0975129 0.0727601 0.0718482 0.0633977 0.0622652 0.0597589 0.167054 0.274542 0.0646883 0.0575672 0.108638 0.0649644 0.063973 0.0642474 0.0515747 0.0797682 0.101603 0.0875318
threshold=1205.8833550000002 2.5000000000000004 1577.5000000000002 1402.9809040000002 11436.335224182667 1056.5903579789779 15.584922341658899 1289.6852455000003 8512.6669981637151 999.8733579994298 1350.0162655000001 1434.6314740000003 2951.6028602505958 2146.7554030000006 1480.0098670000002 1650.2573335000004 15.641077194508151 2644.4444445000004 1.0000000180025095e-35 3.5000000000000004 1.0000000180025095e-35 2002.5000000000002 2292.8352519860759 1905.0139240000003 2605.8626569894686 2953.9437108896104 1.0000000180025095e-35 2334.3862241665597 1.5000000000000002 1077.5000000000002
decision_type=2 2 2 2 2 2 2 2 2 2 2 2 2 2 2 2 2 2 2 2 2 2 2 2 2 2 2 2 2 2
left_child=26 2 5 6 11 -2 -3 -8 9 -9 -11 -5 14 15 -13 -14 -7 18 19 20 21 23 -23 24 -16 -26 27 -1 -29 -30
right_child=1 3 -4 4 -6 16 7 8 -10 10 -12 12 13 -15 17 -17 -18 -19 -20 -21 -22 22 -24 -25 25 -27 -28 28 29 -31
leaf_value=-0.001271217560870412 -0.00056639739195816217 -0.0031488033452270817 0.0060118879235926126 0.0031199879013001919 0.0037608080934733155 0.002597102679055073 0.0031946795374656529 0.0022259028961083721 -0.0038554461624730253 -0.0032599351312644007 0.00060296766424664493 -0.0020254325502229715 -0.001301038137370549 -0.0036530793982092291 -0.0007288927043095771 0.00068203101539568575 0.00067957267930741309 0.0032813727523067168 0.0042284375514257061 -0.0043060560482748164 -0.0021208163756818977 0.0052240725420415399 0.00074675703820373338 -0.0015397221808705261 0.0036490569002521431 0.00086416597240223866 -4.779512709224062e-05 -0.00056000829191489793 0.00023544848663732411 0.0043411292490505042
leaf_weight=318 63 28 21 20 25 67 26 21 29 29 33 26 95 20 57 70 115 21 29 30 20 20 42 34 23 208 543 263 34 21
leaf_count=318 63 28 21 20 25 67 26 21 29 29 33 26 95 20 57 70 115 21 29 30 20 20 42 34 23 208 543 263 34 21
internal_value=1.00149e-11 0.000408117 0.00128843 0.000149658 0.000378917 0.000883566 -0.000872343 -0.000410453 -0.00124736 -0.000336099 -0.00120387 0.000260669 0.000178387 -0.000804962 0.000535092 -0.000459736 0.00138548 0.000672641 0.000554318 0.000308813 0.000651501 0.000795892 0.00219105 0.000527259 0.000771278 0.00114145 -0.000405694 -0.000711258 -0.000151299 0.00180307
internal_weight=2351 1172 266 906 740 245 166 138 112 83 62 715 695 185 510 165 182 484 463 434 404 384 62 322 288 231 1179 636 318 55
internal_count=2351 1172 266 906 740 245 166 138 112 83 62 715 695 185 510 165 182 484 463 434 404 384 62 322 288 231 1179 636 318 55
is_linear=0
shrinkage=0.05


Tree=91
num_leaves=31
num_cat=0
split_feature=31 4 27 6 27 2 2 6 5 4 9 9 2 17 14 3 6 2 32 32 5 7 7 33 33 7 34 29 35 29
split_gain=0.149374 0.0981029 0.0888235 0.0726096 0.06527 0.158723 0.108941 0.0563551 0.0859374 0.0519609 0.0501486 0.174085 0.0395066 0.051534 0.0429686 0.0477207 0.0524498 0.0299798 0.157857 0.123352 0.0481013 0.0529548 0.0502405 0.0467261 0.0384351 0.0933414 0.0732389 0.065406 0.0607116 0.0581063
threshold=1.0000000180025095e-35 8.5000000000000018 20500.000000000004 15162.842123253557 37000.000000000007 3.5000000000000004 3.5000000000000004 528.18373906278987 1.0000000180025095e-35 3.5000000000000004 1748.888123548825 2785.1459532931353 2.5000000000000004 1.5000000000000002 3170.2467704465521 1.6666666666666667 932.24764698187471 2.5000000000000004 1.0000000180025095e-35 1.0000000180025095e-35 1.0000000180025095e-35 2447.5332852826732 827.98298206357424 1.5000000000000002 1.5000000000000002 3754.4973109159459 1.0000000180025095e-35 15.661599793771133 35.500000000000007 15.581953943131664
decision_type=2 2 2 2 2 2 2 2 2 2 2 2 2 2 2 2 2 2 2 2 2 2 2 2 2 2 2 2 2 2
left_child=-1 2 3 -2 5 7 9 8 -4 12 17 -12 14 -14 -6 16 -16 19 24 20 21 22 -9 -23 25 29 27 -26 -27 -19
right_child=1 -3 4 -5 6 -7 -8 10 -10 -11 11 -13 13 -15 15 -17 -18 18 -20 -21 -22 23 -24 -25 26 28 -28 -29 -30 -31
leaf_value=0.0033927908574696631 -0.0039851981107718671 0.0030072308108523992 -0.0019622634760545275 -0.00034636038451873021 3.3328452973455122e-05 -0.0038821772656178681 0.003416957468185241 0.00040880137751810253 0.00063339055474595334 -0.0021010128401584278 -0.0052519965574538219 0.00056607110826815998 0.00055374487184543309 -0.00099868112577083099 0.00058018742700043286 -0.00037254677442251707 0.0021848763472861513 -0.00024641565766862848 0.0044515635636027742 -0.0035735460832220269 0.0021477588415145877 8.1808265308985952e-06 -0.0015027049920304722 0.0018503736320275898 0.0035305553683429025 4.9187544773674896e-05 -0.00091155655682086947 -0.00011438538291258738 0.0033182047959417109 -0.0028971243016899396
leaf_weight=32 26 26 95 29 201 29 28 50 48 23 20 36 104 110 106 50 98 44 23 25 25 785 110 36 32 49 32 20 20 39
leaf_count=32 26 26 95 29 201 29 28 50 48 23 20 36 104 110 106 50 98 44 23 25 25 785 110 36 32 49 32 20 20 39
internal_value=2.79038e-13 -4.68173e-05 -8.14467e-05 -0.00206654 -3.26621e-05 -0.000218625 0.00035941 -0.000147273 -0.00109099 0.000235695 -4.70117e-05 -0.00151181 0.00031603 -0.000244231 0.000579537 0.00101177 0.00135107 1.65764e-05 0.000497492 -0.000104235 -1.802e-05 -7.32131e-05 -0.000905359 8.89591e-05 0.000112137 -0.00036221 0.000970479 0.00212866 0.000996729 -0.00149193
internal_weight=2351 2319 2293 55 2238 1518 720 1489 143 692 1346 56 669 214 455 254 204 1290 259 1031 1006 981 160 821 236 152 84 52 69 83
internal_count=2351 2319 2293 55 2238 1518 720 1489 143 692 1346 56 669 214 455 254 204 1290 259 1031 1006 981 160 821 236 152 84 52 69 83
is_linear=0
shrinkage=0.05


Tree=92
num_leaves=31
num_cat=0
split_feature=0 1 0 13 1 0 12 8 7 13 2 6 0 8 0 0 6 14 0 32 2 9 27 4 13 8 7 5 13 0
split_gain=0.141526 0.0746496 0.182536 0.0737441 0.0666314 0.0836399 0.114312 0.145694 0.077523 0.0750147 0.0713052 0.0980315 0.0693751 0.0656982 0.061586 0.168021 0.0573598 0.0703569 0.0857702 0.0958283 0.172288 0.160279 0.0482689 0.0504416 0.0597143 0.0425764 0.0409476 0.0914779 0.120631 0.0793818
threshold=1250.5000000000002 2.5000000000000004 1577.5000000000002 1056.5903579789779 2.5000000000000004 570.50000000000011 1450.9086728696195 2995.1232875607502 2447.5332852826732 2006.3039207857591 1.5000000000000002 8512.6669981637151 800.09699320000016 9941.0416490438856 1348.0000000000002 1402.9809040000002 11436.335224182667 7013.6829578056686 2700.1742160000003 1.0000000180025095e-35 3.5000000000000004 1464.9388872280681 56500.000000000007 1.5000000000000002 1555.0953866026073 8461.4745106652354 2936.4489228678599 1.0000000180025095e-35 2464.4808458285484 1205.8833550000002
decision_type=2 2 2 2 2 2 2 2 2 2 2 2 2 2 2 2 2 2 2 2 2 2 2 2 2 2 2 2 2 2
left_child=4 2 3 -2 5 6 9 -8 -6 -1 11 -7 -12 -10 -5 -16 17 18 19 20 22 -21 23 -3 -25 -24 27 28 29 -14
right_child=1 16 -4 14 8 10 7 -9 13 -11 12 -13 26 -15 15 -17 -18 -19 -20 21 -22 -23 25 24 -26 -27 -28 -29 -30 -31
leaf_value=0.0021324474369369757 -0.00080517593540627369 0.00016554583983701725 0.0057075549227495991 0.00046753585541499517 0.00054764269660107596 0.00040200153015382858 -0.00043299568165093669 -0.0056844577209890952 -0.00095978771894200091 -0.0012682522221584805 -0.0015182188549564067 0.0040070820388130165 -0.00084612123705058665 -0.0034561875120221459 0.0062042570661842121 0.00048312430047768758 0.0024515419832563828 -0.0025171671140318116 0.0034635118022561073 0.0050862084883265199 -0.0035220097764536288 -0.00069735584902050709 0.0029819967311427551 0.00043128320672125987 -0.0030779629048925863 0.00042496940842261764 0.00016169881374227088 0.0019568819032671552 -0.0035050365703705798 0.0023084770726120992
leaf_weight=24 52 605 21 71 39 132 25 28 60 50 96 22 150 47 21 33 28 24 20 25 33 23 27 22 27 41 513 30 39 23
leaf_count=24 52 605 21 71 39 132 25 28 60 50 96 22 150 47 21 33 28 24 20 25 33 23 27 22 27 41 513 30 39 23
internal_value=-2.69374e-12 0.000423378 0.00130009 0.000777166 -0.000355465 -0.000225808 -0.00143483 -0.00320735 -0.00136075 -0.000165323 -7.30256e-05 0.000917013 -0.000252186 -0.00205634 0.00143542 0.00270801 0.000224991 0.000151386 0.000229205 0.00014865 1.09269e-05 0.00231492 0.000172405 4.05787e-05 -0.00150238 0.00144026 -9.12075e-05 -0.000627327 -0.000993017 -0.000426724
internal_weight=2351 1073 198 177 1278 1132 127 53 146 74 1005 154 851 107 125 54 875 847 823 803 755 48 722 654 49 68 755 242 212 173
internal_count=2351 1073 198 177 1278 1132 127 53 146 74 1005 154 851 107 125 54 875 847 823 803 755 48 722 654 49 68 755 242 212 173
is_linear=0
shrinkage=0.05


Tree=93
num_leaves=31
num_cat=0
split_feature=0 4 0 2 14 8 35 27 35 31 6 29 31 6 0 35 6 4 0 10 0 10 29 9 2 0 3 11 0 35
split_gain=0.132919 0.0902248 0.0858172 0.13958 0.135543 0.107043 0.0725317 0.0722757 0.0676428 0.106736 0.0614455 0.0618587 0.0839966 0.106315 0.1288 0.123153 0.0830378 0.0797954 0.151804 0.361217 0.0982697 0.0594724 0.056216 0.0468993 0.0647327 0.108234 0.050344 0.0652668 0.0609947 0.0583173
threshold=1686.2175495000001 7.5000000000000009 764.93216630000018 1.5000000000000002 5402.0356961867683 11420.767028190747 59.500000000000007 19500.000000000004 42.500000000000007 2.5000000000000004 9579.4975353190439 15.999547755737007 2.5000000000000004 1428.7695973592411 2298.7290165000004 35.500000000000007 3609.7209893391178 3.5000000000000004 1954.5000000000002 2121.2764442867087 2253.5089575000006 725.76980249032863 15.499187421478508 2045.8784076634172 2.5000000000000004 1474.9204745000002 0.87500000000000011 2574.8788051521005 1480.0098670000002 47.500000000000007
decision_type=2 2 2 2 2 2 2 2 2 2 2 2 2 2 2 2 2 2 2 2 2 2 2 2 2 2 2 2 2 2
left_child=1 2 4 -4 5 6 8 -5 9 -1 11 12 17 15 16 -14 -15 18 22 20 21 -20 -2 26 25 -25 27 28 -9 -28
right_child=10 -3 3 7 -6 -7 -8 23 -10 -11 -12 -13 13 14 -16 -17 -18 -19 19 -21 -22 -23 -24 24 -26 -27 29 -29 -30 -31
leaf_value=-0.00064769877335366024 -0.0013756812182500176 0.0027021918704526293 0.0023590522691640157 -0.0025496651433528431 -0.0046149925581024341 0.0022320898210247317 -0.003585377417504788 -0.003706514560583267 0.0013027102042756538 -0.0043887062209912323 0.0035402312339283524 0.0030473714282449622 0.00016256664413958789 0.0013836953547849721 0.0038298040096248899 -0.0053196876797647705 -0.0029215604197815994 -0.0019833840825594965 0.00081227344833314423 0.0086489981165089238 -0.0017041734464111784 0.0044703191937878733 0.00090324967341656064 0.00048539139359380707 -0.0012940489793739594 0.004073321923613548 -0.00024930381624668383 -0.00026237162700284495 -0.00073301940108649443 0.00069646476637363105
leaf_weight=143 38 27 57 31 24 28 25 34 34 22 20 26 20 21 21 21 24 20 25 21 21 20 94 132 36 25 993 118 35 195
leaf_count=143 38 27 57 31 24 28 25 34 34 22 20 26 20 21 21 21 24 20 25 21 21 20 94 132 36 25 993 118 35 195
internal_value=-1.62683e-12 -0.000168176 -0.00020829 -7.22462e-05 -0.00102455 -0.000682604 -0.00104694 -0.000158915 -0.000728042 -0.0011465 0.000840451 0.000695301 0.000518556 -0.000645758 0.000596455 -0.00264542 -0.000912441 0.00103982 0.00131591 0.00293741 0.00112008 0.00243807 0.000247194 -0.000111649 0.000618233 0.00105672 -0.000214098 -0.000976669 -0.00219822 -9.4064e-05
internal_weight=2351 1959 1932 1656 276 252 224 1599 199 165 392 372 346 107 66 41 45 239 219 87 66 45 132 1568 193 157 1375 187 69 1188
internal_count=2351 1959 1932 1656 276 252 224 1599 199 165 392 372 346 107 66 41 45 239 219 87 66 45 132 1568 193 157 1375 187 69 1188
is_linear=0
shrinkage=0.05


Tree=94
num_leaves=31
num_cat=0
split_feature=31 0 35 35 0 2 9 0 32 12 35 6 0 10 0 32 11 27 12 0 0 0 12 10 28 33 0 0 33 29
split_gain=0.132715 0.149499 0.166047 0.0812192 0.0695751 0.152986 0.163509 0.0619052 0.0996881 0.0668385 0.0515082 0.050363 0.0742121 0.0584934 0.0488077 0.0479766 0.0680476 0.0578806 0.0405488 0.0401849 0.152161 0.0753672 0.0575185 0.0471478 0.11914 0.0715594 0.051257 0.141576 0.212293 0.105541
threshold=1.0000000180025095e-35 934.50000000000011 57.000000000000007 50.500000000000007 2700.1742160000003 3.5000000000000004 1427.5732307498567 1600.0587200000002 1.0000000180025095e-35 563.26655896161139 7.5000000000000009 7217.8457596225962 800.09699320000016 3095.0565212803708 746.00000000000011 1.0000000180025095e-35 1532.3776562198675 43500.000000000007 845.29846999269523 999.50049950000005 1000.5561735000001 985.50000000000011 3567.3080938173039 1534.734983438537 1.0000000180025095e-35 1.5000000000000002 1486.4402330000003 1303.0000000000002 1.5000000000000002 15.499187421478508
decision_type=2 2 2 2 2 2 2 2 2 2 2 2 2 2 2 2 2 2 2 2 2 2 2 2 2 2 2 2 2 2
left_child=-1 2 3 11 5 7 -7 9 10 -3 -9 -2 13 -13 -4 17 -17 19 -19 21 -21 22 -11 24 25 -22 27 -25 -29 -28
right_child=1 4 14 -5 -6 6 -8 8 -10 15 -12 12 -14 -15 -16 16 -18 18 -20 20 23 -23 -24 26 -26 -27 29 28 -30 -31
leaf_value=0.0031979997496819124 -0.00041451753008960176 0.0018219549945035184 -0.0055313677713274964 0.0021628156282801044 0.0029130697341473856 -0.0060990385711193092 -8.5663311158266602e-05 0.001922175706907486 0.0041057447002718359 -0.00043569149828869404 0.00033317907266738238 -0.0014126593939080422 0.00044556649798458374 -0.0045608953712508084 -0.002186953171622008 0.00023231195569362333 -0.0037043584931996613 -9.9519739875365205e-05 0.0015782369126712806 -0.003357625006174203 0.00032399679421627408 0.0032555915813039372 0.0025513301580213014 -0.000724470784570822 0.00364386317669414 -0.0027748156126472172 -0.0046526260778773573 0.00017282210975744813 0.0050006659892146837 -0.00055298747497607562
leaf_weight=32 396 51 20 27 23 20 26 60 21 83 340 36 27 25 24 23 21 58 95 37 272 24 20 316 26 20 20 106 29 73
leaf_count=32 396 51 20 27 23 20 26 60 21 83 340 36 27 25 24 23 21 58 95 37 272 24 20 316 26 20 20 106 29 73
internal_value=3.70065e-13 -4.41294e-05 -0.000759847 -0.000506068 0.000181054 0.000144962 -0.00270017 0.000222175 0.00074782 4.84728e-05 0.000571529 -0.000654952 -0.00173691 -0.00270292 -0.00370714 -2.54827e-05 -0.00164655 3.50153e-05 0.000942225 -0.00010027 -0.000217882 0.000732271 0.000144313 -8.31133e-05 0.000400539 0.000111749 -0.000365836 -0.000145442 0.00120991 -0.00143463
internal_weight=2351 2319 555 511 1764 1741 46 1695 421 1274 400 484 88 61 44 1223 44 1179 153 1026 899 127 103 862 318 292 544 451 135 93
internal_count=2351 2319 555 511 1764 1741 46 1695 421 1274 400 484 88 61 44 1223 44 1179 153 1026 899 127 103 862 318 292 544 451 135 93
is_linear=0
shrinkage=0.05


Tree=95
num_leaves=31
num_cat=0
split_feature=31 4 12 4 12 4 12 31 1 13 8 8 11 33 29 4 32 33 12 7 1 12 5 13 35 1 8 4 34 31
split_gain=0.119775 0.0856313 0.0583804 0.052082 0.0467146 0.058185 0.0425613 0.0628473 0.0396012 0.0387135 0.0721726 0.0436826 0.0532849 0.0573641 0.07169 0.0342949 0.0914291 0.0429478 0.0415285 0.0420045 0.0443041 0.0326403 0.0322201 0.0483979 0.0639469 0.0388673 0.0450564 0.0450463 0.0296841 0.0266615
threshold=1.0000000180025095e-35 8.5000000000000018 2188.7437154096829 4.5000000000000009 1511.8553922736223 1.5000000000000002 1773.7335526945587 2.5000000000000004 1.5000000000000002 2334.3862241665597 9976.5701225000685 19030.024500459429 8071.2529632599571 1.5000000000000002 15.747531577263588 2.5000000000000004 1.0000000180025095e-35 1.5000000000000002 4553.2809655592973 2518.756750137733 2.5000000000000004 17940.863691630337 1.0000000180025095e-35 2006.3039207857591 35.500000000000007 3.5000000000000004 7088.8180343846707 3.5000000000000004 1.0000000180025095e-35 2.5000000000000004
decision_type=2 2 2 2 2 2 2 2 2 2 2 2 2 2 2 2 2 2 2 2 2 2 2 2 2 2 2 2 2 2
left_child=-1 2 3 4 22 6 -6 8 -8 15 -11 12 13 14 -12 16 17 18 19 20 -4 -13 25 -24 -25 26 27 -2 -28 -30
right_child=1 -3 9 -5 5 -7 7 -9 -10 10 11 21 -14 -15 -16 -17 -18 -19 -20 -21 -22 -23 23 24 -26 -27 28 -29 29 -31
leaf_value=0.0030380997894098984 -0.0012096467099482209 0.0028114027272050199 0.00041398496541660283 -0.001776343705973381 0.0028470356856511599 -0.0016822631396353248 -0.00039150985627202324 -0.001597960107340311 0.001159286152400564 -0.0025631947644377271 0.00028750285155523971 -0.0021625109092001955 0.0027076279628090562 0.0027873580902814869 -0.0028620492876507346 0.00097188683166341103 -0.0035233690841899564 8.6108639607118675e-05 -0.00042398834349587566 -0.0028279640480177478 -0.0022605725455408297 0.00019261041722659554 -0.00067409257286697364 -0.00063083757646381861 0.0028042363579429334 -0.0021683363709598781 0.0012561266478546456 0.00059871833376667427 0.00013565646672707642 -0.00079722212069819492
leaf_weight=32 137 26 32 36 24 25 50 28 233 26 187 31 24 20 20 27 30 128 125 50 30 28 33 20 42 22 53 46 700 86
leaf_count=32 137 26 32 36 24 25 50 28 233 26 187 31 24 20 20 27 30 128 125 50 30 28 33 20 42 22 53 46 700 86
internal_value=5.36508e-12 -4.19229e-05 -7.42763e-05 0.000103013 0.000148147 0.000644632 0.000818281 0.000661721 0.000885294 -0.000433298 -3.28438e-05 0.000179379 0.000467141 0.000230261 -1.68017e-05 -0.000752144 -0.000869989 -0.000651903 -0.00105049 -0.00174971 -0.000880156 -0.00104483 -8.77498e-06 0.000872801 0.00169615 -8.8995e-05 -4.42343e-05 -0.000755085 0.000110814 3.35858e-05
internal_weight=2351 2319 2293 1535 1499 360 335 311 283 758 336 310 251 227 207 422 395 365 237 112 62 59 1139 95 62 1044 1022 183 839 786
internal_count=2351 2319 2293 1535 1499 360 335 311 283 758 336 310 251 227 207 422 395 365 237 112 62 59 1139 95 62 1044 1022 183 839 786
is_linear=0
shrinkage=0.05


Tree=96
num_leaves=31
num_cat=0
split_feature=0 13 0 1 10 9 7 1 0 27 0 0 32 27 8 25 0 0 9 7 13 4 9 35 8 8 0 35 0 0
split_gain=0.112673 0.0760639 0.0678379 0.147011 0.0929726 0.0667101 0.109804 0.0681035 0.121458 0.206459 0.0721881 0.0834274 0.0719654 0.0671552 0.0892989 0.0873611 0.0867976 0.098211 0.0589308 0.0585635 0.0504085 0.0464994 0.0770873 0.0543408 0.044701 0.102023 0.084193 0.0660493 0.109317 0.0489667
threshold=1068.0000000000002 1873.2008765259361 1205.8833550000002 2.5000000000000004 644.99926629151116 5748.916892358794 10638.941184373502 2.5000000000000004 1348.0000000000002 27000.000000000004 1205.8833550000002 1489.9978715000002 1.0000000180025095e-35 34500.000000000007 8921.9163438701307 1.0000000180025095e-35 1954.5000000000002 2051.3275325000004 495.90909224421961 3875.8310501595338 1590.9353936119121 1.5000000000000002 878.63878085635713 45.500000000000007 15958.982134905558 12415.52474083123 800.09699320000016 59.500000000000007 897.41643150000016 489.09803920000007
decision_type=2 2 2 2 2 2 2 2 2 2 2 2 2 2 2 2 2 2 2 2 2 2 2 2 2 2 2 2 2 2
left_child=24 2 3 18 -4 6 7 8 -3 -10 -9 -12 13 14 -13 -15 19 -18 -2 -16 21 23 -23 -6 25 27 -26 29 -29 -1
right_child=1 5 4 -5 20 -7 -8 10 9 -11 11 12 -14 15 16 -17 17 -19 -20 -21 -22 22 -24 -25 26 -27 -28 28 -30 -31
leaf_value=-0.0017459635734108784 0.0015956380227901811 0.00069910550600546973 0.0030927189260255548 -0.0045224289553096658 0.00069691106356365579 -0.0020098443550523371 0.0041489265351132912 0.0027504053383988021 -0.00018352097170215779 0.0062891129030114307 -0.0010018923419295334 -0.0024420105930845685 0.0030721241859719157 0.0028499972345307472 -0.001873968782236388 -1.3510877033695579e-05 0.0047880481602624063 -0.00010767953825138865 -0.0010635245557107037 0.00031078742858116023 -0.0014744724795929399 0.00069346495120870802 -0.0034922069721770562 -0.00057181568005666315 -0.0044130177446641029 0.0025525876545700534 -0.00022491475179170571 -0.003617627964092371 0.00092902904725633562 -0.00022054614199032787
leaf_weight=57 29 210 25 26 279 24 22 27 22 28 128 37 25 50 43 57 20 21 74 107 54 22 22 121 20 29 30 39 20 683
leaf_count=57 29 210 25 26 279 24 22 27 22 28 128 37 25 50 43 57 20 21 74 107 54 22 22 121 20 29 30 39 20 683
internal_value=-1.05912e-12 0.000267239 -0.000135948 -0.00116287 0.000117347 0.000587431 0.000665642 0.000566762 0.00122642 0.00344115 0.000233729 9.44867e-05 0.00048431 0.00029119 -0.000193777 0.00132458 0.000241745 0.00228048 -0.000314828 -0.000315509 -3.20188e-05 0.000143415 -0.00139937 0.000313121 -0.00044834 -0.00036067 -0.00190016 -0.000466408 -0.00207639 -0.000338045
internal_weight=2351 1473 652 129 523 821 797 775 260 50 515 488 360 335 228 107 191 41 103 150 498 444 44 400 878 828 50 799 59 740
internal_count=2351 1473 652 129 523 821 797 775 260 50 515 488 360 335 228 107 191 41 103 150 498 444 44 400 878 828 50 799 59 740
is_linear=0
shrinkage=0.05


Tree=97
num_leaves=31
num_cat=0
split_feature=31 0 35 0 2 9 0 0 13 33 7 2 15 8 1 0 12 0 0 8 13 17 14 8 0 0 9 0 0 0
split_gain=0.106871 0.124564 0.187565 0.0676816 0.125363 0.145168 0.0804218 0.105496 0.167982 0.0765379 0.33557 0.0879177 0.0844143 0.17917 0.065795 0.130008 0.0578195 0.0576312 0.0731928 0.095885 0.0540499 0.0521412 0.0507787 0.0503379 0.0472703 0.148142 0.047176 0.0470252 0.0568606 0.0468107
threshold=1.0000000180025095e-35 679.50000000000011 45.500000000000007 2700.1742160000003 3.5000000000000004 1427.5732307498567 1205.8833550000002 1196.5000000000002 1962.3004318109699 1.5000000000000002 4111.7345889307153 2.5000000000000004 1.0000000180025095e-35 9482.2885957657036 2.5000000000000004 1577.5000000000002 1634.9318991452869 1378.0459365000004 1289.6852455000003 6082.8261983289731 1056.5903579789779 1.5000000000000002 1395.4939663314938 9482.2885957657036 1348.0000000000002 1402.9809040000002 823.63989336689565 1112.5555555000003 921.50000000000011 899.50000000000011
decision_type=2 2 2 2 2 2 2 2 2 2 2 2 2 2 2 2 2 2 2 2 2 2 2 2 2 2 2 2 2 2
left_child=-1 2 21 4 6 -6 7 9 -9 11 12 22 13 -11 15 20 -15 18 23 -20 -8 -2 26 -16 -22 -26 29 28 -28 -3
right_child=1 3 -4 -5 5 -7 14 8 -10 10 -12 -13 -14 16 17 -17 -18 -19 19 -21 24 -23 -24 -25 25 -27 27 -29 -30 -31
leaf_value=0.002869786196970381 -0.00023173535367886024 -0.0017742814680483815 -0.0054800981883486007 0.0027705431207204643 -0.0057405985333025458 -7.4525667318644444e-05 -0.00050902220931264657 -0.0055817769971959622 0.00052950528439727027 -0.0050060040450521882 0.0056491248899449911 -0.0030630802028878993 0.0025045397667616438 -0.0012314640417961139 0.0026450892755140861 0.0049591912468895313 0.0015852507087402046 0.00035564512484103625 -0.003380968494386208 -3.8276675040833653e-05 0.00067694279806573832 -0.0023217434706901642 -6.4940835014519365e-06 -0.00085988482984248552 0.0057238547409984419 0.00035181437887138494 -0.00054204974532529547 0.00013745710417755288 -0.0037361482486104299 0.0010188844139338471
leaf_weight=32 139 24 23 23 20 26 62 23 22 21 30 28 22 35 21 20 38 692 41 45 128 38 602 20 21 33 22 22 38 40
leaf_count=32 139 24 23 23 20 26 62 23 22 21 30 28 22 35 21 20 38 692 41 45 128 38 602 20 21 33 22 22 38 40
internal_value=7.24246e-12 -3.96003e-05 -0.0012324 7.29809e-05 4.33798e-05 -0.00253804 0.000101304 -0.000230118 -0.00259404 -0.000114742 0.000935519 -0.000312342 -0.000283517 -0.00093604 0.000397228 0.00108365 0.000234771 0.000175963 -0.000803094 -0.00163189 0.000765984 -0.000680438 -0.000209374 0.000935346 0.00120033 0.00244094 -0.0010459 -0.00183994 -0.00256498 -2.85528e-05
internal_weight=2351 2319 200 2119 2096 46 2050 967 45 922 146 776 116 94 1083 264 73 819 127 86 244 177 748 41 182 54 146 82 60 64
internal_count=2351 2319 200 2119 2096 46 2050 967 45 922 146 776 116 94 1083 264 73 819 127 86 244 177 748 41 182 54 146 82 60 64
is_linear=0
shrinkage=0.05


Tree=98
num_leaves=31
num_cat=0
split_feature=31 4 12 4 9 33 6 1 6 11 35 35 13 35 1 2 6 13 10 35 1 28 4 32 33 12 9 1 29 1
split_gain=0.0964513 0.0789322 0.0487116 0.0445419 0.040156 0.0431864 0.144709 0.124935 0.071704 0.0512826 0.0500485 0.0968398 0.1303 0.0375492 0.0344033 0.0341676 0.0289829 0.027009 0.0379663 0.0749101 0.0914844 0.0352054 0.0308995 0.0789731 0.0379415 0.0366518 0.0269681 0.0372278 0.0233819 0.0224036
threshold=1.0000000180025095e-35 8.5000000000000018 2188.7437154096829 4.5000000000000009 1946.7547319805367 1.5000000000000002 1061.3422553870589 3.5000000000000004 3208.9490436939673 1460.0031029077293 42.500000000000007 61.500000000000007 2288.2725409247787 40.500000000000007 1.5000000000000002 2.5000000000000004 3177.475161145218 2334.3862241665597 4574.7230069646494 54.500000000000007 2.5000000000000004 1.0000000180025095e-35 2.5000000000000004 1.0000000180025095e-35 1.5000000000000002 4553.2809655592973 878.63878085635713 2.5000000000000004 15.782780969002394 2.5000000000000004
decision_type=2 2 2 2 2 2 2 2 2 2 2 2 2 2 2 2 2 2 2 2 2 2 2 2 2 2 2 2 2 2
left_child=-1 2 3 4 5 7 9 10 -8 -7 13 12 -12 -2 -6 -16 -13 22 21 20 28 -19 23 24 25 26 27 -4 -20 -11
right_child=1 -3 17 -5 14 6 8 -9 -10 29 11 16 -14 -15 15 -17 -18 18 19 -21 -22 -23 -24 -25 -26 -27 -28 -29 -30 -31
leaf_value=0.0027262969495495783 -0.00012981576680778483 0.002701820971336789 0.00023948072921484709 -0.0016447392007749942 -0.00037127823976334184 0.0013342653064885074 0.0042285930426955668 -0.0029319607352246407 0.00077727207842852091 -0.0021345856017433106 0.0042059593248378602 8.6586103081269053e-05 0.00068510263348756312 -0.0023238279044744559 0.0017141917529183309 0.00022171812964347378 -0.0014754047532035254 -0.00010871170815155343 -0.001275616147516606 0.0018583285668864848 -0.0039318293884948443 0.0012338922576906255 0.00097351311792240108 -0.0032408292622615898 0.00012154397336416878 -0.00035819086388219146 -0.0024833930816087987 -0.0021941608921527706 0.00084334808280286586 -0.00018483726307749748
leaf_weight=32 782 26 33 36 50 27 34 37 27 34 33 96 129 20 98 63 43 167 30 20 27 69 27 30 128 125 49 30 23 26
leaf_count=32 782 26 33 36 50 27 34 37 27 34 33 96 129 20 98 63 43 167 30 20 27 69 27 30 128 125 49 30 23 26
internal_value=3.82935e-12 -3.76203e-05 -6.86824e-05 9.32614e-05 0.000135001 3.02575e-05 0.000833797 -7.40616e-05 0.00270096 -0.000475362 2.18062e-05 0.000571577 0.00140231 -0.000184529 0.000774384 0.00113018 -0.00039662 -0.000396629 -6.21446e-05 -0.000878643 -0.00156289 0.000283829 -0.000662949 -0.000774808 -0.000572122 -0.00094676 -0.00160364 -0.000919396 -0.000356066 -0.00128969
internal_weight=2351 2319 2293 1535 1499 1288 148 1140 61 87 1103 301 162 802 211 161 139 758 336 100 80 236 422 395 365 237 112 63 53 60
internal_count=2351 2319 2293 1535 1499 1288 148 1140 61 87 1103 301 162 802 211 161 139 758 336 100 80 236 422 395 365 237 112 63 53 60
is_linear=0
shrinkage=0.05


Tree=99
num_leaves=31
num_cat=0
split_feature=0 4 3 0 35 2 35 27 10 6 31 35 6 33 35 10 2 4 33 7 0 7 5 31 10 0 0 0 0 13
split_gain=0.101451 0.0686142 0.0632203 0.0880002 0.117598 0.110058 0.0855392 0.0750227 0.0570558 0.0643786 0.0532938 0.10994 0.155926 0.0843055 0.0736782 0.194137 0.117135 0.0509055 0.0457505 0.0805441 0.0634077 0.0971174 0.0534988 0.116398 0.119196 0.0809241 0.117241 0.0883567 0.0935992 0.0640788
threshold=1686.2175495000001 7.5000000000000009 0.58333333333333337 679.50000000000011 45.500000000000007 1.5000000000000002 6.5000000000000009 19500.000000000004 3060.2609716569636 3208.9490436939673 1.5000000000000002 35.500000000000007 1725.1871084471863 1.5000000000000002 19.500000000000004 2391.3000490723207 2.5000000000000004 4.5000000000000009 1.5000000000000002 4111.7345889307153 957.39322455000013 2887.0231296723491 1.0000000180025095e-35 1.5000000000000002 3115.9073742358719 1168.5000000000002 1437.9297325000002 1363.7442240000003 1300.2013105000003 2288.2725409247787
decision_type=2 2 2 2 2 2 2 2 2 2 2 2 2 2 2 2 2 2 2 2 2 2 2 2 2 2 2 2 2 2
left_child=1 2 -1 4 8 6 -5 -7 9 -4 14 13 -13 -12 16 -16 -2 18 22 20 21 -20 23 -9 25 -25 27 28 -27 -24
right_child=10 -3 3 5 -6 7 -8 17 -10 -11 11 12 -14 -15 15 -17 -18 -19 19 -21 -22 -23 29 24 -26 26 -28 -29 -30 -31
leaf_value=0.0016702358098700642 0.001234218196073382 0.0023561933586649874 -0.0020386889051550476 0.00027259115154118908 -0.0046931038525971497 -0.0024784889803933247 0.0041614531073719263 -7.7105624449119787e-05 -0.0026913357040029952 0.00038540865933337837 -0.00023122764315404413 -0.0050265477216314709 7.8258089398821959e-05 0.0033259313494425208 0.00092162818147680989 0.005445077132073141 -0.0022643301036265311 -0.0024240838552941572 0.00073848409866470669 0.0026022182252162544 0.00055057690644778402 -0.0041299111396074298 -0.00011211247527876831 -0.0021355579820616795 -0.0043270017726924912 0.0018904679839929139 -0.0020494794332383509 0.003605256140697748 -0.0026592378737404945 0.0027646010015814682
leaf_weight=45 87 27 39 31 22 35 26 1029 32 92 36 21 52 31 101 31 33 24 21 39 173 20 49 78 29 26 45 25 20 32
leaf_count=45 87 27 39 31 22 35 26 1029 32 92 36 21 52 31 101 31 33 24 21 39 173 20 49 78 29 26 45 25 20 32
internal_value=-2.85442e-12 -0.000146926 -0.000181907 -0.000226076 -0.00126174 -0.000113504 0.00204646 -0.000188347 -0.000798614 -0.000336269 0.000734254 -4.79172e-05 -0.00139025 0.00141462 0.00116879 0.00198395 0.000272117 -0.000138562 -0.000103976 0.000512436 0.000131588 -0.00163634 -0.000220969 -0.000301538 -0.00133715 -0.000890213 -5.28255e-05 0.00121266 -8.7665e-05 0.00102437
internal_weight=2351 1959 1932 1887 185 1702 57 1645 163 131 392 140 73 67 252 132 120 1610 1586 253 214 41 1333 1252 223 194 116 71 46 81
internal_count=2351 1959 1932 1887 185 1702 57 1645 163 131 392 140 73 67 252 132 120 1610 1586 253 214 41 1333 1252 223 194 116 71 46 81
is_linear=0
shrinkage=0.05


Tree=100
num_leaves=31
num_cat=0
split_feature=0 4 26 4 0 2 10 9 9 31 35 6 14 35 10 2 0 14 0 4 10 26 10 5 10 9 0 29 2 0
split_gain=0.0915596 0.0650838 0.179629 0.0877937 0.0597463 0.107418 0.0701964 0.072221 0.0536336 0.0480977 0.0992207 0.140723 0.079748 0.0664946 0.175209 0.105715 0.0430523 0.0510795 0.0422356 0.0682086 0.053971 0.0540007 0.0833388 0.0529231 0.0480918 0.0604375 0.0846597 0.0523938 0.0521601 0.0423242
threshold=1686.2175495000001 5.5000000000000009 1.0000000180025095e-35 4.5000000000000009 726.00000000000011 1.5000000000000002 911.91732693850838 224.95818785488072 15.584922341658899 1.5000000000000002 35.500000000000007 1725.1871084471863 2292.8352519860759 19.500000000000004 2391.3000490723207 2.5000000000000004 489.09803920000007 1471.3390789067855 924.8513870500002 3.5000000000000004 3737.7262373527769 1.0000000180025095e-35 1534.734983438537 1.0000000180025095e-35 1230.0430918935217 1543.1679208463272 1549.6790615000002 15.737682447779092 2.5000000000000004 1657.5000000000002
decision_type=2 2 2 2 2 2 2 2 2 2 2 2 2 2 2 2 2 2 2 2 2 2 2 2 2 2 2 2 2 2
left_child=1 3 -3 4 6 8 -1 -8 -6 13 12 -12 -11 15 -15 -2 -9 -18 20 23 21 22 -7 24 27 29 -27 28 -20 -26
right_child=9 2 -4 -5 5 18 7 16 -10 10 11 -13 -14 14 -16 -17 17 -19 19 -21 -22 -23 -24 -25 25 26 -28 -29 -30 -31
leaf_value=0.00043302872480126102 0.0011725073018922184 -0.0017397757291539827 0.004297658846813387 -0.0034815571235958485 0.00096365135596687863 -0.00056373280844264578 -0.0032644794846419245 -0.0024023770279581508 0.0039575615587333834 5.515515614777457e-05 -0.0047752203674809564 7.4345172973922817e-05 0.0036528758939918284 0.00087554679871167964 0.0051728232853835631 -0.002151113626490714 0.00084886091632221873 -0.0018305914187482721 0.0016611491850983607 0.0018630741660118752 -0.0031733290181450904 -0.0011095508298899074 0.0029876339782883106 0.0011426833025639715 -0.0002133660206851254 -0.00074051040648028107 -0.0038579345648176973 -0.00020406021263788513 -0.00062576122833310043 0.0021188292739680037
leaf_weight=65 87 22 28 20 52 53 43 31 21 43 21 52 24 101 31 33 46 29 102 46 21 138 24 81 712 169 25 178 33 20
leaf_count=65 87 22 28 20 52 53 43 31 21 43 21 52 24 101 31 33 46 29 102 46 21 138 24 81 712 169 25 178 33 20
internal_value=4.13025e-12 -0.000139579 0.00164119 -0.000186221 -0.000151331 -5.08211e-05 -0.000938033 -0.00153615 0.00182491 0.000697541 -4.55213e-05 -0.00132074 0.00134389 0.00111035 0.00188476 0.000258512 -0.000835031 -0.000187194 -0.000136295 -2.95838e-05 -0.000753951 -0.00051764 0.000543187 -9.55401e-05 -0.000176489 -0.000357597 -0.00114224 0.000359311 0.00110213 -0.000149645
internal_weight=2351 1959 50 1909 1889 1675 214 149 73 392 140 73 67 252 132 120 106 75 1602 1366 236 215 77 1320 1239 926 194 313 135 732
internal_count=2351 1959 50 1909 1889 1675 214 149 73 392 140 73 67 252 132 120 106 75 1602 1366 236 215 77 1320 1239 926 194 313 135 732
is_linear=0
shrinkage=0.05


Tree=101
num_leaves=31
num_cat=0
split_feature=0 4 11 4 27 0 6 29 31 23 13 0 10 29 0 35 0 8 2 11 2 0 0 33 5 31 10 0 0 0
split_gain=0.0826326 0.0587381 0.242348 0.0792338 0.0641601 0.0471352 0.04375 0.0480861 0.0623732 0.0876911 0.0795214 0.114438 0.418224 0.100799 0.074527 0.0842151 0.042098 0.0916827 0.0812712 0.110545 0.0639181 0.053042 0.0432212 0.0430702 0.0473851 0.0954096 0.108171 0.0680527 0.103907 0.079798
threshold=1686.2175495000001 5.5000000000000009 1393.8712796706675 4.5000000000000009 20500.000000000004 900.01607200000001 9579.4975353190439 15.999547755737007 2.5000000000000004 1.5000000000000002 3218.3892874546532 1987.4768160000001 1392.8371534077144 15.499187421478508 2298.7290165000004 20.500000000000004 726.00000000000011 9482.2885957657036 1.5000000000000002 1532.3776562198675 1.5000000000000002 517.00000000000011 600.05455535000021 1.5000000000000002 1.0000000180025095e-35 1.5000000000000002 3115.9073742358719 1168.5000000000002 1437.9297325000002 1363.7442240000003
decision_type=2 2 2 2 2 2 2 2 2 2 2 2 2 2 2 2 2 2 2 2 2 2 2 2 2 2 2 2 2 2
left_child=1 3 -3 4 5 -1 7 8 10 14 11 13 -13 -2 15 -10 17 -6 19 -19 -18 -21 -23 24 25 -22 27 -27 29 -29
right_child=6 2 -4 -5 16 -7 -8 -9 9 -11 -12 12 -14 -15 -16 -17 20 18 -20 21 23 22 -24 -25 -26 26 -28 28 -30 -31
leaf_value=-0.0038183351838961248 -0.0027189807257736506 -0.0016536966302535601 0.0053307053572295808 -0.0033074793487321585 -0.0020687930806960182 -0.00056174026709049948 0.0029407624673331158 0.0026139523708619754 0.001217087904094822 -0.0033544303641816521 -0.0015289203430931535 7.5024589896202085e-06 0.0077299102882130285 0.00092653464853356129 0.0024179660524241628 -0.0025746140945557272 0.0014429158776895039 0.003196955633334695 -0.0025207408922142353 -0.0022964887772104702 -6.621499375149235e-05 0.0021927428500930547 -0.00094142207447227776 0.00052240629605415938 0.00098474555157736189 -0.0019454879345415209 -0.0040587452400861123 -6.4981028085837712e-05 -0.0019002789905708699 0.0034445268423296512
leaf_weight=20 23 27 23 20 82 25 20 26 27 23 31 50 27 108 25 32 72 31 24 24 1017 22 22 249 80 76 29 46 45 25
leaf_count=20 23 27 23 20 82 25 20 26 27 23 31 50 27 108 25 32 72 31 24 24 1017 22 22 249 80 76 29 46 45 25
internal_value=-1.60322e-12 -0.0001326 0.00155913 -0.00017691 -0.000143765 -0.00200912 0.000662664 0.000540186 0.000384354 -0.000618963 0.000833537 0.00118563 0.00271536 0.000286482 0.000130034 -0.000839428 -9.82435e-05 -0.000773755 8.9603e-05 0.000722414 -1.3753e-05 -0.000405686 0.00062566 -8.06835e-05 -0.000194621 -0.000270832 -0.00121244 -0.000782529 -2.05906e-05 0.00117076
internal_weight=2351 1959 50 1909 1889 45 392 372 346 107 239 208 77 131 84 59 1844 205 123 99 1639 68 44 1567 1318 1238 221 192 116 71
internal_count=2351 1959 50 1909 1889 45 392 372 346 107 239 208 77 131 84 59 1844 205 123 99 1639 68 44 1567 1318 1238 221 192 116 71
is_linear=0
shrinkage=0.05


Tree=102
num_leaves=31
num_cat=0
split_feature=31 4 27 2 4 2 10 13 11 10 27 6 34 13 4 2 17 10 9 3 6 13 27 4 7 9 27 12 35 1
split_gain=0.0762321 0.0571435 0.0439239 0.141232 0.114181 0.0865526 0.0397732 0.043447 0.0541066 0.111923 0.045767 0.0436062 0.0396936 0.118766 0.0367101 0.0442306 0.0491843 0.0379438 0.0285978 0.0288975 0.0443446 0.0383464 0.0485531 0.0258549 0.0240832 0.01657 0.0184042 0.0165308 0.0156891 0.0134651
threshold=1.0000000180025095e-35 8.5000000000000018 37000.000000000007 3.5000000000000004 5.5000000000000009 3.5000000000000004 1534.734983438537 2288.2725409247787 1925.9166436946286 3060.2609716569636 20500.000000000004 15162.842123253557 1.0000000180025095e-35 3337.3039170752204 3.5000000000000004 2.5000000000000004 1.5000000000000002 1839.66842254472 337.76263735853325 1.6666666666666667 711.85380377432296 1555.0953866026073 39000.000000000007 1.5000000000000002 2887.0231296723491 742.65847665882859 29000.000000000004 1215.3512493181827 17.500000000000004 2.5000000000000004
decision_type=2 2 2 2 2 2 2 2 2 2 2 2 2 2 2 2 2 2 2 2 2 2 2 2 2 2 2 2 2 2
left_child=-1 2 3 4 6 14 23 8 29 -10 11 -9 13 -12 15 18 17 -17 -4 20 -20 -22 -23 24 -2 -15 -27 -18 -14 -8
right_child=1 -3 5 -5 -6 -7 7 10 9 -11 12 -13 28 25 -16 16 27 -19 19 -21 21 22 -24 -25 -26 26 -28 -29 -30 -31
leaf_value=0.0024237512669060381 0.0018295842618934568 0.0022974256900712277 -0.00024721827347821095 -0.0033954384339107066 0.0036157792783342302 0.0029889049638378703 -0.00060591085495726674 -0.0033031919249333444 -0.0044013470604633243 -0.00077683978772583539 0.0044451481848955159 -0.00024636441791829258 0.00035662789320186304 -0.0010666286996142431 -0.0018107705170025482 0.00230627763195939 -0.0018456959564840268 -7.2797403056511142e-05 0.0002956948450918827 -0.00040413202304625888 5.0969040229184824e-05 0.0014723064985143234 0.0041803577134851373 -0.0014652195222088662 0.00017202731430251302 -0.00027540623962592621 0.0017420547036454083 -0.00059902792847983969 -0.00033528188880030136 5.2524263499600991e-05
leaf_weight=32 23 26 100 34 20 28 264 20 28 89 20 28 119 22 23 21 45 83 154 50 35 96 20 23 464 26 20 65 263 110
leaf_count=32 23 26 100 34 20 28 264 20 28 89 20 28 119 22 23 21 45 83 154 50 35 96 20 23 464 26 20 65 263 110
internal_value=3.43062e-13 -3.34455e-05 -5.98749e-05 -0.000207929 -0.00013751 0.000263582 -0.000186928 -0.000368825 -0.000705823 -0.00164424 -4.93915e-05 -0.00152004 0.000100803 0.00105816 0.000153309 0.000220833 -0.000371979 0.000407593 0.000499651 0.000710036 0.000892687 0.00150154 0.00193921 0.000172943 0.00025031 6.19809e-05 0.000601751 -0.00110903 -0.000119739 -0.000412253
internal_weight=2351 2319 2293 1573 1539 720 1519 1009 491 117 518 48 470 88 692 669 214 104 455 355 305 151 116 510 487 68 46 110 382 374
internal_count=2351 2319 2293 1573 1539 720 1519 1009 491 117 518 48 470 88 692 669 214 104 455 355 305 151 116 510 487 68 46 110 382 374
is_linear=0
shrinkage=0.05


Tree=103
num_leaves=31
num_cat=0
split_feature=31 4 8 6 27 6 29 33 1 33 5 27 8 9 2 8 32 4 5 31 20 9 28 1 29 1 4 6 29 3
split_gain=0.0687995 0.051572 0.0397488 0.108556 0.039213 0.0482651 0.0320703 0.0305203 0.0708867 0.0263423 0.119297 0.0770276 0.0813642 0.0721564 0.0459243 0.0484967 0.074181 0.0986772 0.0479134 0.0560734 0.0681228 0.0413737 0.0355035 0.0294732 0.0291302 0.0308917 0.0212501 0.0465769 0.0195079 0.0194207
threshold=1.0000000180025095e-35 8.5000000000000018 4743.8420004739874 5216.838260267411 20500.000000000004 15162.842123253557 16.058533290879371 1.5000000000000002 2.5000000000000004 1.5000000000000002 1.0000000180025095e-35 34500.000000000007 10111.486730562714 1699.0884490885539 3.5000000000000004 11204.866315204101 1.0000000180025095e-35 4.5000000000000009 1.0000000180025095e-35 1.5000000000000002 1.0000000180025095e-35 1464.9388872280681 1.0000000180025095e-35 2.5000000000000004 15.782780969002394 1.5000000000000002 3.5000000000000004 446.89858853999931 15.747531577263588 0.87500000000000011
decision_type=2 2 2 2 2 2 2 2 2 2 2 2 2 2 2 2 2 2 2 2 2 2 2 2 2 2 2 2 2 2
left_child=-1 2 3 -2 5 -4 9 -5 -9 14 11 12 13 -11 15 16 17 18 19 24 -21 28 23 -14 25 -6 27 -26 29 -17
right_child=1 -3 4 7 6 -7 -8 8 -10 10 -12 -13 22 -15 -16 21 -18 -19 -20 20 -22 -23 -24 -25 26 -27 -28 -29 -30 -31
leaf_value=0.002302563679404557 -0.0036945056188135194 0.0021825544531636227 -0.0028609069140377238 -0.00067884102660601081 -0.00040421996900559038 0.00010585321709593952 0.0020004964500133482 -0.00091024379057454922 0.0020702000178923637 -0.0034003639139700685 -0.0024575556271399061 0.002775819487049541 -0.00051350548803325621 0.00011533191600055606 -0.0017781684884637897 -0.00032044718486054404 0.0024524350799551673 -0.0029044801806136361 0.0021249765342023844 -0.00271489170160802 -0.00024349829358529421 -0.0013261500533796305 0.0025214424285178003 0.0015405023415223696 4.9350574800673015e-05 0.00049181250177804815 0.0005801543096701304 -0.0019706620851906742 -0.00061959088911191706 0.00087570492450210556
leaf_weight=32 26 26 26 170 111 29 21 42 38 20 30 44 31 54 37 71 34 27 30 34 155 108 39 40 78 721 45 45 122 65
leaf_count=32 26 26 26 170 111 29 21 42 38 20 30 44 31 54 37 71 34 27 30 34 155 108 39 40 78 721 45 45 122 65
internal_value=-1.12188e-13 -3.17732e-05 -5.68811e-05 -0.000619648 2.01261e-05 -0.00129662 5.70378e-05 -0.000299862 0.000505467 3.60112e-05 0.000506464 0.000896467 0.000447056 -0.000834856 -3.61081e-05 3.05118e-06 0.000148178 8.53007e-05 0.000151522 0.000101729 -0.000688088 -0.000504495 0.00130943 0.000643682 0.000251005 0.00037227 -0.000349545 -0.000689678 -0.000160547 0.000251243
internal_weight=2351 2319 2293 276 2017 55 1962 250 80 1941 258 228 184 74 1683 1646 1280 1246 1219 1189 189 366 110 71 1000 832 168 123 258 136
internal_count=2351 2319 2293 276 2017 55 1962 250 80 1941 258 228 184 74 1683 1646 1280 1246 1219 1189 189 366 110 71 1000 832 168 123 258 136
is_linear=0
shrinkage=0.05


Tree=104
num_leaves=31
num_cat=0
split_feature=0 1 0 0 6 27 27 33 10 6 29 6 6 0 23 0 0 10 6 2 0 32 6 0 9 5 0 29 7 33
split_gain=0.0754182 0.0482234 0.152691 0.0639646 0.107364 0.0997672 0.0799094 0.0962225 0.07909 0.0637176 0.0747171 0.0477469 0.0498844 0.0829369 0.042367 0.054666 0.0418223 0.0793943 0.0647603 0.0395137 0.0471148 0.047371 0.223046 0.0550314 0.0387278 0.0599591 0.0829332 0.05067 0.0439473 0.038256
threshold=1068.0000000000002 2.5000000000000004 1577.5000000000002 1466.9667460000003 11436.335224182667 34500.000000000007 25500.000000000004 1.5000000000000002 797.22052850105888 6707.8926036314115 15.581953943131664 3208.9490436939673 5497.9356148527559 1299.9837505000003 1.0000000180025095e-35 1196.5000000000002 1224.5000000000002 3095.0565212803708 3041.6665849414721 2.5000000000000004 437.04511395000003 1.0000000180025095e-35 3041.6665849414721 528.35045315000013 999.8733579994298 1.0000000180025095e-35 1141.0000000000002 15.656479841106146 5369.2633702309786 1.5000000000000002
decision_type=2 2 2 2 2 2 2 2 2 2 2 2 2 2 2 2 2 2 2 2 2 2 2 2 2 2 2 2 2 2
left_child=19 2 11 5 9 6 -3 16 -7 -5 -11 24 14 29 -13 -16 -8 18 -18 20 -1 23 -23 -22 28 26 -26 -28 -2 -14
right_child=1 3 -4 4 -6 8 7 -9 -10 10 -12 12 13 -15 15 -17 17 -19 -20 -21 21 22 -24 -25 25 -27 27 -29 -30 -31
leaf_value=-0.0024039262198269941 0.0032195594365582699 -0.0021970805770251899 0.0047882256497229847 0.00035072867380004925 0.0035577098140493037 -0.0046259019523859028 -0.0021804498145356773 0.0022662490511275069 -0.0011046599884978676 0.00021008083345163068 -0.002656716253841296 -0.0023902405506995477 0.00068902508064638823 0.003635812614229508 -0.0021649121095564357 0.00044976516177744742 -0.00073117997173020356 -0.0019741828733634567 0.0024378456150818814 -0.0022869319708731313 -0.0020040288404066194 0.0048261246023078765 -0.0014694583590051694 -0.00023823708047057053 -0.0017748894224585057 0.0029976054118014874 0.0026585725376960536 -1.0117147022633026e-05 0.00085967732593417168 -0.0013877929413380723
leaf_weight=26 34 36 21 569 24 23 25 49 52 51 41 29 85 20 27 77 28 31 38 26 47 24 34 721 41 20 29 46 47 30
leaf_count=26 34 36 21 569 24 23 25 49 52 51 41 29 85 20 27 77 28 31 38 26 47 24 34 721 41 20 29 46 47 30
internal_value=-4.70755e-12 0.000218639 0.000614129 1.16916e-05 0.000272611 -0.000622101 -5.60122e-05 0.000394739 -0.00218451 0.000153333 -0.00106751 0.000433395 -1.30153e-05 0.000664071 -0.000700283 -0.000229045 -0.000356933 0.000113046 0.00109341 -0.000366805 -0.00030821 -0.000242243 0.00113561 -0.0003463 0.000984722 0.000469227 3.32996e-05 0.00102178 0.00185025 0.000147246
internal_weight=2351 1473 506 967 685 282 207 171 75 661 92 485 268 135 133 104 122 97 66 878 852 826 58 768 217 136 116 75 81 115
internal_count=2351 1473 506 967 685 282 207 171 75 661 92 485 268 135 133 104 122 97 66 878 852 826 58 768 217 136 116 75 81 115
is_linear=0
shrinkage=0.05


Tree=105
num_leaves=31
num_cat=0
split_feature=0 3 0 12 9 7 2 0 28 9 35 35 6 6 0 6 13 0 0 7 35 13 35 0 29 3 14 12 0 7
split_gain=0.0701459 0.0414374 0.0616766 0.106695 0.0857355 0.070675 0.0510563 0.0672139 0.0586183 0.0884166 0.0564999 0.0573068 0.0406193 0.0385493 0.0354979 0.0342576 0.0391319 0.0515666 0.0685815 0.109481 0.0863036 0.058065 0.062487 0.0894747 0.0335639 0.0323373 0.0974295 0.0766231 0.0762271 0.154401
threshold=1686.2175495000001 0.58333333333333337 570.50000000000011 1450.9086728696195 687.32891147388955 2887.0231296723491 1.5000000000000002 924.8513870500002 1.0000000180025095e-35 70.710450607479757 57.000000000000007 50.500000000000007 9579.4975353190439 3493.988231602309 679.50000000000011 9579.4975353190439 1072.8826300573025 2700.1742160000003 2200.1410435000003 1224.6781170630586 33.500000000000007 1504.3652970783648 35.500000000000007 1879.0000000000002 15.26222854581385 0.87500000000000011 2852.2268947698076 563.26655896161139 1480.0098670000002 4145.7474345355831
decision_type=2 2 2 2 2 2 2 2 2 2 2 2 2 2 2 2 2 2 2 2 2 2 2 2 2 2 2 2 2 2
left_child=1 -1 3 5 -5 -3 8 10 9 14 11 12 -8 -7 -4 16 -2 18 19 -18 -20 -21 24 -24 -23 26 28 -27 29 -9
right_child=15 2 6 4 -6 13 7 25 -10 -11 -12 -13 -14 -15 -16 -17 17 -19 20 21 -22 22 23 -25 -26 27 -28 -29 -30 -31
leaf_value=0.0012704165415086139 0.0019795839492871893 0.00218149264920098 -0.00060549980912850618 -0.0011714631155052262 -0.0056476228870451454 -0.002796101649957044 -0.00065684485217179132 -0.00019215504816245466 -0.0011794988406248965 0.0039142442630017522 -0.0029969981493195522 0.0017496965774942354 -0.0029641906035110534 6.0220692237770113e-05 0.0017339190817438066 0.0026264133327640595 0.0037810920469422381 0.0026632960028523073 0.0010429640085203573 -0.0018129577380022967 -0.003169864059412747 -0.00082308292034924857 0.00082711917906999599 -0.0036597302230075 0.0012421597800847154 0.0021599510338070785 0.00035172720580897113 9.3804379115419825e-06 -0.00049975393033078444 -0.0061220599996411936
leaf_weight=52 40 23 34 23 20 21 208 21 26 27 28 23 21 27 31 20 23 22 20 32 31 23 25 20 136 43 127 1126 55 23
leaf_count=52 40 23 34 23 20 21 208 21 26 27 28 23 21 27 31 20 23 22 20 32 31 23 25 20 136 43 127 1126 55 23
internal_value=-4.63266e-12 -0.000122172 -0.000160145 -0.00128784 -0.0032534 -9.74344e-05 -8.84451e-05 -0.000159262 0.000916798 0.00150923 -0.000866231 -0.000629479 -0.000868436 -0.00118942 0.000510223 0.000610547 0.000502167 0.000324165 0.000158162 0.000488172 -0.00151777 0.000167252 0.000477874 -0.00116704 0.000943414 -1.73616e-05 -0.000564866 8.84861e-05 -0.0017407 -0.00329188
internal_weight=2351 1959 1907 114 43 71 1793 1675 118 92 280 252 229 48 65 392 372 332 310 259 51 236 204 45 159 1395 226 1169 99 44
internal_count=2351 1959 1907 114 43 71 1793 1675 118 92 280 252 229 48 65 392 372 332 310 259 51 236 204 45 159 1395 226 1169 99 44
is_linear=0
shrinkage=0.05


Tree=106
num_leaves=31
num_cat=0
split_feature=0 9 11 1 0 14 33 0 0 2 10 0 9 0 3 0 29 14 9 0 27 5 11 0 0 29 31 9 0 4
split_gain=0.0638614 0.0436834 0.0933286 0.0549892 0.133704 0.108973 0.0548739 0.073296 0.0675471 0.0656447 0.156574 0.0639481 0.0480988 0.0486804 0.0436187 0.0426668 0.049226 0.0404672 0.104002 0.0477523 0.0396938 0.0515787 0.0469516 0.058258 0.110545 0.100062 0.0744824 0.0392637 0.120316 0.0924021
threshold=1068.0000000000002 5748.916892358794 8071.2529632599571 2.5000000000000004 1573.5000000000002 6836.8329924482468 1.5000000000000002 1466.9667460000003 1417.9339625000002 3.5000000000000004 1330.1845864508227 1363.7442240000003 1486.448341835878 1417.9339625000002 1.6666666666666667 1449.9057595000002 15.822418243563815 1471.3390789067855 823.63989336689565 1756.0000000000002 41000.000000000007 1.0000000180025095e-35 5879.21919199274 1112.5555555000003 1099.9771795000004 15.656479841106146 1.5000000000000002 2211.5037308874312 800.09699320000016 5.5000000000000009
decision_type=2 2 2 2 2 2 2 2 2 2 2 2 2 2 2 2 2 2 2 2 2 2 2 2 2 2 2 2 2 2
left_child=14 2 3 4 20 6 7 8 11 17 -11 -5 13 -8 27 -14 -17 18 19 -9 21 22 23 24 -2 -25 -27 29 -29 -1
right_child=1 -3 -4 5 -6 -7 12 9 -10 10 -12 -13 15 -15 -16 16 -18 -19 -20 -21 -22 -23 -24 25 -26 26 -28 28 -30 -31
leaf_value=-0.00050032320971442736 0.00016399523190643994 -0.0019145160777649533 0.0029064915259368719 -0.0010940462682774523 0.0044118014270101086 -0.0035287366121668712 0.00012301712042906069 8.3059007898200217e-06 -0.0029846995058880354 -0.0048479350860274979 0.00090857420668557847 0.0012028461653972044 0.0017642992921173572 0.0030645128993245846 -0.0022792659458770819 -0.0026724158297292892 0.0006003833507377378 0.00057654287683574462 -0.0018131330035063926 0.0028958868076601491 0.0013623123133704093 0.0023953302523586901 0.0020502540530826624 0.001359032907340726 -0.0039844246554331716 -0.00015930109661894677 -0.0033086882290345706 -0.0017472770496169687 0.0020718518399697699 0.0023774724045794978
leaf_weight=731 42 24 32 125 22 22 22 41 34 21 27 40 25 39 28 20 27 391 67 22 91 25 27 111 26 128 22 32 58 29
leaf_count=731 42 24 32 125 22 22 22 41 34 21 27 40 25 39 28 20 27 391 67 22 91 25 27 111 26 128 22 32 58 29
internal_value=4.72109e-12 0.000201191 0.000236234 0.000175932 0.000601688 -5.1938e-05 3.29561e-05 -0.000129425 -0.000955386 0.000159443 -0.0016099 -0.000537224 0.000970616 0.00200365 -0.000337534 9.54099e-05 -0.000792297 0.000322454 -0.000441768 0.00101667 0.000424098 0.00020001 4.58444e-05 -0.000118651 -0.00142217 0.000220962 -0.000621211 -0.000273571 0.000713939 -0.000390513
internal_weight=2351 1473 1449 1417 494 923 901 768 199 569 48 165 133 61 878 72 47 521 130 63 472 381 356 329 68 261 150 850 90 760
internal_count=2351 1473 1449 1417 494 923 901 768 199 569 48 165 133 61 878 72 47 521 130 63 472 381 356 329 68 261 150 850 90 760
is_linear=0
shrinkage=0.05


Tree=107
num_leaves=31
num_cat=0
split_feature=4 11 4 27 9 9 1 2 29 10 13 13 33 10 1 9 1 2 7 2 6 1 27 1 27 5 6 33 26 7
split_gain=0.0466372 0.210171 0.059619 0.0410226 0.0318032 0.0954718 0.0332933 0.0530175 0.0327748 0.0321209 0.0355178 0.0799259 0.0409494 0.0608124 0.0521772 0.0369426 0.0421467 0.0386502 0.0333763 0.0300877 0.0277623 0.01968 0.014977 0.024624 0.0429996 0.0696768 0.0385639 0.0399248 0.045783 0.044701
threshold=5.5000000000000009 1393.8712796706675 4.5000000000000009 20500.000000000004 2045.8784076634172 1748.888123548825 1.5000000000000002 2.5000000000000004 15.661599793771133 644.99926629151116 1873.2008765259361 2006.3039207857591 1.5000000000000002 2534.5539188965381 2.5000000000000004 810.81891075174178 2.5000000000000004 2.5000000000000004 4477.1911084834646 1.5000000000000002 9579.4975353190439 2.5000000000000004 41000.000000000007 3.5000000000000004 37000.000000000007 1.0000000180025095e-35 528.18373906278987 1.5000000000000002 1.0000000180025095e-35 2974.6248377502261
decision_type=2 2 2 2 2 2 2 2 2 2 2 2 2 2 2 2 2 2 2 2 2 2 2 2 2 2 2 2 2 2
left_child=2 -2 3 -1 5 9 -6 -8 -9 -5 12 -12 15 -14 -15 17 18 19 -17 -11 22 -21 23 24 25 26 -13 29 -29 -28
right_child=1 -3 -4 4 6 -7 7 8 -10 10 11 20 13 14 -16 16 -18 -19 -20 21 -22 -23 -24 -25 -26 -27 27 28 -30 -31
leaf_value=-0.0014869066292980595 -0.0016189358303866658 0.0042516287863104329 -0.0024169988070542998 0.0016182624166443324 -0.00054096259797612833 -0.0030551775216456287 0.0015758085034437361 -0.0007059358409242123 0.0015501717737854714 0.0010497951738987908 0.0031933284935630152 -0.0016042281103889563 0.0020990676707879174 -0.0013409538708134172 0.0008792703733144498 -0.00019731979621218041 -0.0015948846467244947 0.0013042061706073583 -0.0023019176930011739 -0.00023106456438140219 0.0014484377293330101 -0.0013881897754833552 0.00043973773791205312 -0.0016594982867979486 -0.0011427574558949443 0.0020841566159755793 -0.0015851333902941812 0.0025043352411183366 0.00019353499439352291 4.5627054942732379e-05
leaf_weight=46 30 31 26 30 54 26 111 60 22 33 21 36 40 51 55 183 120 44 21 115 36 54 193 23 76 42 45 34 58 635
leaf_count=46 30 31 26 30 54 26 111 60 22 33 21 36 40 51 55 183 120 44 21 115 36 54 193 23 76 42 45 34 58 635
internal_value=-2.52299e-12 0.00136447 -3.6346e-05 -9.00638e-06 2.16444e-05 -4.53796e-05 0.000556479 0.000863536 -0.000100639 -5.14577e-06 -3.05778e-05 0.000135823 -0.00030923 0.000437904 -0.000188951 -0.000500601 -0.000851346 -3.86437e-05 -0.00041397 -0.000331146 8.13176e-05 -0.000600797 3.8221e-05 -4.34363e-05 -3.29654e-06 9.85847e-05 -4.62575e-06 6.99671e-05 0.00104753 -6.22909e-05
internal_weight=2351 61 2290 2264 2218 1971 247 193 82 1945 1915 1199 716 146 106 570 324 246 204 202 1178 169 1142 949 926 850 808 772 92 680
internal_count=2351 61 2290 2264 2218 1971 247 193 82 1945 1915 1199 716 146 106 570 324 246 204 202 1178 169 1142 949 926 850 808 772 92 680
is_linear=0
shrinkage=0.05


Tree=108
num_leaves=31
num_cat=0
split_feature=31 4 8 6 14 1 11 7 29 7 7 9 14 1 2 7 4 11 14 31 4 1 29 32 32 5 8 7 31 7
split_gain=0.0580171 0.0429134 0.0362011 0.0961923 0.0372626 0.0587094 0.0436565 0.0337794 0.212889 0.0337335 0.0865835 0.0282678 0.175098 0.0250583 0.0389011 0.0231086 0.0185855 0.0613838 0.0314471 0.0674011 0.0232167 0.0609536 0.0317579 0.0740666 0.0280916 0.0199712 0.0397469 0.0125142 0.0097162 0.0110335
threshold=1.0000000180025095e-35 8.5000000000000018 4743.8420004739874 4394.5509640983064 9613.0249967827858 2.5000000000000004 8071.2529632599571 1274.7267606423795 15.450930039315525 2605.8626569894686 2157.6082014722401 1672.1387545976972 3832.8463733941621 1.5000000000000002 2.5000000000000004 2735.9857379738146 3.5000000000000004 1544.901596191916 7013.6829578056686 1.5000000000000002 1.5000000000000002 3.5000000000000004 15.782780969002394 1.0000000180025095e-35 1.0000000180025095e-35 1.0000000180025095e-35 7518.9013512374977 4865.2668735579182 1.5000000000000002 1657.310766551647
decision_type=2 2 2 2 2 2 2 2 2 2 2 2 2 2 2 2 2 2 2 2 2 2 2 2 2 2 2 2 2 2
left_child=-1 2 3 -2 6 -6 7 8 -4 10 -9 15 -13 -14 -15 -11 18 -18 20 -20 21 22 23 25 -24 26 -17 -22 -5 -30
right_child=1 -3 4 28 5 -7 -8 9 -10 11 -12 12 13 14 -16 16 17 -19 19 -21 27 -23 24 -25 -26 -27 -28 -29 29 -31
leaf_value=0.0021144482438103297 -0.0037608396346596159 0.0019907310349830932 -0.00011882429814314224 -0.00072479268635462454 0.00020175253200094875 -0.0026083566253552876 0.0023310199335572265 -4.4034208015849194e-05 0.0054237364813508023 0.0016507172019692006 -0.0029575510084053833 0.0050296658079605552 -0.00082945040239970765 0.0010399182481741459 -0.00054817924251584647 -0.0015741006877007229 -0.0017196124908514321 0.0014789248366529745 -0.00011642220071699545 -0.0034274929520589389 -0.00050824597294974545 0.002399277594835999 -0.00097928679934626344 -0.002881457405220274 0.00084328914061188693 0.0013897856061036388 0.00014280948005929357 -0.0019924118962808281 -0.00034123655252564088 0.00057387913136904987
leaf_weight=32 22 26 99 92 41 34 21 102 21 20 34 20 51 102 62 35 20 60 51 22 49 26 137 21 25 30 914 20 116 46
leaf_count=32 22 26 99 92 41 34 21 102 21 20 34 20 51 102 62 35 20 60 51 22 49 26 137 21 25 30 914 20 116 46
internal_value=1.78676e-12 -2.91774e-05 -5.20808e-05 -0.000589146 2.14095e-05 -0.00107216 6.36433e-05 3.88568e-05 0.000851124 -1.52643e-05 -0.000772413 4.65809e-05 0.000554791 0.000138524 0.00043954 -3.69361e-05 -6.08744e-05 0.000679291 -0.000105396 -0.00111428 -4.6805e-05 4.98187e-06 -4.8591e-05 5.66173e-05 -0.000698025 0.00011964 7.94882e-05 -0.000938439 -0.000314433 -8.13889e-05
internal_weight=2351 2319 2293 276 2017 75 1942 1921 120 1801 136 1665 235 215 164 1430 1410 80 1330 73 1257 1188 1162 1000 162 979 949 69 254 162
internal_count=2351 2319 2293 276 2017 75 1942 1921 120 1801 136 1665 235 215 164 1430 1410 80 1330 73 1257 1188 1162 1000 162 979 949 69 254 162
is_linear=0
shrinkage=0.05


Tree=109
num_leaves=31
num_cat=0
split_feature=0 35 35 4 10 0 7 0 0 10 0 0 4 12 0 1 24 4 0 0 6 33 6 6 31 12 0 6 0 0
split_gain=0.0598388 0.0531573 0.0618874 0.0454678 0.0424572 0.0416761 0.0835775 0.0766215 0.0628283 0.0456484 0.040365 0.0381214 0.0712278 0.103594 0.0776923 0.0405417 0.0695669 0.0641696 0.0572184 0.0376974 0.0559559 0.0778666 0.0787014 0.0517324 0.0792518 0.0459376 0.112472 0.0829327 0.0845071 0.0731803
threshold=934.50000000000011 57.000000000000007 50.500000000000007 5.5000000000000009 1768.3834822763258 800.09699320000016 5369.2633702309786 750.14735255000016 656.00000000000011 3095.0565212803708 900.26453945000014 1800.0195655 3.5000000000000004 1896.8945265975353 1000.5561735000001 2.5000000000000004 1.0000000180025095e-35 2.5000000000000004 1500.0551510000003 1147.5000000000002 2884.6102105407158 1.5000000000000002 5497.9356148527559 131.86752606648201 2.5000000000000004 1450.9086728696195 999.50049950000005 3208.9490436939673 971.08803450000016 1100.0127910000003
decision_type=2 2 2 2 2 2 2 2 2 2 2 2 2 2 2 2 2 2 2 2 2 2 2 2 2 2 2 2 2 2
left_child=1 2 3 4 -1 7 10 8 9 -6 -7 12 15 14 -14 19 17 -17 -18 25 23 22 -22 -21 -25 27 -27 28 -2 -30
right_child=11 -3 -4 -5 5 6 -8 -9 -10 -11 -12 -13 13 -15 -16 16 18 -19 -20 20 21 -23 -24 24 -26 26 -28 -29 29 -31
leaf_value=-0.00015201774720453547 -0.0026941242767861695 -0.0020581596630050779 0.0020285590280157825 0.0013340839886736564 -0.00075509077141759921 0.00013173522639854421 0.0023319568823684344 -0.0045983678469201554 0.0010687692394561095 -0.0035756502772878425 -0.0022994856950581859 0.00067774778068269376 0.001262062338405642 -0.00085493650383733485 0.0053128827945329252 -7.9084781691981344e-05 -0.0041736583504825833 -0.002889051995727988 -0.00074339724308247832 -0.00057991459732875227 -0.00022264119099652874 -0.0021557909385592211 0.0019362926139308457 0.0012094168721202326 0.0046122092626650233 0.0024481621627928693 -0.00026073162649792233 -0.0031632638857539358 0.00096510505708407603 -0.0022995881037786606
leaf_weight=266 28 47 27 34 32 31 22 20 23 26 38 280 29 29 20 625 20 21 31 25 124 32 64 77 22 50 164 29 94 21
leaf_count=266 28 47 27 34 32 31 22 20 23 26 38 280 29 29 20 625 20 21 31 25 124 32 64 77 22 50 164 29 94 21
internal_value=7.88342e-12 -0.000447967 -0.00030215 -0.000430055 -0.000561017 -0.00112765 -0.000351578 -0.00182689 -0.00114257 -0.00201948 -0.0012072 0.000142044 4.23787e-05 0.00151364 0.00291546 -3.80409e-05 -0.000310784 -0.00017043 -0.0020886 0.000222373 0.000602982 0.000124227 0.000512315 0.00145239 0.00196559 -0.000116823 0.000372187 -0.000725242 -0.000230818 0.000368944
internal_weight=2351 566 519 492 458 192 91 101 81 58 69 1785 1505 78 49 1427 697 646 51 730 344 220 188 124 99 386 214 172 143 115
internal_count=2351 566 519 492 458 192 91 101 81 58 69 1785 1505 78 49 1427 697 646 51 730 344 220 188 124 99 386 214 172 143 115
is_linear=0
shrinkage=0.05


Tree=110
num_leaves=31
num_cat=0
split_feature=0 13 4 9 11 33 0 9 6 6 6 1 0 29 0 22 6 0 35 0 1 0 27 29 27 0 0 32 0 1
split_gain=0.0560033 0.0505881 0.0480011 0.0934661 0.0694855 0.0607949 0.0781933 0.0475199 0.0991379 0.0515065 0.043306 0.0555925 0.0872968 0.102047 0.0645195 0.0701604 0.0451055 0.0403363 0.098038 0.0395189 0.0487019 0.096778 0.168382 0.0643186 0.0824532 0.0491574 0.0665329 0.0614962 0.0823737 0.103275
threshold=1068.0000000000002 1873.2008765259361 1.5000000000000002 878.63878085635713 1942.7731509798784 1.5000000000000002 1417.9339625000002 5748.916892358794 11436.335224182667 7644.3243044956826 2655.6205781271169 2.5000000000000004 1888.5534840000003 15.581953943131664 1103.4117490000001 1.0000000180025095e-35 3609.7209893391178 1100.0127910000003 16.500000000000004 1125.0270445000003 2.5000000000000004 1348.0000000000002 27000.000000000004 15.747531577263588 43500.000000000007 1205.8833550000002 1489.9978715000002 1.0000000180025095e-35 2485.5000000000005 3.5000000000000004
decision_type=2 2 2 2 2 2 2 2 2 2 2 2 2 2 2 2 2 2 2 2 2 2 2 2 2 2 2 2 2 2
left_child=-1 2 4 -4 5 10 -7 8 9 17 -2 14 13 -13 -12 -16 -15 18 -3 -19 21 23 -23 -21 -25 -22 -27 28 29 -28
right_child=1 7 3 -5 -6 6 -8 -9 -10 -11 11 12 -14 16 15 -17 -18 19 -20 20 25 22 -24 24 -26 26 27 -29 -30 -31
leaf_value=-0.00031608560646352189 0.00076143136108341081 -0.00023701606914983131 0.00040493618472720744 -0.0038834586797747762 -0.0014179170121478111 -0.00021211396872078899 0.0029813126121397793 -0.0017425669380221128 0.0036803290209112072 -0.0017280739930423874 -0.0022427335093241365 0.0011621319289718355 0.001417050145063249 -0.0015428502827440705 2.783064169771209e-05 0.0025587644060387424 -0.0037656675234867378 -0.0015503916861489416 0.0044409631152770353 0.0013894465467755629 0.002636996578075923 -0.00029904472175985576 0.0058032777661887504 -0.003014050178899197 0.00081369197201531607 -0.00089243236471088679 0.0003229398524558583 0.0028505245404667223 0.0033819727052468809 -0.0033134572163579013
leaf_weight=878 124 24 27 24 77 36 41 24 24 27 21 28 31 74 98 38 33 25 21 85 20 20 26 24 34 123 278 25 20 21
leaf_count=878 124 24 27 24 77 36 41 24 24 27 21 28 31 74 98 38 33 25 21 85 20 20 26 24 34 123 278 25 20 21
internal_value=-5.33813e-12 0.000188407 -0.0001404 -0.00161313 -1.54261e-05 0.000190665 0.00148828 0.00044953 0.00051554 0.00041728 -3.28617e-05 -0.000337791 -0.000975721 -0.00152517 0.000336707 0.000735003 -0.00222839 0.000494927 0.00194604 0.000401774 0.00047397 0.00115521 0.00315009 0.000513505 -0.000770201 0.000209585 0.000105628 0.000462492 0.000275342 6.75407e-05
internal_weight=2351 1473 652 51 601 524 77 821 797 773 447 323 166 135 157 136 107 746 45 701 676 189 46 143 58 487 467 344 319 299
internal_count=2351 1473 652 51 601 524 77 821 797 773 447 323 166 135 157 136 107 746 45 701 676 189 46 143 58 487 467 344 319 299
is_linear=0
shrinkage=0.05


Tree=111
num_leaves=31
num_cat=0
split_feature=31 0 14 8 25 0 2 9 31 29 0 0 0 12 33 7 0 12 8 7 1 0 4 14 14 10 7 0 0 7
split_gain=0.0526716 0.0707989 0.085687 0.070668 0.0553493 0.0481098 0.0966226 0.128199 0.0424614 0.0422097 0.0414666 0.0372037 0.104084 0.0910542 0.0587648 0.229434 0.0863072 0.110121 0.0591151 0.0465345 0.0416814 0.0847402 0.0515423 0.0488242 0.0863057 0.060035 0.0482836 0.0410258 0.0386482 0.0385552
threshold=1.0000000180025095e-35 800.09699320000016 7185.5732734949152 8298.841923319018 1.0000000180025095e-35 2700.1742160000003 3.5000000000000004 1427.5732307498567 2.5000000000000004 15.499187421478508 666.50000000000011 1205.8833550000002 1196.5000000000002 2951.6028602505958 1.5000000000000002 4111.7345889307153 957.39322455000013 2951.6028602505958 9872.9806630965559 2974.6248377502261 2.5000000000000004 1573.5000000000002 3.5000000000000004 4104.8456010490618 5552.8592133565862 3095.0565212803708 4196.7654162045465 1248.6360105000001 1289.6852455000003 1274.7267606423795
decision_type=2 2 2 2 2 2 2 2 2 2 2 2 2 2 2 2 2 2 2 2 2 2 2 2 2 2 2 2 2 2
left_child=-1 2 3 10 8 6 11 -8 9 -5 -2 12 14 -14 18 16 -16 -18 -3 -20 21 23 29 25 -25 27 -24 -13 -29 -22
right_child=1 5 -4 4 -6 -7 7 -9 -10 -11 -12 20 13 -15 15 -17 17 -19 19 -21 22 -23 26 24 -26 -27 -28 28 -30 -31
leaf_value=0.0020146857350482605 -0.0027360546030104163 0.00013959209628280537 -0.0037206901089203632 -0.0011903561418876052 -0.002208755602128804 0.002358241705223918 -0.0052160319732502108 0.00010860231811350857 0.0018670296356348055 0.00053843020462355693 -0.00061252714491429484 0.0021292696560599972 -7.2686567901179114e-05 -0.0045809667897022642 -0.0025877698199250378 0.0051715670690800145 -0.0010510074686155551 0.0030506962957830789 -0.0023788628077543363 -0.00051042841503823354 0.0009713421347094988 0.0038994613635752887 9.940868243575097e-05 -0.002888540701940656 0.00085641230049077427 0.0031887111124686072 0.0035321173457694907 -0.0013690630691902093 0.0007152070652092483 -9.4129868195039711e-05
leaf_weight=32 45 455 22 54 25 23 20 26 35 102 47 35 21 24 26 26 36 30 41 178 97 21 20 25 40 27 21 30 86 681
leaf_count=32 45 455 22 54 25 23 20 26 35 102 47 35 21 24 26 26 36 30 41 178 97 21 20 25 40 27 21 30 86 681
internal_value=1.8708e-12 -2.78007e-05 -0.000706056 -0.000490725 3.55461e-06 8.47304e-05 5.81328e-05 -0.00220646 0.000293124 -5.99958e-05 -0.00165121 0.000112389 -0.000137971 -0.0024771 -5.06551e-06 0.00102427 -0.000147798 0.000813403 -0.000185275 -0.000860227 0.00030588 0.000852224 0.000129768 0.000588883 -0.000583954 0.00101717 0.00185763 0.000628877 0.000176172 3.87118e-05
internal_weight=2351 2319 330 308 216 1989 1966 46 191 156 92 1920 837 45 792 118 92 66 674 219 1083 264 819 243 65 178 41 151 116 778
internal_count=2351 2319 330 308 216 1989 1966 46 191 156 92 1920 837 45 792 118 92 66 674 219 1083 264 819 243 65 178 41 151 116 778
is_linear=0
shrinkage=0.05


Tree=112
num_leaves=31
num_cat=0
split_feature=0 31 35 6 33 10 0 3 31 0 12 2 34 0 7 14 6 5 13 0 14 13 2 14 0 6 11 3 0 0
split_gain=0.0485157 0.0350908 0.0685855 0.113541 0.063422 0.0577637 0.199947 0.0333304 0.0682022 0.0492032 0.110346 0.0474628 0.102644 0.0706798 0.0487305 0.0321679 0.02693 0.0258718 0.0661715 0.0465375 0.0758501 0.0237928 0.0462947 0.0801355 0.0407177 0.0224502 0.0224478 0.0550804 0.0402532 0.0532927
threshold=1686.2175495000001 1.5000000000000002 35.500000000000007 1725.1871084471863 1.5000000000000002 2391.3000490723207 1987.4768160000001 0.58333333333333337 1.5000000000000002 517.00000000000011 1450.9086728696195 1.5000000000000002 1.0000000180025095e-35 800.09699320000016 1972.7522559881568 6836.8329924482468 3609.7209893391178 1.0000000180025095e-35 2288.2725409247787 996.43750000000011 1322.8141680714064 1225.8017281053478 2.5000000000000004 3269.60512894258 1947.5000000000002 3041.6665849414721 614.7566508407366 0.87500000000000011 1486.4402330000003 924.8513870500002
decision_type=2 2 2 2 2 2 2 2 2 2 2 2 2 2 2 2 2 2 2 2 2 2 2 2 2 2 2 2 2 2
left_child=7 5 4 -4 -3 21 -7 8 -1 10 -9 12 -11 14 -13 25 -5 26 19 -19 -21 -2 24 -24 -23 -16 27 -15 29 -29
right_child=1 2 3 16 -6 6 -8 9 -10 11 -12 13 -14 17 15 -17 -18 18 -20 20 -22 22 23 -25 -26 -27 -28 28 -30 -31
leaf_value=0.0032618945422159002 0.001514639707104499 -0.00039927626898538117 -0.0042901201492419379 0.0012949914668449007 0.0026860094110992168 -0.00016281248645100277 0.0053461910025881867 0.00023285550542357492 -0.00040331530792173001 0.0037607575490255841 -0.003797152801818247 -0.0034925381885841491 0.0001974904263533972 -0.0028832844557853052 -0.000950413362985041 -0.00262428225716576 -0.00098747903830371793 -0.0022892315150238574 0.0023451960333132822 0.0028821337805129588 -0.0013280723264197942 -1.4061591407101202e-05 -0.0031473277216718999 0.00037914237045511912 0.0023749451806408268 0.0010160073726659729 -3.79001429873417e-05 -0.001886213435791433 -0.0021452743335868473 0.00024326179363676399
leaf_weight=22 38 36 21 24 31 40 28 41 30 24 29 22 128 23 47 20 28 20 38 20 23 42 24 49 31 21 1206 35 27 183
leaf_count=22 38 36 21 24 31 40 28 41 30 24 29 22 128 23 47 20 28 20 38 20 23 42 24 49 31 21 1206 35 27 183
internal_value=-1.43005e-12 0.000507761 -0.000126927 -0.00118715 0.00102824 0.000860365 0.0021056 -0.000101604 0.00114735 -0.00013566 -0.00143672 -8.60828e-05 0.000760112 -0.000162416 -0.00138777 -0.000861579 6.59689e-05 -7.68357e-05 0.000697325 -0.000296629 0.000630163 0.000400169 0.000110102 -0.000780245 0.00100045 -0.000343136 -0.000129882 -0.0005438 -0.000324175 -9.86264e-05
internal_weight=2351 392 140 73 67 252 68 1959 52 1907 70 1837 152 1685 110 88 52 1575 101 63 43 184 146 73 73 68 1474 268 245 218
internal_count=2351 392 140 73 67 252 68 1959 52 1907 70 1837 152 1685 110 88 52 1575 101 63 43 184 146 73 73 68 1474 268 245 218
is_linear=0
shrinkage=0.05


Tree=113
num_leaves=31
num_cat=0
split_feature=31 0 35 27 2 35 0 27 2 5 33 0 12 31 4 6 6 0 29 6 26 35 33 6 6 14 0 0 0 13
split_gain=0.0445497 0.0620034 0.135152 0.0554793 0.0458886 0.106676 0.0528942 0.0425595 0.110693 0.0806286 0.0702006 0.150704 0.0618664 0.051218 0.0508027 0.0456334 0.0387591 0.0345044 0.361552 0.0344824 0.0639998 0.0696348 0.0277742 0.10945 0.154193 0.0954743 0.0636032 0.0387481 0.048368 0.0604118
threshold=1.0000000180025095e-35 679.50000000000011 45.500000000000007 31000.000000000004 1.5000000000000002 6.5000000000000009 924.8513870500002 34500.000000000007 3.5000000000000004 1.0000000180025095e-35 1.5000000000000002 1496.5835825000001 2951.6028602505958 2.5000000000000004 3.5000000000000004 1061.3422553870589 3265.6218591754487 1954.5000000000002 15.581953943131664 9579.4975353190439 1.0000000180025095e-35 42.500000000000007 1.5000000000000002 2322.7099172799726 446.89858853999931 1861.2025021920138 1378.0459365000004 1205.8833550000002 999.50049950000005 2097.539431296525
decision_type=2 2 2 2 2 2 2 2 2 2 2 2 2 2 2 2 2 2 2 2 2 2 2 2 2 2 2 2 2 2
left_child=-1 2 3 -2 5 -3 19 8 9 14 13 -12 -11 16 17 -15 -9 22 -19 20 21 -6 23 24 -8 -24 -27 28 -25 -30
right_child=1 4 -4 -5 6 -7 7 10 -10 12 11 -13 -14 15 -16 -17 -18 18 -20 -21 -22 -23 25 27 -26 26 -28 -29 29 -31
leaf_value=0.0018528548927861266 6.4265895375258307e-05 -9.1191538284340558e-06 -0.004472811525161176 -0.0020916062951743556 -0.00037386558457607562 0.0036554931885771583 -0.00063198701827786867 0.00038356651121569251 -0.0028965465340982464 0.0036268792282789946 -0.00035495326779450161 0.0049860276449471717 0.00054834045648099268 0.00063831360176812074 0.0016537602268493713 -0.0013998718387723021 0.0022992682027896598 0.0061269064031710683 -0.0017855095779634126 -0.0025099487610809185 -0.0011136254875830081 0.0026458774244279733 0.0011849718584588408 0.00081001805106747536 -0.0059006090852476304 -0.00015893705960115769 -0.0033850496634840969 7.510393145653811e-05 -0.0022357713840236624 -0.00039850666345016858
leaf_weight=32 139 63 23 38 60 29 41 463 34 25 28 25 47 43 39 76 28 22 42 23 149 28 113 42 21 50 22 412 70 124
leaf_count=32 139 63 23 38 60 29 41 463 34 25 28 25 47 43 39 76 28 22 42 23 149 28 113 42 21 50 22 412 70 124
internal_value=3.56386e-12 -2.55676e-05 -0.000867114 -0.000398577 5.3861e-05 0.00114603 4.29038e-06 0.000102265 -8.78959e-05 1.35097e-06 0.000418914 0.00216438 0.00161728 0.000267259 -0.000115229 -0.000663385 0.000492812 -0.000187169 0.000934383 -0.000661563 -0.000482184 0.000586962 -0.000267369 -0.000409549 -0.00241652 0.000278291 -0.00114469 -0.000217524 -0.000728382 -0.00106144
internal_weight=2351 2319 200 177 2119 92 2027 1767 1104 1070 663 53 72 610 998 119 491 959 64 260 237 88 895 710 62 185 72 648 236 194
internal_count=2351 2319 200 177 2119 92 2027 1767 1104 1070 663 53 72 610 998 119 491 959 64 260 237 88 895 710 62 185 72 648 236 194
is_linear=0
shrinkage=0.05


Tree=114
num_leaves=31
num_cat=0
split_feature=0 6 12 33 2 10 28 5 0 0 11 4 0 14 0 27 3 31 0 9 3 12 0 29 35 0 0 29 0 29
split_gain=0.0408071 0.060279 0.0874908 0.0630122 0.066619 0.11386 0.0570684 0.0537946 0.0532065 0.0553752 0.0490514 0.0418014 0.0479239 0.131287 0.051748 0.0352437 0.0299879 0.0615144 0.0390327 0.0743818 0.0296174 0.125449 0.0482704 0.0705783 0.0596715 0.0543294 0.140937 0.084924 0.0291527 0.0357017
threshold=1527.5000000000002 11436.335224182667 2188.7437154096829 1.5000000000000002 3.5000000000000004 1330.1845864508227 1.0000000180025095e-35 1.0000000180025095e-35 1974.7873565000002 1650.2573335000004 1460.0031029077293 1.5000000000000002 1947.5000000000002 2852.2268947698076 1809.7132890000003 19500.000000000004 0.58333333333333337 1.5000000000000002 489.09803920000007 823.63989336689565 0.87500000000000011 784.51139084700856 1486.4402330000003 15.772912489480397 33.500000000000007 1402.9809040000002 1437.9297325000002 15.661599793771133 1474.9204745000002 15.661599793771133
decision_type=2 2 2 2 2 2 2 2 2 2 2 2 2 2 2 2 2 2 2 2 2 2 2 2 2 2 2 2 2 2
left_child=15 2 3 4 6 -6 7 11 9 -4 -8 12 14 -14 -2 -1 17 -17 19 -18 21 -20 25 24 -24 -22 -27 -28 29 -23
right_child=1 -3 8 -5 5 -7 10 -9 -10 -11 -12 -13 13 -15 -16 16 18 -19 20 -21 22 28 23 -25 -26 26 27 -29 -30 -31
leaf_value=-0.0016731379476065439 0.00039735994282341674 0.0029802123661197368 -0.0013135707080613019 0.0026089156081119703 -0.0041509373253211376 0.0011843297653831542 0.00082522319819502271 -0.0018074729987420145 -0.0023219796837880636 0.0007315940701387967 0.0040057596941055224 0.002410522005360188 0.0049448397761443635 2.2883605561219158e-05 -0.0017578807043130782 0.0030981784517114812 8.7080727280408612e-05 -0.00038269355931940181 -0.0041529240198661171 -0.0036896312876541003 -3.207812572985019e-05 -0.0017027484400099831 -0.00056835768977180122 0.0010638054576702417 -0.0043419207319278612 0.0047177299166585064 0.0026313896779902278 -0.0014125696087658808 0.0014763566908305107 0.00024968059852788015
leaf_weight=36 154 21 62 37 20 20 27 25 39 71 22 29 20 42 34 22 32 30 23 22 1300 38 20 20 22 22 20 37 23 61
leaf_count=36 154 21 62 37 20 20 27 25 39 71 22 29 20 42 34 22 32 30 23 22 1300 38 20 20 22 22 20 37 23 61
internal_value=3.24749e-12 0.000346928 0.000255069 0.000636296 0.000450578 -0.0014833 0.000669715 0.000414479 -0.000697997 -0.000221791 0.00225322 0.000613579 0.000405134 0.00161061 7.58238e-06 -0.000125079 -9.21414e-05 0.00108998 -0.000129623 -0.00145158 -8.46135e-05 -0.000765758 -1.60736e-05 -0.00138086 -0.00254499 4.52873e-05 0.00131839 6.36347e-06 -0.000127194 -0.000499737
internal_weight=2351 623 602 430 393 40 353 304 172 133 49 279 250 62 188 1728 1692 52 1640 54 1586 145 1441 62 42 1379 79 57 122 99
internal_count=2351 623 602 430 393 40 353 304 172 133 49 279 250 62 188 1728 1692 52 1640 54 1586 145 1441 62 42 1379 79 57 122 99
is_linear=0
shrinkage=0.05


Tree=115
num_leaves=31
num_cat=0
split_feature=4 3 24 10 3 27 33 4 9 4 10 4 2 10 27 5 13 9 33 29 9 29 27 3 9 6 14 2 15 1
split_gain=0.0309737 0.0284719 0.0237213 0.0561634 0.04179 0.0380628 0.062256 0.0552281 0.0323833 0.0263128 0.146071 0.0497286 0.032332 0.0384434 0.0332977 0.0377686 0.0791408 0.035629 0.0523823 0.0448899 0.0664289 0.0328105 0.0451402 0.0309469 0.0296956 0.0287837 0.0285097 0.0254524 0.0253792 0.0243338
threshold=8.5000000000000018 0.58333333333333337 1.0000000180025095e-35 1441.9128103240148 0.87500000000000011 39000.000000000007 1.5000000000000002 1.5000000000000002 1464.9388872280681 1.5000000000000002 1084.1212726286185 2.5000000000000004 3.5000000000000004 911.91732693850838 35500.000000000007 1.0000000180025095e-35 2288.2725409247787 637.49286296793264 1.5000000000000002 15.761141961393816 1699.0884490885539 15.519123273767818 29000.000000000004 0.70833333333333337 1055.7850610598232 2322.7099172799726 4288.4283702233015 2.5000000000000004 1.0000000180025095e-35 1.5000000000000002
decision_type=2 2 2 2 2 2 2 2 2 2 2 2 2 2 2 2 2 2 2 2 2 2 2 2 2 2 2 2 2 2
left_child=1 -1 5 4 -4 9 7 8 -7 12 -11 25 13 -3 15 17 -17 23 19 20 24 -20 -23 -15 -19 -12 -13 -26 29 -25
right_child=-2 2 3 -5 -6 6 -8 -9 -10 10 11 26 -14 14 -16 16 -18 18 21 -21 -22 22 -24 28 27 -27 -28 -29 -30 -31
leaf_value=0.0012262621550406848 0.0017161894753091754 0.00036801761562125254 -0.0015457094772831294 -0.0030392622176025597 0.00031211069531825175 0.00037986662379254775 0.0028641011852484485 0.0026449542463524269 -0.0010251964108297566 -0.0039741439191857356 -0.00042105179686003778 -0.00048405455836896287 0.0014644913989791855 -0.00082580667750706608 -0.0012781771358602973 -0.00024377667723456399 0.0027133076331977337 -0.0012927891496011005 -0.00071717832333353514 -0.001766830296292802 -0.0026213371646449423 -0.00022028279814144804 0.0016202445684616726 -0.00027115736549792739 -0.00015357941009938882 -0.0026829049758486114 0.0011473267653983243 0.001684288368449502 -0.00069093750910569898 0.0007592017573188059
leaf_weight=45 26 407 44 21 97 194 26 23 52 28 39 43 36 71 67 64 35 53 68 94 33 72 62 77 183 22 71 21 53 224
leaf_count=45 26 407 44 21 97 194 26 23 52 28 39 43 36 71 67 64 35 53 68 94 33 72 62 77 183 22 71 21 53 224
internal_value=-4.80179e-12 -1.91918e-05 -4.37731e-05 -0.00062692 -0.000267635 8.30147e-07 0.000527744 0.000301925 8.28614e-05 -8.44357e-05 -0.00062106 -8.45661e-05 -1.71921e-05 -5.08667e-05 -0.000195715 -0.000130377 0.000801657 -0.000221644 -0.000474424 -0.000817289 -0.000509507 0.00017736 0.000631304 0.000126894 -0.000238338 -0.0012368 0.000531981 3.56129e-05 0.000317973 0.000495622
internal_weight=2351 2325 2280 162 141 2118 295 269 246 1823 203 175 1620 1584 1177 1110 99 1011 586 384 290 202 134 425 257 61 114 204 354 301
internal_count=2351 2325 2280 162 141 2118 295 269 246 1823 203 175 1620 1584 1177 1110 99 1011 586 384 290 202 134 425 257 61 114 204 354 301
is_linear=0
shrinkage=0.05


Tree=116
num_leaves=31
num_cat=0
split_feature=0 13 4 14 9 9 6 6 13 14 7 0 13 28 0 0 13 0 0 9 29 13 1 0 27 0 0 29 9 0
split_gain=0.038968 0.0402951 0.0413853 0.0744698 0.0740032 0.0400111 0.0762442 0.0448155 0.0362415 0.0321162 0.0648064 0.0550357 0.101933 0.0527332 0.0608189 0.062268 0.0636265 0.0443231 0.0908265 0.0520587 0.048354 0.034397 0.0308038 0.0941186 0.136478 0.0627815 0.0531911 0.0315703 0.0589873 0.0724474
threshold=1068.0000000000002 1873.2008765259361 1.5000000000000002 4612.5175246508088 878.63878085635713 5748.916892358794 11436.335224182667 7644.3243044956826 2073.5597391785518 988.00789982792867 3962.713321692006 517.00000000000011 2288.2725409247787 1.0000000180025095e-35 900.26453945000014 787.00000000000011 1784.5485115047611 999.50049950000005 975.50000000000011 878.63878085635713 15.661599793771133 1504.3652970783648 2.5000000000000004 1348.0000000000002 27000.000000000004 1205.8833550000002 1299.9837505000003 15.761141961393816 1543.1679208463272 1595.5000000000002
decision_type=2 2 2 2 2 2 2 2 2 2 2 2 2 2 2 2 2 2 2 2 2 2 2 2 2 2 2 2 2 2
left_child=9 2 3 -2 -4 6 7 8 -3 10 -1 12 -11 17 15 16 -15 18 21 20 -19 -13 23 -10 -25 -24 -27 -28 -29 -30
right_child=1 5 4 -5 -6 -7 -8 -9 22 11 -12 13 -14 14 -16 -17 -18 19 -20 -21 -22 -23 25 24 -26 26 27 28 29 -31
leaf_value=0.0016635091366091126 0.00013617795256530378 0.0021107312842016859 0.0002919244825736516 -0.0020005214559205343 -0.0035239400012263412 -0.0016212531355752919 0.0032261988652559619 -0.0016365497700732063 0.00035000346859233826 -0.0043535627919482067 -0.00061526619184475682 0.0017802240110161923 1.8204369504625601e-05 0.0007936858203417311 -0.0024965092200195963 0.0018315445146678639 -0.0025488449017783362 -0.00073771467807913016 0.0024130224670487936 7.9115822750952901e-05 -0.0037270935562749709 -0.00017107006464898679 0.0025129045995597086 -0.00024923834542278205 0.0052446285477624494 -0.0021656987550495951 -0.00021999497271762644 9.1376095274583742e-05 5.8623002842068673e-05 0.0041733096637155704
leaf_weight=60 557 31 27 44 24 24 24 27 202 24 65 24 30 24 52 24 35 31 41 61 24 383 26 20 26 27 255 116 20 23
leaf_count=60 557 31 27 44 24 24 24 27 202 24 65 24 30 24 52 24 35 31 41 61 24 383 26 20 26 27 255 116 20 23
internal_value=-2.17652e-12 0.000157161 -0.000136295 -2.02526e-05 -0.00150378 0.000390209 0.00045078 0.00036461 0.000437038 -0.000263665 0.000478546 -0.000386874 -0.0019248 -0.000268064 -0.00115572 -0.000315711 -0.00118917 -5.5592e-05 0.000169954 -0.000926667 -0.00204217 -5.6006e-05 0.000364472 0.000814824 0.00285599 0.000125313 -1.54521e-05 0.000124781 0.000677725 0.0022595
internal_weight=2351 1473 652 601 51 821 797 773 746 878 125 753 54 699 135 83 59 564 448 116 55 407 715 248 46 467 441 414 159 43
internal_count=2351 1473 652 601 51 821 797 773 746 878 125 753 54 699 135 83 59 564 448 116 55 407 715 248 46 467 441 414 159 43
is_linear=0
shrinkage=0.05


Tree=117
num_leaves=31
num_cat=0
split_feature=31 8 6 7 7 7 27 33 1 14 1 12 33 7 31 9 7 29 33 1 2 29 29 14 17 26 1 29 7 7
split_gain=0.0362667 0.0318251 0.0750192 0.0383351 0.0299895 0.0682474 0.0293176 0.0270992 0.0290554 0.0247867 0.059785 0.0359193 0.0228598 0.0600337 0.0351641 0.0362752 0.0257153 0.0246424 0.0139305 0.0484503 0.0123401 0.0461044 0.031553 0.0110769 0.00917784 0.0287402 0.0152196 0.00953667 0.0141441 0.00756346
threshold=1.0000000180025095e-35 4743.8420004739874 5216.838260267411 1002.0063977173372 2605.8626569894686 2157.6082014722401 56500.000000000007 1.5000000000000002 2.5000000000000004 9613.0249967827858 2.5000000000000004 5192.8337798348539 1.5000000000000002 4272.05818672033 2.5000000000000004 489.23136426011831 2887.0231296723491 15.772912489480397 1.5000000000000002 2.5000000000000004 2.5000000000000004 15.581953943131664 15.485133418132735 2921.5785348278046 1.0000000180025095e-35 1.0000000180025095e-35 2.5000000000000004 15.772912489480397 3655.2566148720675 3655.2566148720675
decision_type=2 2 2 2 2 2 2 2 2 2 2 2 2 2 2 2 2 2 2 2 2 2 2 2 2 2 2 2 2 2
left_child=-1 2 -2 7 5 -5 9 8 -3 11 -11 12 14 16 24 -16 -14 -18 20 -20 22 -22 -4 -17 25 -6 -27 -26 -29 -19
right_child=1 3 18 4 6 -7 -8 -9 -10 10 -12 -13 13 -15 15 23 17 29 19 -21 21 -23 -24 -25 27 26 -28 28 -30 -31
leaf_value=0.0016717575177608525 -0.0030265824213899948 0.0029363621173055998 -0.00082365032656631174 -8.2357398171622597e-05 5.572768029109384e-05 -0.0026628128307707171 0.0013069945791115364 0.00019332300768338986 0.00066987443715333945 0.00041075372705008922 -0.0024249795522979078 0.0017987451877380753 0.0014904653841707235 0.0030908127592521768 -0.0025212907418873248 -0.00073651684162956508 -0.0014687432355626865 0.0010272467819352946 -0.00087885627006125159 0.0015851788639434075 0.00041841980613147218 -0.0022192289036497273 0.00094136865460313867 -2.9886708189560859e-05 3.566973833356133e-05 0.00048913234460633249 0.0018166372233903725 -0.00016361842415510463 -0.0015745559909745403 -5.9855014357405403e-05
leaf_weight=32 27 26 69 104 365 34 45 62 31 41 34 29 30 21 22 114 27 24 42 38 30 37 40 108 682 50 38 78 23 48
leaf_count=32 27 26 69 104 365 34 45 62 31 41 34 29 30 21 22 114 27 24 42 38 30 37 40 108 682 50 38 78 23 48
internal_value=-4.18437e-12 -2.30687e-05 -0.00051989 4.59885e-05 -8.06724e-06 -0.000718122 4.70129e-05 0.000916786 0.00170371 1.43144e-05 -0.000874779 5.45085e-05 2.3476e-05 0.000611639 -3.61351e-05 -0.000584668 0.000208053 -0.000180557 -0.000255512 0.00029156 -0.000504182 -0.00103819 -0.000175937 -0.000392751 7.21514e-05 0.000251279 0.00106237 -3.14818e-05 -0.000484921 0.000302512
internal_weight=2351 2319 283 2036 1917 138 1779 119 57 1734 75 1659 1630 150 1480 244 129 99 256 80 176 67 109 222 1236 453 88 783 101 72
internal_count=2351 2319 283 2036 1917 138 1779 119 57 1734 75 1659 1630 150 1480 244 129 99 256 80 176 67 109 222 1236 453 88 783 101 72
is_linear=0
shrinkage=0.05


Tree=118
num_leaves=31
num_cat=0
split_feature=0 0 4 1 0 3 0 13 22 2 6 0 32 11 0 0 8 0 4 11 0 8 11 33 0 0 6 14 31 31
split_gain=0.0353558 0.0472508 0.0397248 0.0391687 0.0883341 0.0357598 0.0318628 0.0682835 0.0298164 0.104384 0.0528505 0.0476298 0.0685426 0.0602541 0.0460958 0.0391808 0.0354024 0.0318548 0.0448138 0.0592696 0.0498766 0.0317058 0.0650977 0.0566881 0.0966679 0.0629538 0.0334836 0.0288974 0.0785591 0.0509086
threshold=1112.5555555000003 1100.0127910000003 5.5000000000000009 2.5000000000000004 1573.5000000000002 1.6666666666666667 1250.5000000000002 2097.539431296525 1.0000000180025095e-35 2.5000000000000004 19449.296316971115 1000.5561735000001 1.0000000180025095e-35 714.58419441393448 1082.5000000000002 1045.7761640000001 5627.5448485417555 966.50000000000011 1.5000000000000002 1176.9086984514452 912.50000000000011 15958.982134905558 3496.5139281027446 1.5000000000000002 746.00000000000011 999.50049950000005 446.89858853999931 4104.8456010490618 1.5000000000000002 2.5000000000000004
decision_type=2 2 2 2 2 2 2 2 2 2 2 2 2 2 2 2 2 2 2 2 2 2 2 2 2 2 2 2 2 2
left_child=1 5 3 4 27 8 7 -5 9 10 14 12 13 -10 21 -13 -17 18 19 -15 -20 22 23 25 -25 -1 -27 29 -29 -2
right_child=2 -3 -4 6 -6 -7 -8 -9 11 -11 -12 15 -14 17 -16 16 -18 -19 20 -21 -22 -23 -24 24 -26 26 -28 28 -30 -31
leaf_value=0.00017772948294633644 0.00024513945883407209 -0.0022896170961084188 0.0022262236133784702 -0.0026927442278332926 0.0036228083550337363 -0.0018125079330275186 3.875675536525884e-05 0.00033784507342228076 -0.0015965208602346369 -0.0034622914713019364 0.0021848859667608685 0.0028890004077066597 0.0023191380630513386 0.0018098131284521358 0.001718069446192553 -0.0010759069312674305 0.0015661342775274536 0.0013103713842362843 -0.0029553822617834576 -0.00033335165137065854 -0.00015590184186471673 -0.0020768609172331968 0.0014770622161449866 -0.0047826843091752381 -0.00063233523471082785 7.801706775684249e-05 -0.0022700266336442487 0.0004803831300290049 -0.0025522727527302405 0.0018258338792400215
leaf_weight=212 203 27 23 34 22 32 856 41 67 26 22 26 28 46 26 21 32 44 26 108 41 28 44 20 47 22 49 81 29 68
leaf_count=212 203 27 23 34 22 32 856 41 67 26 22 26 28 46 26 21 32 44 26 108 41 28 44 20 47 22 49 81 29 68
internal_value=-5.43925e-12 -0.000226554 0.00016595 0.000130428 0.000542226 -0.00016895 -4.78259e-05 -0.00103602 -0.0001127 -0.000378333 -0.000207731 0.000187424 -5.65477e-05 -0.000256907 -0.000325226 0.00129919 0.000519288 8.17881e-05 -0.000162817 0.000306814 -0.00124227 -0.000451116 -0.000335581 -0.000563456 -0.00187125 -0.000253838 -0.00154246 0.000364344 -0.000319135 0.000641771
internal_weight=2351 994 1357 1334 403 967 931 75 935 496 470 439 360 332 448 79 53 265 221 154 67 422 394 350 67 283 71 381 110 271
internal_count=2351 994 1357 1334 403 967 931 75 935 496 470 439 360 332 448 79 53 265 221 154 67 422 394 350 67 283 71 381 110 271
is_linear=0
shrinkage=0.05


Tree=119
num_leaves=31
num_cat=0
split_feature=0 31 34 1 12 10 0 29 11 3 31 0 12 1 34 0 8 27 0 12 9 9 3 0 35 0 27 0 24 3
split_gain=0.0328414 0.0298789 0.0574826 0.229893 0.0702844 0.0503691 0.174489 0.0362568 0.0246013 0.0217573 0.0534522 0.0330214 0.0972089 0.0255857 0.107677 0.0563972 0.0241883 0.0599061 0.0212758 0.044725 0.0204604 0.0592914 0.0320425 0.0200238 0.0589767 0.0461508 0.0231777 0.0195912 0.0193162 0.0530941
threshold=1686.2175495000001 1.5000000000000002 1.0000000180025095e-35 3.5000000000000004 1118.7676609053713 2391.3000490723207 1987.4768160000001 15.772912489480397 1532.3776562198675 0.58333333333333337 1.5000000000000002 517.00000000000011 1450.9086728696195 1.5000000000000002 1.0000000180025095e-35 800.09699320000016 10111.486730562714 37000.000000000007 1141.0000000000002 2119.0331493252602 774.31142231872388 2045.8784076634172 0.87500000000000011 1648.7800585000002 35.500000000000007 1614.5000000000002 56500.000000000007 2124.5079575000004 1.0000000180025095e-35 0.87500000000000011
decision_type=2 2 2 2 2 2 2 2 2 2 2 2 2 2 2 2 2 2 2 2 2 2 2 2 2 2 2 2 2 2
left_child=9 5 3 4 -3 20 -7 8 -6 10 -1 12 -11 14 -13 16 17 -15 19 -16 22 -22 27 25 -25 26 28 -2 -17 -30
right_child=1 2 -4 -5 7 6 -8 -9 -10 11 -12 13 -14 15 18 23 -18 -19 -20 -21 21 -23 -24 24 -26 -27 -28 -29 29 -31
leaf_value=0.0027974709386894992 -8.424828508306208e-05 -0.0031438169272049615 -0.0022405735564124947 0.0050477328003623936 -0.00018707619800063021 -0.0002131521610135678 0.0049331945566726586 -0.0013817392953637021 0.002235891898162663 0.00039007867283255955 -0.0004472892465613162 0.003603371397669738 -0.0033924403030361084 -0.0033881184213896635 0.00044182196544993317 -6.5999523447513608e-05 -0.00035524334879996985 -0.00032865291886992055 0.0015337718905703655 -0.0013289067505360842 -0.001945204234107223 0.00097590819840613565 0.0023939430895868856 0.00047784515853232612 -0.0029125408745249333 0.0017447920558172174 0.00080021979611794372 0.0016873986448626968 -0.0029590033341347324 -9.9928789460400653e-05
leaf_weight=22 71 23 27 21 22 40 28 27 20 41 30 24 29 32 105 1278 46 32 21 54 32 38 23 29 23 36 73 20 22 62
leaf_count=22 71 23 27 21 22 40 28 27 20 41 30 24 29 32 105 1278 46 32 21 54 32 38 23 29 23 36 73 20 22 62
internal_value=-2.31521e-12 0.000417762 -0.000167898 0.000327343 -0.000750137 0.000743128 0.00190593 4.77565e-05 0.000966718 -8.3595e-05 0.000925494 -0.000111111 -0.00117696 -7.04958e-05 0.000457453 -0.000136449 -0.0012298 -0.00185839 3.79975e-05 -0.000159558 0.000313397 -0.000359457 0.000726553 -5.74809e-05 -0.00102175 -2.33939e-05 -6.77526e-05 0.000305125 -0.000114274 -0.000848734
internal_weight=2351 392 140 113 92 252 68 69 42 1959 52 1907 70 1837 204 1633 110 64 180 159 184 70 114 1523 52 1471 1435 91 1362 84
internal_count=2351 392 140 113 92 252 68 69 42 1959 52 1907 70 1837 204 1633 110 64 180 159 184 70 114 1523 52 1471 1435 91 1362 84
is_linear=0
shrinkage=0.05


Tree=120
num_leaves=31
num_cat=0
split_feature=0 3 0 0 13 35 1 9 35 0 9 1 9 0 9 0 9 6 23 0 13 7 27 33 0 0 13 6 0 14
split_gain=0.031013 0.0345374 0.0343408 0.0723362 0.0507037 0.038715 0.0394102 0.0514867 0.029449 0.0318998 0.095339 0.0336809 0.0400091 0.0364685 0.0361751 0.0384387 0.0270746 0.0800683 0.0356756 0.0592405 0.0380839 0.0527201 0.0254804 0.0249324 0.0403535 0.024844 0.0261605 0.0326699 0.0320251 0.0562499
threshold=1032.5000000000002 1.6666666666666667 999.50049950000005 985.50000000000011 1504.3652970783648 57.000000000000007 2.5000000000000004 2785.1459532931353 50.500000000000007 517.00000000000011 823.63989336689565 1.5000000000000002 1323.9372228394998 649.00000000000011 2211.5037308874312 850.06414145000019 5748.916892358794 11436.335224182667 1.0000000180025095e-35 1974.7873565000002 1784.5485115047611 5762.2586200356627 37000.000000000007 1.5000000000000002 1303.0000000000002 1045.7761640000001 1873.2008765259361 3763.7295389353003 1842.6561770000001 1091.3846204387901
decision_type=2 2 2 2 2 2 2 2 2 2 2 2 2 2 2 2 2 2 2 2 2 2 2 2 2 2 2 2 2 2
left_child=1 2 3 5 -4 6 7 8 9 10 -1 12 13 -11 -13 -16 17 18 19 20 21 -2 -6 -22 -25 -20 28 -28 -27 -30
right_child=16 -3 4 -5 22 -7 -8 -9 -10 11 -12 14 -14 -15 15 -17 -18 -19 25 -21 23 -23 -24 24 -26 26 27 -29 29 -31
leaf_value=9.4180255837272858e-05 -0.0032234365035864439 -0.0021217536840898296 0.00079310766178304734 0.0024539384723337009 -0.0027901868989121999 -0.0015240776154678316 -0.0018147265756382578 0.002445576750185518 0.0014759769414326755 -0.0007412336586605547 -0.0038806844629685985 -0.00051310666228570321 0.0022282798999860402 0.0011136035629018771 -0.00019432365886806963 0.0025762218627191726 -0.0015022261366248132 0.0030218411469832064 0.0019948374498926567 -0.0024112193634913816 -0.0001015242114036759 -6.3553378056509038e-05 -0.00056431156117469077 -0.00033431406456815166 0.0025965114114418005 -0.0001844476783736678 0.00034859424395587046 0.0018133772206322359 0.0031213343986088321 9.4205331825242763e-05
leaf_weight=48 22 24 23 27 36 50 31 21 29 53 22 276 31 53 31 21 25 24 20 31 230 33 20 23 24 472 532 41 21 57
leaf_count=48 22 24 23 27 36 50 31 21 29 53 22 276 31 53 31 21 25 24 20 31 230 33 20 23 24 472 532 41 21 57
internal_value=-2.46457e-12 -0.000253819 -0.000195749 -8.31552e-05 -0.00118344 -0.00018601 -7.7401e-05 1.46624e-05 -7.58504e-05 -0.000159968 -0.00115506 -1.01689e-05 0.000648265 0.000186185 -0.000285185 0.00092455 0.000129929 0.000156599 0.000110937 -0.000320893 -0.000125712 -0.00132751 -0.00199523 0.000112911 0.00116228 0.00024808 0.000216972 0.000453404 -2.93483e-05 0.000909202
internal_weight=2351 796 772 693 79 666 616 585 564 535 70 465 137 106 328 52 1555 1530 1506 363 332 55 56 277 47 1143 1123 573 550 78
internal_count=2351 796 772 693 79 666 616 585 564 535 70 465 137 106 328 52 1555 1530 1506 363 332 55 56 277 47 1143 1123 573 550 78
is_linear=0
shrinkage=0.05


Tree=121
num_leaves=31
num_cat=0
split_feature=31 0 14 17 7 0 6 0 0 13 0 11 0 0 8 14 12 7 27 6 7 24 0 33 0 0 6 0 5 13
split_gain=0.0295851 0.0457783 0.0758199 0.062813 0.0465042 0.0403752 0.0827609 0.039211 0.0326891 0.171707 0.0369105 0.124669 0.0364151 0.0367216 0.0527134 0.0312577 0.0299053 0.0252819 0.0228908 0.0982863 0.019126 0.0672801 0.0489735 0.0333159 0.073688 0.0604562 0.0480188 0.0568286 0.0430725 0.0374493
threshold=1.0000000180025095e-35 800.09699320000016 7185.5732734949152 1.5000000000000002 2157.6082014722401 528.35045315000013 3208.9490436939673 2700.1742160000003 2200.1410435000003 1504.3652970783648 2012.7631580000002 2005.6837571219992 1995.0632380000002 1888.5534840000003 9084.3982528598208 988.00789982792867 784.51139084700856 2953.9437108896104 56500.000000000007 2016.7857283045862 2887.0231296723491 1.0000000180025095e-35 1842.6561770000001 1.5000000000000002 1417.9339625000002 1055.0134465000003 2884.6102105407158 1200.2872115000002 1.0000000180025095e-35 2149.9066304620633
decision_type=2 2 2 2 2 2 2 2 2 2 2 2 2 2 2 2 2 2 2 2 2 2 2 2 2 2 2 2 2 2
left_child=-1 2 3 4 -2 6 -6 8 10 -10 12 -12 13 18 -15 -5 -7 -17 20 -20 21 23 -22 28 25 -25 -27 -28 29 -3
right_child=1 7 -4 15 5 16 -8 -9 9 -11 11 -13 -14 14 -16 17 -18 -19 19 -21 22 -23 -24 24 -26 26 27 -29 -30 -31
leaf_value=0.0015099260752322154 0.0018326301560474319 -0.00041687849361385983 -0.0034019828922199932 -0.00047653178616817443 -0.0039701895730104297 -0.00076516777540005197 6.1758549418300393e-05 0.0021221578505862017 0.0020895962434005922 -0.0033043631973365944 0.0036012865329996266 -0.0012168219501618297 -0.0020774244028143587 0.0033918591937981547 9.9403861038867508e-05 -0.0038488355511799455 0.00070291328998210549 -0.0013347793015418576 -0.00010388142855402132 0.0035551287777101006 0.00013582478448273308 -0.002762409181405719 -0.0019794944095857712 0.0019166528674152989 0.0023764851683824276 0.00068644453556491786 -0.00020848243619270976 -0.0038868824020028116 0.0011822552218493203 -0.0021361576900302236
leaf_weight=32 31 220 22 31 20 54 35 23 25 36 29 25 20 20 31 20 97 20 78 24 1201 26 28 24 38 26 21 21 36 37
leaf_count=32 31 220 22 31 20 54 35 23 25 36 29 25 20 20 31 20 97 20 78 24 1201 26 28 24 38 26 21 21 36 37
internal_value=-1.02431e-12 -2.08355e-05 -0.000566229 -0.000363675 2.71427e-05 -0.000244557 -0.0014044 6.96521e-05 4.564e-05 -0.00109372 8.21236e-05 0.00137068 4.4532e-05 6.77101e-05 0.00139056 -0.00166824 0.000177904 -0.00259181 2.98082e-05 0.000757062 -1.43992e-05 -0.000293678 8.7632e-05 -0.000141936 0.000524238 -0.00024082 -0.00100228 -0.00204768 -0.000437508 -0.000664401
internal_weight=2351 2319 330 308 237 206 55 1989 1966 61 1905 54 1851 1831 51 71 151 40 1780 102 1678 449 1229 423 130 92 68 42 293 257
internal_count=2351 2319 330 308 237 206 55 1989 1966 61 1905 54 1851 1831 51 71 151 40 1780 102 1678 449 1229 423 130 92 68 42 293 257
is_linear=0
shrinkage=0.05


Tree=122
num_leaves=31
num_cat=0
split_feature=31 4 14 1 11 10 13 13 9 4 6 32 1 27 33 9 1 14 4 14 5 27 35 33 9 31 34 27 6 10
split_gain=0.0267006 0.026081 0.019531 0.050991 0.0341178 0.0171258 0.0209652 0.0644215 0.0469269 0.0359174 0.182575 0.0753626 0.0376854 0.0370448 0.0217529 0.0283009 0.025609 0.0363451 0.0206628 0.0188504 0.0296379 0.053233 0.0353259 0.0240732 0.0604207 0.0578291 0.0825516 0.0429217 0.0227989 0.0129093
threshold=1.0000000180025095e-35 8.5000000000000018 9613.0249967827858 2.5000000000000004 8071.2529632599571 644.99926629151116 1873.2008765259361 2006.3039207857591 1787.2925371698043 1.5000000000000002 3041.6665849414721 1.0000000180025095e-35 2.5000000000000004 33000.000000000007 1.5000000000000002 1067.5200520098285 2.5000000000000004 1322.8141680714064 3.5000000000000004 6836.8329924482468 1.0000000180025095e-35 37000.000000000007 55.500000000000007 1.5000000000000002 774.31142231872388 2.5000000000000004 1.0000000180025095e-35 29000.000000000004 2884.6102105407158 3095.0565212803708
decision_type=2 2 2 2 2 2 2 2 2 2 2 2 2 2 2 2 2 2 2 2 2 2 2 2 2 2 2 2 2 2
left_child=-1 2 4 -4 5 -2 9 -8 19 11 -11 13 -13 14 16 -16 29 -18 -12 20 22 -22 23 25 -25 -9 27 -27 -26 -7
right_child=1 -3 3 -5 -6 6 7 8 -10 10 18 12 -14 -15 15 -17 17 -19 -20 -21 21 -23 -24 24 28 26 -28 -29 -30 -31
leaf_value=0.0014344298855576199 0.0011182556481799111 0.0015549034283209879 0.00035601655793626139 -0.0022628652027753349 0.0019949739311067834 -0.00048131677797565045 0.0027090693140685886 7.2417151700408808e-05 0.0023262249120638112 -0.0052164625797775539 -0.00057102266647335558 -0.0037828956183511768 -0.00075023446226536879 0.0003501055079498891 0.00099008719797336292 -0.00060872812569141399 -0.00048296810410013705 -0.0024406353291753381 0.001493260151156309 -0.0012416907710333666 0.0019930936375875839 -0.0010967645212076604 -0.0016710451141989326 0.0029244105234586945 0.0005355892645878301 -0.0016432816875355972 -0.0035475738898471548 0.00063337960399370249 -0.0012921810076064006 0.0003160996086080559
leaf_weight=32 32 26 41 34 21 172 23 833 22 21 27 20 21 356 62 50 66 37 22 30 46 20 32 24 76 37 27 47 22 72
leaf_count=32 32 26 41 34 21 172 23 833 22 21 27 20 21 356 62 50 66 37 22 30 46 20 32 24 76 37 27 47 22 72
internal_value=2.04638e-12 -1.97938e-05 -3.7649e-05 -0.00083121 -1.08154e-05 -2.99877e-05 -4.69594e-05 8.75524e-05 3.79678e-05 -0.000226938 -0.00131588 -0.000137889 -0.00222958 -3.26628e-05 -0.000329538 0.00027633 -0.000525091 -0.00118621 0.000355798 -4.19438e-06 2.76999e-05 0.00105677 -3.4157e-05 1.49804e-05 0.000675923 -7.04381e-05 -0.0011425 -0.000369435 0.000125273 -0.000246014
internal_weight=2351 2319 2293 75 2218 2197 2165 1239 1216 926 70 856 41 815 459 112 347 103 49 1194 1164 66 1098 1066 122 944 111 84 98 244
internal_count=2351 2319 2293 75 2218 2197 2165 1239 1216 926 70 856 41 815 459 112 347 103 49 1194 1164 66 1098 1066 122 944 111 84 98 244
is_linear=0
shrinkage=0.05


Tree=123
num_leaves=31
num_cat=0
split_feature=0 14 2 7 0 13 0 0 11 0 33 10 13 11 33 12 35 1 0 0 0 7 35 14 35 14 0 29 7 29
split_gain=0.0271217 0.0336285 0.0875279 0.0535837 0.0477056 0.0753893 0.0367172 0.0581852 0.0495648 0.105221 0.0622163 0.0418152 0.0316568 0.0345793 0.0438538 0.0618305 0.0313759 0.0318315 0.069698 0.058385 0.0631119 0.0501405 0.0335983 0.166563 0.109221 0.0765994 0.0593987 0.0610571 0.046522 0.0285098
threshold=1068.0000000000002 988.00789982792867 2.5000000000000004 3962.713321692006 517.00000000000011 2267.6204482949502 999.50049950000005 981.50000000000011 3232.8796469536833 800.09699320000016 1.5000000000000002 1662.2018169857954 1873.2008765259361 1942.7731509798784 1.5000000000000002 2430.631693941395 57.000000000000007 2.5000000000000004 1348.0000000000002 1205.8833550000002 1457.5000000000002 4145.7474345355831 35.500000000000007 3346.1795337056815 16.500000000000004 7627.1372868681128 1987.4768160000001 15.747531577263588 4145.7474345355831 15.747531577263588
decision_type=2 2 2 2 2 2 2 2 2 2 2 2 2 2 2 2 2 2 2 2 2 2 2 2 2 2 2 2 2 2
left_child=1 3 4 -1 5 -3 7 8 10 -10 -6 -8 13 14 -2 -16 17 18 -14 -19 21 -21 24 26 -22 -25 27 28 -24 -20
right_child=12 2 -4 -5 6 -7 11 -9 9 -11 -12 -13 16 -15 15 -17 -18 19 29 20 22 -23 23 25 -26 -27 -28 -29 -30 -31
leaf_value=0.0016170064732674899 -0.00016678555922597707 -0.0038493947379048109 -0.0033830328480057093 -0.00045508609726451914 -8.139115388216151e-05 -7.1264866499170173e-05 0.00016518817938049324 0.0021152792724024039 -0.00057163884536035969 0.0034508328447278979 -0.0021038329395066417 -0.0016256158728188332 0.00034158123718821301 -0.0011167788822114325 0.0028889945972089969 -1.6414808069771909e-05 0.0020818241867236794 0.0020594753112698739 0.0013927894530532852 -0.00040648134391507669 0.00013618823210773836 -0.0026491411457148692 -0.0026604172438272232 -0.0047087414227426055 0.0031545076351095409 -0.00066344477447935132 0.0028254666258222781 0.0021792309423908592 0.00024577652185939772 0.0038118314685388691
leaf_weight=60 497 23 23 65 402 31 56 32 37 29 42 78 221 78 30 47 25 34 29 81 179 36 21 25 36 22 26 25 40 21
leaf_count=60 497 23 23 65 402 31 56 32 37 29 42 78 221 78 30 47 25 34 29 81 179 36 21 25 36 22 26 25 40 21
internal_value=-2.7899e-12 -0.000219966 -0.000346043 0.000539518 -0.000250357 -0.00168047 -0.000136117 4.71074e-05 -8.26602e-05 0.00119581 -0.000272703 -0.00087722 0.000131114 -0.000128992 5.23679e-06 0.00111556 0.000337678 0.000282899 0.000722985 5.57313e-05 -8.30208e-05 -0.00109653 0.00023404 -0.000317038 0.000641581 -0.0028152 0.000731296 9.81753e-05 -0.000754716 0.00240879
internal_weight=2351 878 753 125 730 54 676 542 510 66 444 134 1473 652 574 77 821 796 271 525 491 117 374 159 215 47 112 86 61 50
internal_count=2351 878 753 125 730 54 676 542 510 66 444 134 1473 652 574 77 821 796 271 525 491 117 374 159 215 47 112 86 61 50
is_linear=0
shrinkage=0.05


Tree=124
num_leaves=31
num_cat=0
split_feature=4 11 4 0 27 0 1 35 0 0 13 1 27 33 7 0 33 7 32 7 0 0 0 0 14 6 0 10 0 11
split_gain=0.0251587 0.145632 0.0534942 0.0407585 0.0237867 0.0336292 0.0222287 0.204952 0.0204992 0.0476239 0.0615632 0.0414053 0.0552275 0.0563534 0.0456765 0.0802119 0.0631659 0.0832662 0.0528599 0.0693108 0.0494813 0.0715893 0.103846 0.0505308 0.141166 0.0630439 0.0383927 0.0450258 0.0376967 0.123642
threshold=5.5000000000000009 1393.8712796706675 4.5000000000000009 2700.1742160000003 20500.000000000004 900.01607200000001 3.5000000000000004 35.500000000000007 1205.8833550000002 1196.5000000000002 1962.3004318109699 2.5000000000000004 34500.000000000007 1.5000000000000002 1820.9755437584863 1987.4768160000001 1.5000000000000002 851.97827204906525 1.0000000180025095e-35 2447.5332852826732 1258.5000000000002 1316.0185820000004 1363.7442240000003 1987.4768160000001 2968.9106862130179 131.86752606648201 1558.9312285000003 2807.2445636868524 1466.9667460000003 2424.8308781243031
decision_type=2 2 2 2 2 2 2 2 2 2 2 2 2 2 2 2 2 2 2 2 2 2 2 2 2 2 2 2 2 2
left_child=2 -2 3 4 5 -1 8 -8 9 -6 -11 12 13 26 15 16 17 -13 19 -16 -21 -22 -23 25 -25 -24 27 -10 29 -27
right_child=1 -3 -4 -5 6 -7 7 -9 11 10 -12 14 -14 -15 18 -17 -18 -19 -20 20 21 22 23 24 -26 28 -28 -29 -30 -31
leaf_value=-0.0026885047159157694 -0.0014812753516404579 0.0034055023377145368 -0.0022817512168190799 0.0021408469225703318 -5.5095568233970355e-05 3.862507336844619e-05 0.0020432088424318603 -0.0040064626073996936 -0.00017216259027361401 -0.0034502821314769485 0.00021149980735076085 -0.0020201664463412468 0.0020486090179593838 -0.001998586148914436 -0.0019062576484429883 0.0037577991251600907 0.0021201866018652387 0.001129160640181887 -0.0024249640076886864 -0.0023727549589239063 0.0024935454213728891 -0.0033416412686082448 0.0028676013128764075 0.00086672529097657307 -0.0034808824745458412 -0.0035416435031220316 0.002695572386146523 0.0017028123572365276 0.00041087415735459668 0.0014311171125154943
leaf_weight=20 30 31 26 22 1043 26 28 28 111 24 22 41 61 23 48 20 35 43 25 20 31 22 24 43 33 25 20 45 356 25
leaf_count=20 30 31 26 22 1043 26 28 28 111 24 22 41 61 23 48 20 35 43 25 20 31 22 24 43 33 25 20 45 356 25
internal_value=2.00081e-12 0.00100217 -2.66953e-05 -7.98046e-07 -2.18133e-05 -0.00114708 1.75794e-06 -0.000981627 2.74914e-05 -0.000124535 -0.001699 0.000185014 0.000732406 0.000328947 5.0877e-06 0.000827983 0.000335577 -0.000408011 -0.000170345 -8.04484e-05 7.09141e-05 0.000158344 2.12395e-05 0.000167452 -0.00102105 0.000377513 0.000633113 0.000368696 0.000230315 -0.00105526
internal_weight=2351 61 2290 2264 2242 46 2196 56 2140 1089 46 1051 260 199 791 139 119 84 652 627 579 559 528 506 76 430 176 156 406 50
internal_count=2351 61 2290 2264 2242 46 2196 56 2140 1089 46 1051 260 199 791 139 119 84 652 627 579 559 528 506 76 430 176 156 406 50
is_linear=0
shrinkage=0.05


Tree=125
num_leaves=31
num_cat=0
split_feature=0 0 4 1 0 12 0 0 2 0 12 0 11 11 0 0 10 14 0 9 9 14 31 35 0 27 31 0 0 31
split_gain=0.0235528 0.044353 0.0324628 0.0313037 0.0718993 0.0330419 0.0532046 0.0362219 0.0497729 0.0741477 0.033469 0.0347227 0.0296336 0.100547 0.0509852 0.112652 0.0542544 0.0466786 0.0379529 0.0347055 0.0337358 0.0285445 0.0746843 0.0487142 0.0301086 0.0273607 0.0240437 0.0416462 0.0232214 0.0736893
threshold=1112.5555555000003 1100.0127910000003 5.5000000000000009 2.5000000000000004 1567.4939790000001 792.84688806595784 1879.0000000000002 1748.8906385000003 2.5000000000000004 1514.5000000000002 1050.858131951524 2583.4627515000006 2005.6837571219992 2520.6985151014974 1289.6852455000003 1402.9809040000002 3133.7169695525376 2292.8352519860759 1457.5000000000002 1672.1387545976972 70.710450607479757 4104.8456010490618 1.5000000000000002 16.500000000000004 1248.6360105000001 31000.000000000004 2.5000000000000004 1248.6360105000001 1077.5000000000002 1.5000000000000002
decision_type=2 2 2 2 2 2 2 2 2 2 2 2 2 2 2 2 2 2 2 2 2 2 2 2 2 2 2 2 2 2
left_child=1 28 3 4 21 6 7 8 9 -5 -7 12 14 -14 -12 17 18 -16 -17 20 -15 23 24 -2 -23 -20 -25 -28 -1 -30
right_child=2 -3 -4 5 -6 10 -8 -9 -10 -11 11 -13 13 19 15 16 -18 -19 25 -21 -22 22 -24 26 -26 -27 27 -29 29 -31
leaf_value=-0.00019807378652834424 -3.7691637937148862e-06 -0.002183712792962238 0.001997907967660981 -0.0041950437755440368 0.0031254318900209911 0.00088719676092565618 0.00099110372872074186 -0.0032240643733530308 0.00074310671508071892 -0.0003979900547872401 0.002128081310879412 -0.0019697777063613655 -0.0037268885677414279 -0.0011043888643833251 -0.0026955094881529035 0.0019848231595523398 0.0022872860248660284 -0.0001954828695902093 -0.0014625109078434226 -0.0019637500239617152 0.00041102455320686293 0.0012739665145173522 -0.0026055727319804385 0.00065750987789215288 -0.00066125451703555891 0.00026319352881766354 0.00087358362694841716 0.0036164257731288677 -0.0007597830406953826 0.0024698458277712097
leaf_weight=896 154 27 23 20 24 108 33 20 31 36 34 23 21 47 43 29 39 33 26 23 168 44 28 60 37 197 31 25 38 33
leaf_count=896 154 27 23 20 24 108 33 20 31 36 34 23 21 47 43 29 39 33 26 23 168 44 28 60 37 197 31 25 38 33
internal_value=6.62007e-12 -0.000184911 0.000135447 0.000103335 0.000471475 -5.60204e-05 -0.000764051 -0.00130536 -0.000864278 -0.00175408 6.92947e-05 -6.00368e-05 6.51474e-06 -0.000410367 0.000275773 0.000104169 0.000551848 -0.00160997 0.000283269 -0.000117733 7.97481e-05 0.000303414 -0.000379522 0.000579118 0.000389977 6.19903e-05 0.00135295 0.00209807 -0.000129101 0.000741312
internal_weight=2351 994 1357 1334 403 931 140 107 87 56 791 683 660 259 401 367 291 76 252 238 215 379 109 270 81 223 116 56 967 71
internal_count=2351 994 1357 1334 403 931 140 107 87 56 791 683 660 259 401 367 291 76 252 238 215 379 109 270 81 223 116 56 967 71
is_linear=0
shrinkage=0.05


Tree=126
num_leaves=31
num_cat=0
split_feature=31 8 11 7 7 7 33 12 14 2 11 8 32 4 4 29 33 1 2 35 29 7 7 8 11 29 33 1 11 1
split_gain=0.0242775 0.0258312 0.0562974 0.0327353 0.0295846 0.072691 0.0287399 0.058477 0.0702413 0.0363493 0.0739514 0.0268822 0.0388887 0.0348033 0.0297476 0.0382646 0.0255783 0.0259197 0.0234368 0.023365 0.0190736 0.0348815 0.0179308 0.0330096 0.030637 0.0156633 0.0132749 0.0390986 0.0174003 0.0180593
threshold=1.0000000180025095e-35 4743.8420004739874 1496.7359970828786 1002.0063977173372 2447.5332852826732 1972.7522559881568 1.5000000000000002 2119.0331493252602 4104.8456010490618 3.5000000000000004 1723.4050807581389 11204.866315204101 1.0000000180025095e-35 4.5000000000000009 2.5000000000000004 15.782780969002394 1.5000000000000002 2.5000000000000004 2.5000000000000004 35.500000000000007 15.822418243563815 5580.2874172583133 4196.7654162045465 9084.3982528598208 957.4045403257395 15.772912489480397 1.5000000000000002 2.5000000000000004 1037.5659516112248 2.5000000000000004
decision_type=2 2 2 2 2 2 2 2 2 2 2 2 2 2 2 2 2 2 2 2 2 2 2 2 2 2 2 2 2 2
left_child=-1 2 26 16 5 -5 9 8 -8 11 -11 12 13 14 15 22 17 -3 -13 -16 21 -9 -6 24 -24 -20 28 -28 29 -2
right_child=1 3 -4 4 6 -7 7 20 -10 10 -12 18 -14 -15 19 -17 -18 -19 25 -21 -22 -23 23 -25 -26 -27 27 -29 -30 -31
leaf_value=0.0013677958613698138 -0.00027659091141981051 0.0027767898837247722 -0.0026836509816348555 -0.00012687025682053306 0.00045017531967147487 -0.0032350524813712887 0.0034535870816784376 0.00064211589580571115 0.00023822635512000748 -0.0035773793548633834 0.00061874570591109138 -0.00016231632710287161 0.0017973479869611124 -0.0014709756962422815 0.00055349581202285161 -0.0009284067362184741 0.00014515942649825689 0.00063609438798119949 -0.00037074417101821923 0.0024793025350109453 0.00066998488955983995 -0.0015666238474062622 -0.00033397616099809175 0.00012050897780901901 -0.0026388208315308607 -0.0018390003544015762 -0.00077102275830665836 0.0014275261833786202 -5.7537524844519795e-05 -0.0018284715607909388
leaf_weight=32 37 26 26 87 326 24 33 33 35 21 21 320 34 35 63 90 62 31 34 21 57 39 46 538 21 39 42 39 101 38
leaf_count=32 37 26 26 87 326 24 33 33 35 21 21 320 34 35 63 90 62 31 34 21 57 39 46 538 21 39 42 39 101 38
internal_value=4.19195e-13 -1.88743e-05 -0.000466471 4.33408e-05 -6.61105e-06 -0.00079891 4.2085e-05 0.000612116 0.00179862 -2.77075e-05 -0.00147932 1.11997e-05 0.00013102 8.13225e-05 0.00013049 5.60786e-05 0.000848028 0.00161255 -0.000346737 0.00103495 -1.33284e-05 -0.000554285 0.000151249 -9.82531e-06 -0.00105639 -0.00115516 -0.000242165 0.000287538 -0.000485949 -0.00106288
internal_weight=2351 2319 283 2036 1917 111 1806 197 68 1609 42 1567 1174 1140 1105 1021 119 57 393 84 129 72 931 605 67 73 257 81 176 75
internal_count=2351 2319 283 2036 1917 111 1806 197 68 1609 42 1567 1174 1140 1105 1021 119 57 393 84 129 72 931 605 67 73 257 81 176 75
is_linear=0
shrinkage=0.05


Tree=127
num_leaves=31
num_cat=0
split_feature=4 11 4 27 35 32 2 35 22 29 29 1 32 11 1 12 8 28 1 12 11 20 31 31 1 5 25 14 2 6
split_gain=0.0225044 0.130584 0.0465637 0.0194764 0.0171495 0.075617 0.0606278 0.051114 0.0211348 0.0188923 0.0543809 0.0218535 0.0405815 0.0473123 0.0311801 0.0272231 0.0865082 0.0540997 0.0425756 0.0214678 0.0492603 0.0209367 0.017937 0.0150429 0.0149058 0.0148375 0.00895212 0.0118031 0.0150273 0.0107798
threshold=5.5000000000000009 1277.4958569320765 4.5000000000000009 20500.000000000004 20.500000000000004 1.0000000180025095e-35 1.5000000000000002 26.500000000000004 1.0000000180025095e-35 15.474021825875239 15.499187421478508 2.5000000000000004 1.0000000180025095e-35 714.58419441393448 1.5000000000000002 2951.6028602505958 17233.776484567825 1.0000000180025095e-35 3.5000000000000004 3567.3080938173039 2574.8788051521005 1.5000000000000002 1.5000000000000002 2.5000000000000004 2.5000000000000004 1.0000000180025095e-35 1.0000000180025095e-35 2400.6513633733298 2.5000000000000004 1061.3422553870589
decision_type=2 2 2 2 2 2 2 2 2 2 2 2 2 2 2 2 2 2 2 2 2 2 2 2 2 2 2 2 2 2
left_child=2 -2 3 -1 5 -5 -6 -8 -7 23 -11 12 13 22 -15 17 -17 18 21 20 -16 25 -12 -9 -25 26 27 -13 29 -29
right_child=1 -3 -4 4 6 8 7 9 -10 10 11 15 -14 14 19 16 -18 -19 -20 -21 -22 -23 -24 24 -26 -27 -28 28 -30 -31
leaf_value=-0.0010194147339738582 -0.0018282502236543223 0.0028756616592646527 -0.0021291603128282496 -3.8037474131745125e-05 0.0022089765506929588 -0.0011022035405039788 0.0022013749602982509 0.00032987081940518694 -0.0034008325511240404 0.0024591654296576356 5.9123938998347654e-05 0.0010906121470843969 -0.0016103336838288948 -0.00031122868118472981 0.0016324892940759225 -0.0028144476954808594 0.00091423859453893138 0.0023712906637229029 0.0015956732014479537 0.0024216885606829939 2.1564602089215032e-05 -0.001763179620805507 -0.0011757969645090228 -0.00024836676709942128 -0.0016312123590614645 -0.0012541001440695256 -0.00069382984868504788 0.00069673406204160803 -0.00051892960202558163 -0.00036377335325940639
leaf_weight=46 25 36 26 1090 35 20 28 32 20 24 93 23 26 50 103 35 28 22 31 26 88 24 43 38 40 32 55 68 107 37
leaf_count=46 25 36 26 1090 35 20 28 32 20 24 93 23 26 50 103 35 28 22 31 26 88 24 43 38 40 32 55 68 107 37
internal_value=-1.38765e-12 0.000947829 -2.52478e-05 -1.08631e-06 2.00332e-05 -0.000116391 0.000161724 9.36762e-05 -0.00225152 3.61001e-05 0.000110528 4.72651e-05 0.000304236 0.000427756 0.000814407 -0.000191351 -0.00115725 -3.88395e-05 -0.000179484 0.00107377 0.000890283 -0.00033853 -0.000331329 -0.000583005 -0.000957518 -0.000232345 -0.000119599 1.47954e-05 -0.000101921 0.000323031
internal_weight=2351 61 2290 2264 2218 1130 1088 1053 40 1025 915 891 429 403 267 462 63 399 377 217 191 346 136 110 78 322 290 235 212 105
internal_count=2351 61 2290 2264 2218 1130 1088 1053 40 1025 915 891 429 403 267 462 63 399 377 217 191 346 136 110 78 322 290 235 212 105
is_linear=0
shrinkage=0.05


Tree=128
num_leaves=31
num_cat=0
split_feature=0 0 1 27 8 0 9 10 0 6 12 7 6 0 1 35 7 0 0 0 0 8 7 7 0 0 12 11 6 0
split_gain=0.0231716 0.0566944 0.0489562 0.0708841 0.0592923 0.0461836 0.0865127 0.0388431 0.0681856 0.0304352 0.0421784 0.0494826 0.0279161 0.0259678 0.0628927 0.126369 0.0516675 0.0517705 0.0613998 0.0299581 0.0834283 0.108884 0.0514636 0.120678 0.0253728 0.09259 0.0681016 0.0292128 0.0248209 0.0563407
threshold=1258.5000000000002 1284.5000000000002 2.5000000000000004 34500.000000000007 8031.3199608089753 1350.0162655000001 1543.1679208463272 1960.4329745705234 1446.5000000000002 11436.335224182667 4977.4926733018865 3079.2720314118096 4241.4935376937319 2700.1742160000003 3.5000000000000004 35.500000000000007 1471.0819772677123 1567.4939790000001 1449.9057595000002 1974.7873565000002 2070.0000000000005 9872.9806630965559 2605.8626569894686 1972.7522559881568 1474.9204745000002 1446.5000000000002 2119.0331493252602 835.37535345040521 8654.7003549612182 1248.6360105000001
decision_type=2 2 2 2 2 2 2 2 2 2 2 2 2 2 2 2 2 2 2 2 2 2 2 2 2 2 2 2 2 2
left_child=28 -2 3 4 -3 6 12 8 -6 10 13 -12 -4 14 16 -16 17 18 -7 22 -21 -22 23 -18 25 26 -24 -26 29 -1
right_child=1 2 5 -5 7 9 -8 -9 -10 -11 11 -13 -14 -15 15 -17 19 -19 -20 20 21 -23 24 -25 27 -27 -28 -29 -30 -31
leaf_value=-0.00015721697046058831 0.0021824334128348923 -0.0017668804750428535 0.0012848773715086281 0.0035477094225246802 -0.0010788585693659023 0.0021931502898223701 -0.0040617561410181231 0.002754711099745085 0.0017104330069851129 0.0017437742145445486 -0.00018232881005079597 -0.0033166165341390295 -0.0012693101940069187 0.001838078633660362 0.0012959773355925627 -0.0036589413380903762 0.00020126434257970407 0.002616555850084008 -0.0015579538613868257 -0.0028074765338026216 -0.00220535151061735 0.0026353119744901331 -0.00064333155579590368 -0.0043689225148409606 0.0016495868077123855 -0.0033634795271791518 0.0029452874837443237 0.00036833089016590588 0.00050527582270455641 -0.0022847196675684247
leaf_weight=1130 34 24 20 22 39 20 20 24 50 26 34 20 23 21 22 31 52 41 24 33 21 26 39 20 53 20 20 277 133 32
leaf_count=1130 34 24 20 22 39 20 20 24 50 26 34 20 23 21 22 31 52 41 24 33 21 26 39 20 53 20 20 277 133 32
internal_value=-3.42474e-12 0.00017383 0.000107008 0.000913231 0.000490176 -4.15318e-05 -0.00134495 0.000969551 0.000488159 6.11122e-05 4.58869e-06 -0.00134318 -8.1316e-05 0.000105671 5.36245e-05 -0.00160218 0.000189472 0.00133825 0.000147093 1.54158e-05 -0.000880512 0.000472462 0.000164427 -0.00106823 0.000381423 -0.000423465 0.000573149 0.000574108 -0.000141749 -0.000215806
internal_weight=2351 1056 1022 159 137 863 63 113 89 800 774 54 43 720 699 53 646 85 44 561 80 47 481 72 409 79 59 330 1295 1162
internal_count=2351 1056 1022 159 137 863 63 113 89 800 774 54 43 720 699 53 646 85 44 561 80 47 481 72 409 79 59 330 1295 1162
is_linear=0
shrinkage=0.05


Tree=129
num_leaves=31
num_cat=0
split_feature=0 35 35 4 6 0 13 2 0 0 0 0 10 5 0 8 29 35 29 0 29 0 10 0 13 2 10 3 0 4
split_gain=0.0226145 0.0329668 0.0521134 0.0299196 0.0320324 0.0426326 0.0354664 0.0274271 0.0271774 0.0344652 0.0347342 0.0617515 0.0552684 0.027414 0.101446 0.0323032 0.0626621 0.0272301 0.0265794 0.0261541 0.0589914 0.0871184 0.0429837 0.074584 0.0592481 0.0810246 0.108476 0.0493684 0.0350197 0.0526612
threshold=934.50000000000011 57.000000000000007 50.500000000000007 5.5000000000000009 6901.1007683112284 649.00000000000011 1447.556867840123 1.5000000000000002 947.50000000000011 957.39322455000013 999.50049950000005 1000.5561735000001 1392.8371534077144 1.0000000180025095e-35 1184.9170615000003 9482.2885957657036 15.761141961393816 35.500000000000007 15.772912489480397 1657.5000000000002 15.935893486864225 2583.4627515000006 2732.4378386220237 1987.4768160000001 1225.8017281053478 2.5000000000000004 1230.0430918935217 0.87500000000000011 1644.8684210000004 3.5000000000000004
decision_type=2 2 2 2 2 2 2 2 2 2 2 2 2 2 2 2 2 2 2 2 2 2 2 2 2 2 2 2 2 2
left_child=1 2 3 4 6 -6 -1 -2 -9 -10 12 17 -11 19 -15 18 -17 -12 -16 28 21 22 24 -24 27 -26 -27 -21 29 -13
right_child=7 -3 -4 -5 5 -7 -8 8 9 10 11 13 -14 14 15 16 -18 -19 -20 20 -22 -23 23 -25 25 26 -28 -29 -30 -31
leaf_value=0.0015008725924417377 0.0017661828683534016 -0.0015434351184980032 0.0019782016062419171 0.0011531345046344487 -0.0025321424477894924 -0.00032045710410424162 -0.00032094091301557962 0.0016385581674748446 -0.0015857692211284303 -0.00096930226149118462 -0.0031526171225344855 -0.00013574147837501577 0.0019418442853805118 0.0040508037182735287 0.0020309862813779286 -0.002584456680051517 0.001109862636605447 -0.00057474228669889276 -0.0003555580135434866 -0.00014178874353092398 0.0030124898778740319 -0.0026246710456907752 0.0003929433060693555 0.0033388810630346983 0.00077610007921279772 -0.00031979355169797617 -0.0040580248856848036 0.0028125779553046151 -0.0019621427632519044 0.0017842852194302691
leaf_weight=29 24 47 27 34 37 53 339 27 32 23 21 1026 56 20 28 24 22 20 20 26 20 25 70 31 81 69 27 31 25 37
leaf_count=29 24 47 27 34 37 53 339 27 32 23 21 1026 56 20 28 24 22 20 20 26 20 25 70 31 81 69 27 31 25 37
internal_value=3.74301e-13 -0.00027539 -0.000160557 -0.000277928 -0.000384164 -0.00122971 -0.000177374 8.73225e-05 6.44419e-05 3.99315e-05 7.04969e-05 2.06632e-05 0.0010943 7.03137e-05 0.000817215 0.000129218 -0.000817608 -0.00189512 0.00103659 1.23118e-05 0.00036942 0.000222582 0.000435064 0.00129714 6.29705e-05 -0.000388522 -0.00137117 0.00146497 -0.000112413 -6.89108e-05
internal_weight=2351 566 519 492 458 90 368 1785 1761 1734 1702 1623 79 1582 114 94 46 41 48 1468 380 360 335 101 234 177 96 57 1088 1063
internal_count=2351 566 519 492 458 90 368 1785 1761 1734 1702 1623 79 1582 114 94 46 41 48 1468 380 360 335 101 234 177 96 57 1088 1063
is_linear=0
shrinkage=0.05


Tree=130
num_leaves=31
num_cat=0
split_feature=31 8 6 7 7 7 33 12 14 2 13 27 7 32 4 13 33 1 8 2 4 4 6 29 12 29 7 28 6 8
split_gain=0.0215858 0.0214306 0.0658473 0.0286682 0.0264697 0.0644677 0.0239849 0.0516898 0.059914 0.0288942 0.0745378 0.0289407 0.0269949 0.0300779 0.0407437 0.0341836 0.0218625 0.0225435 0.0173119 0.0172035 0.0161927 0.0367426 0.0330895 0.022407 0.0211135 0.0161736 0.0311898 0.0151651 0.013146 0.0170721
threshold=1.0000000180025095e-35 4743.8420004739874 5216.838260267411 1002.0063977173372 2447.5332852826732 1972.7522559881568 1.5000000000000002 2119.0331493252602 4104.8456010490618 3.5000000000000004 2424.4983491015851 56500.000000000007 2808.7420262804576 1.0000000180025095e-35 4.5000000000000009 2267.6204482949502 1.5000000000000002 2.5000000000000004 11204.866315204101 2.5000000000000004 2.5000000000000004 1.5000000000000002 2322.7099172799726 15.772912489480397 1026.8779560412097 15.822418243563815 5580.2874172583133 1.0000000180025095e-35 1061.3422553870589 9084.3982528598208
decision_type=2 2 2 2 2 2 2 2 2 2 2 2 2 2 2 2 2 2 2 2 2 2 2 2 2 2 2 2 2 2
left_child=-1 2 -2 16 5 -5 9 8 -8 11 -11 12 -6 14 18 -15 17 -3 20 -20 21 23 -22 27 -25 26 -9 28 -14 -30
right_child=1 3 -4 4 6 -7 7 25 -10 10 -12 -13 13 15 -16 -17 -18 -19 19 -21 22 -23 -24 24 -26 -27 -28 -29 29 -31
leaf_value=0.0012897417836938985 -0.0027739532119422047 0.0025844951375172693 -0.00017780040114416808 -0.00012441789930844923 -0.0010281027412474941 -0.0030515171199416123 0.003202927209592114 0.00060408477967774333 0.00023332966408426208 -0.0034261532948308051 0.00078657666842142735 0.0014519699232871919 0.00044173896364634296 0.0028214556025341155 -0.0016602411596387677 0.00020179563011466103 0.00014210105385451067 0.00058808054835084948 -0.00016378613503428472 -0.0012738240163889716 0.0001765510765835643 -0.0012997432515282738 0.0025696731649804861 -0.0014495296930721398 -9.3273642871116123e-05 0.00060012838517299345 -0.0014845061124875568 0.0010463255321926644 -0.00077534970225921524 0.00015867194245934029
leaf_weight=32 27 26 256 87 64 24 33 33 35 21 21 34 309 20 37 33 62 31 274 40 52 47 20 33 220 57 39 59 60 265
leaf_count=32 27 26 256 87 64 24 33 33 35 21 21 34 309 20 37 33 62 31 274 40 52 47 20 33 220 57 39 59 60 265
internal_value=-4.70693e-12 -1.77972e-05 -0.00042549 3.88713e-05 -7.87467e-06 -0.000757304 3.81866e-05 0.000558932 0.00167446 -2.55715e-05 -0.00131979 9.11718e-06 -2.28835e-05 2.0911e-05 -2.28603e-05 0.00119035 0.000791913 0.00149873 2.10724e-05 -0.000305192 0.000117267 6.47684e-05 0.000841307 0.000132561 -0.000270177 -2.90979e-05 -0.000527235 0.000279593 0.00020824 -1.37628e-05
internal_weight=2351 2319 283 2036 1917 111 1806 197 68 1609 42 1567 1533 1469 1416 53 119 57 1379 314 1065 993 72 946 253 129 72 693 634 325
internal_count=2351 2319 283 2036 1917 111 1806 197 68 1609 42 1567 1533 1469 1416 53 119 57 1379 314 1065 993 72 946 253 129 72 693 634 325
is_linear=0
shrinkage=0.05


Tree=131
num_leaves=31
num_cat=0
split_feature=0 31 2 9 0 0 13 33 11 0 7 8 0 28 2 7 0 0 28 11 13 0 0 0 0 8 20 4 8 12
split_gain=0.0223293 0.031381 0.0643421 0.104978 0.0434021 0.076448 0.103495 0.0316066 0.125843 0.09808 0.0795658 0.0774108 0.0382747 0.0442398 0.0516594 0.0425863 0.058726 0.0327777 0.0264929 0.0487993 0.0338709 0.0623216 0.0579687 0.0295109 0.125107 0.0342162 0.0323324 0.0279358 0.0623244 0.0347741
threshold=2700.1742160000003 1.0000000180025095e-35 3.5000000000000004 1427.5732307498567 1205.8833550000002 1196.5000000000002 1962.3004318109699 1.5000000000000002 3496.5139281027446 957.39322455000013 2887.0231296723491 15958.982134905558 437.04511395000003 1.0000000180025095e-35 1.5000000000000002 5290.207916256355 1082.5000000000002 713.50000000000011 1.0000000180025095e-35 1393.8712796706675 1962.3004318109699 1384.5000000000002 1567.4939790000001 1248.6360105000001 1255.0245240000002 2995.1232875607502 1.0000000180025095e-35 1.5000000000000002 7937.3485987707609 5192.8337798348539
decision_type=2 2 2 2 2 2 2 2 2 2 2 2 2 2 2 2 2 2 2 2 2 2 2 2 2 2 2 2 2 2
left_child=1 -1 4 -4 5 7 -7 12 9 17 -11 -10 -3 -14 -15 16 -16 -9 23 -20 -21 -22 -23 26 -25 -26 -6 29 -29 -27
right_child=-2 2 3 -5 18 6 -8 8 11 10 -12 -13 13 14 15 -17 -18 -19 19 20 21 22 -24 24 25 27 -28 28 -30 -31
leaf_value=0.0015645433104627075 0.0015173067688010633 -0.0023537984764386371 -0.0046115542319603263 0.00020678511713273252 -6.48691521578089e-05 -0.0045765636448302999 0.00022032858634536917 -0.003262037522812455 0.0048928986099781475 -0.00030368558631429604 0.003549648237059869 0.00096118434429949811 -5.274173604820895e-05 0.00062138189162526814 -0.0040938049827798691 -0.000492580527434652 -0.00078696464467793703 -0.00089319790247827764 0.0028608485959315051 -0.00036895124669097468 0.0028742674316163176 -0.0012438632388511906 0.0015590927414357281 -0.0036025342794702105 -0.0012690861695928773 0.00020250768116050096 0.0023018156020571628 -0.00015596695302519948 0.0032146746651657548 -0.0015373793500475586
leaf_weight=31 24 21 20 26 27 23 22 23 21 37 21 31 793 35 29 46 25 40 24 73 32 35 39 23 41 672 31 32 24 30
leaf_count=31 24 21 20 26 27 23 22 23 21 37 21 31 793 35 29 46 25 40 24 73 32 35 39 23 41 672 31 32 24 30
internal_value=1.58088e-13 -1.56491e-05 -3.69844e-05 -0.00188815 8.61541e-07 -0.000210688 -0.00223142 -0.000129643 0.000491902 -0.000392137 0.00109149 0.00254899 -0.000242949 -0.000195182 -0.00103189 -0.00161053 -0.00256286 -0.00175801 0.00022882 0.000743709 0.000459846 0.00103062 0.00023337 0.000110044 3.31316e-05 0.000137788 0.00120008 0.000213885 0.00128859 0.000128154
internal_weight=2351 2327 2296 46 2250 1167 45 1122 173 121 58 52 949 928 135 100 54 63 1083 203 179 106 74 880 822 799 58 758 56 702
internal_count=2351 2327 2296 46 2250 1167 45 1122 173 121 58 52 949 928 135 100 54 63 1083 203 179 106 74 880 822 799 58 758 56 702
is_linear=0
shrinkage=0.05


Tree=132
num_leaves=31
num_cat=0
split_feature=0 31 2 6 0 0 13 33 11 0 6 7 11 0 0 7 12 1 28 0 3 20 32 0 0 0 31 0 13 0
split_gain=0.0201522 0.0283213 0.0580688 0.05112 0.0391704 0.0689943 0.0934039 0.028525 0.113574 0.0885172 0.0814744 0.0718081 0.0350969 0.0596102 0.0372957 0.0317856 0.0278703 0.0346502 0.047613 0.0311301 0.0295065 0.0508773 0.0341253 0.0382905 0.0657106 0.0332522 0.0279095 0.059424 0.03265 0.0514865
threshold=2700.1742160000003 1.0000000180025095e-35 3.5000000000000004 2951.8766352632442 1205.8833550000002 1196.5000000000002 1962.3004318109699 1.5000000000000002 3496.5139281027446 957.39322455000013 6901.1007683112284 2887.0231296723491 5543.1697981631614 957.39322455000013 437.04511395000003 1224.6781170630586 1370.0449573460471 1.5000000000000002 1.0000000180025095e-35 960.89470265000011 1.6666666666666667 1.0000000180025095e-35 1.0000000180025095e-35 1112.5555555000003 1085.0709515000001 850.06414145000019 2.5000000000000004 726.00000000000011 1504.3652970783648 999.50049950000005
decision_type=2 2 2 2 2 2 2 2 2 2 2 2 2 2 2 2 2 2 2 2 2 2 2 2 2 2 2 2 2 2
left_child=1 -1 4 -4 5 7 -7 12 9 15 -10 -11 14 -14 -3 -9 17 -16 19 -19 21 22 23 24 26 -23 27 -18 -29 -30
right_child=-2 2 3 -5 -6 6 -8 8 10 11 -12 -13 13 -15 16 -17 20 18 -20 -21 -22 25 -24 -25 -26 -27 -28 28 29 -31
leaf_value=0.0014863161986032802 0.0014414414123166354 -0.0022361084148066028 0.00010671927593648435 -0.0032556279320628025 0.0002173788756366623 -0.0043477353842362116 0.00020931215681643648 -0.00018902359044422275 0.0047326922871765093 -0.00028850130305776528 0.00072669919580221182 0.0033721658282004118 -0.0030792209074466622 0.0001551491437692613 0.0003771802415926006 -0.0025217373587656765 -0.0021209625662658767 -0.00084233958891912299 -0.0017977100162004881 0.00014382070128478045 -0.001101169199859755 0.00034052853063460341 0.0017332427758726858 0.0011875248296724394 -0.0032070694415597249 0.0023792844617532361 -0.0015537005375492676 0.0023507535179226619 0.0012368591959300906 -0.0014144023010400513
leaf_weight=31 24 21 20 26 1083 23 22 23 22 37 30 21 28 29 127 40 23 152 66 169 37 36 26 41 20 45 29 23 47 30
leaf_count=31 24 21 20 26 1083 23 22 23 22 37 30 21 28 29 127 40 23 152 66 169 37 36 26 41 20 45 29 23 47 30
internal_value=2.84586e-12 -1.48666e-05 -3.51352e-05 -0.00179374 8.18467e-07 -0.000200154 -0.00211985 -0.000123161 0.000467307 -0.00037253 0.00242154 0.00103691 -0.000230802 -0.00143366 -0.000153937 -0.00167011 -0.000103736 -0.000339449 -0.000574622 -0.000323146 0.000235639 0.000390208 2.31784e-05 -0.000185562 -0.000512867 0.00147317 -0.000158367 0.000170614 0.000697676 0.0002039
internal_weight=2351 2327 2296 46 2250 1167 45 1122 173 121 52 58 949 57 892 63 871 514 387 321 357 320 239 213 172 81 152 123 100 77
internal_count=2351 2327 2296 46 2250 1167 45 1122 173 121 52 58 949 57 892 63 871 514 387 321 357 320 239 213 172 81 152 123 100 77
is_linear=0
shrinkage=0.05


Tree=133
num_leaves=31
num_cat=0
split_feature=4 11 4 0 2 35 4 10 10 0 0 29 0 14 0 12 0 10 27 0 14 2 27 0 8 3 1 0 0 10
split_gain=0.0195088 0.12009 0.0419877 0.0337516 0.0202312 0.166839 0.0215086 0.0316512 0.0382464 0.0305956 0.0255344 0.0875214 0.079732 0.057476 0.0912427 0.0287708 0.0528927 0.0420072 0.0270858 0.02449 0.0633452 0.0363434 0.0667048 0.0620751 0.0253733 0.0225525 0.0535067 0.0529346 0.0412463 0.0276939
threshold=5.5000000000000009 1277.4958569320765 4.5000000000000009 2700.1742160000003 3.5000000000000004 35.500000000000007 2.5000000000000004 2732.4378386220237 1392.8371534077144 981.50000000000011 1888.5534840000003 15.641077194508151 1974.7873565000002 4104.8456010490618 2070.0000000000005 784.51139084700856 1696.5000000000002 1768.3834822763258 20500.000000000004 489.09803920000007 1471.3390789067855 1.5000000000000002 31000.000000000004 713.50000000000011 11420.767028190747 0.87500000000000011 2.5000000000000004 1552.6966365000001 1205.8833550000002 1392.8371534077144
decision_type=2 2 2 2 2 2 2 2 2 2 2 2 2 2 2 2 2 2 2 2 2 2 2 2 2 2 2 2 2 2
left_child=2 -2 3 4 6 -6 10 8 -8 -9 15 -12 -13 14 -14 16 17 25 -17 20 -20 22 24 -23 -21 26 -1 -28 -27 -30
right_child=1 -3 -4 -5 5 -7 7 9 -10 -11 11 12 13 -15 -16 18 -18 -19 19 21 -22 23 -24 -25 -26 28 27 -29 29 -31
leaf_value=0.00067041579202529707 -0.0017796970144845544 0.0027312362372564777 -0.0020213663022821912 0.0019483186029405756 0.0018701469060033562 -0.0040891853181402324 0.0011447118311480153 0.00062740041086306944 -0.0016780522360932083 0.0029945888113053071 0.0028699441792207035 0.0027381880837492648 -0.0027020434150472287 -0.0029029581857764205 0.0014517783587320876 -0.0012173451768665638 -0.0026723992578179326 -0.0018737073917260494 -0.0029355765824457987 0.00084212703530703531 0.00086263885466559317 -0.0027623292952557678 0.0027853143175461275 4.3036001216477676e-05 -0.00094733215614724038 -0.00020789582710546841 -0.0038651432533515621 -0.00034795946488409992 0.0029233242489863191 0.00037932454465392412
leaf_weight=34 25 36 26 22 24 23 24 39 24 21 33 20 20 23 39 44 26 38 23 52 21 20 34 1402 32 140 20 23 20 23
leaf_count=34 25 36 26 22 24 23 24 39 24 21 33 20 20 23 39 44 26 38 23 52 21 20 34 1402 32 140 20 23 20 23
internal_value=1.21573e-12 0.000882493 -2.35075e-05 -5.63848e-07 -1.96876e-05 -0.00104612 2.29074e-06 0.000690322 -0.00026667 0.00145592 -3.33142e-05 0.000631721 -9.24097e-05 -0.000782799 4.37032e-05 -7.93079e-05 -0.000509597 -0.000320896 6.3271e-06 4.0318e-05 -0.00112279 7.35497e-05 0.000916751 3.57939e-06 0.000160428 -9.39472e-05 -0.000811842 -0.00198386 0.000208118 0.00156258
internal_weight=2351 61 2290 2264 2242 47 2195 108 48 60 2087 135 102 82 59 1952 324 298 1628 1584 44 1540 118 1422 84 260 77 43 183 43
internal_count=2351 61 2290 2264 2242 47 2195 108 48 60 2087 135 102 82 59 1952 324 298 1628 1584 44 1540 118 1422 84 260 77 43 183 43
is_linear=0
shrinkage=0.05


Tree=134
num_leaves=31
num_cat=0
split_feature=0 29 31 23 0 29 23 11 0 6 0 27 0 29 0 2 0 8 11 29 0 0 7 7 10 27 0 35 4 8
split_gain=0.0177033 0.0280958 0.0463326 0.0573832 0.0426742 0.26347 0.068293 0.0447085 0.0638656 0.0374608 0.0365163 0.070678 0.017318 0.0432045 0.036325 0.0165839 0.0687609 0.0559474 0.102919 0.0407761 0.0537224 0.030703 0.0402868 0.0296881 0.0247876 0.0159639 0.0157114 0.0140398 0.0678227 0.0361663
threshold=1686.2175495000001 15.999547755737007 2.5000000000000004 1.5000000000000002 1987.4768160000001 15.661599793771133 1.5000000000000002 1925.9166436946286 2200.1410435000003 2752.8846916295956 2070.0000000000005 39000.000000000007 1648.7800585000002 15.747531577263588 1614.5000000000002 1.5000000000000002 776.09689920000017 9482.2885957657036 1532.3776562198675 15.304382388416327 543.00000000000011 800.09699320000016 1972.7522559881568 3181.9319455124019 1839.66842254472 56500.000000000007 875.0218761000001 35.500000000000007 2.5000000000000004 5627.5448485417555
decision_type=2 2 2 2 2 2 2 2 2 2 2 2 2 2 2 2 2 2 2 2 2 2 2 2 2 2 2 2 2 2
left_child=12 2 4 10 6 -6 -2 -7 -9 -8 11 -4 14 -14 15 16 17 19 -19 -1 -21 22 -17 -24 -20 27 -18 -23 29 -29
right_child=1 -3 3 -5 5 7 9 8 -10 -11 -12 -13 13 -15 -16 21 26 18 24 20 -22 25 23 -25 -26 -27 -28 28 -30 -31
leaf_value=-7.437569600405565e-05 0.00072317633926391239 0.0018949076819878359 0.00059386603275520932 -0.0028569714297823935 0.005820615284144879 -0.0021683313557878136 -0.0032100675418041645 -0.0011039424650371077 0.0025468748245064334 -0.00022016715229256079 0.0011836622806084861 -0.002866767961997539 -0.0024594210580980869 0.00042517188919225229 0.001536370664931989 -0.0028375133723867211 0.0029727256865174113 0.0028481144652081035 0.0003012337044294162 -0.0040536851418437438 -0.00047316713660786101 -0.0002227710252147614 0.0007197672466966598 -0.0011295441095717253 -0.001466735220333982 0.00065417335062853486 0.0012126551772070116 0.001998824863472865 0.002544048334810348 -0.00012258445396331935
leaf_weight=51 111 26 36 23 25 20 20 25 23 22 36 25 25 27 36 22 21 36 55 20 22 902 34 60 31 73 32 21 27 464
leaf_count=51 111 26 36 23 25 20 20 25 23 22 36 25 25 27 36 22 21 36 55 20 22 902 34 60 31 73 32 21 27 464
internal_value=7.99028e-12 0.000306722 0.0001939 -0.000611571 0.000586812 0.00143149 7.33827e-05 -0.000182163 0.000645407 -0.00164393 -7.91565e-05 -0.000824427 -6.13757e-05 -0.000961652 -3.6827e-05 -6.70969e-05 0.000296966 -0.000100676 0.000603534 -0.00102448 -0.00217818 -0.000127963 -0.00091143 -0.000460644 -0.000336057 -6.68456e-05 0.00191004 -0.000104069 0.00010505 -3.07296e-05
internal_weight=2351 392 366 120 246 93 153 68 48 42 97 61 1959 52 1907 1871 268 215 122 93 42 1603 116 94 86 1487 53 1414 512 485
internal_count=2351 392 366 120 246 93 153 68 48 42 97 61 1959 52 1907 1871 268 215 122 93 42 1603 116 94 86 1487 53 1414 512 485
is_linear=0
shrinkage=0.05


Tree=135
num_leaves=31
num_cat=0
split_feature=4 6 3 27 4 13 9 9 33 2 27 4 13 35 6 12 13 14 1 1 29 6 20 1 2 12 8 28 10 1
split_gain=0.0178608 0.0197987 0.0360144 0.0328462 0.0251231 0.0351473 0.0265878 0.0591531 0.0240627 0.0676225 0.0582027 0.0415453 0.0447252 0.0295139 0.0359817 0.0646178 0.0261472 0.0657356 0.0368131 0.0218598 0.0201642 0.0172174 0.0295424 0.0170278 0.0326416 0.016782 0.015673 0.0445209 0.0243554 0.0173218
threshold=8.5000000000000018 8654.7003549612182 0.87500000000000011 20500.000000000004 4.5000000000000009 2097.539431296525 2045.8784076634172 1748.888123548825 1.5000000000000002 3.5000000000000004 41000.000000000007 2.5000000000000004 2006.3039207857591 45.500000000000007 1428.7695973592411 3567.3080938173039 1873.2008765259361 1734.7809644690544 2.5000000000000004 2.5000000000000004 15.822418243563815 3609.7209893391178 1.5000000000000002 1.5000000000000002 2.5000000000000004 648.33372676614056 19030.024500459429 1.0000000180025095e-35 2012.607282319846 2.5000000000000004
decision_type=2 2 2 2 2 2 2 2 2 2 2 2 2 2 2 2 2 2 2 2 2 2 2 2 2 2 2 2 2 2
left_child=1 3 -3 -1 6 -6 7 8 9 11 13 16 -13 14 20 -16 18 -18 -5 -17 -10 22 -20 -8 -25 -19 27 28 -4 -30
right_child=-2 2 26 4 5 -7 23 -9 10 -11 -12 12 -14 -15 15 19 17 25 21 -21 -22 -23 -24 24 -26 -27 -28 -29 29 -31
leaf_value=-0.0018261713253405806 0.0013032251488206944 0.0023188810370376577 -0.0014764307602308691 -0.00010559259425043098 -0.0027636333927512171 0.00016512497816057435 -0.00028789854515343902 -0.0024424594312082402 -0.00083531612779812095 -0.0021754050722871073 0.0022284518501003952 0.0029425481717970051 0.00033436725704142685 -0.0015624646936582092 0.0034712600072712772 -0.00050896482946547242 0.0017665542397355917 -0.0011527447234506586 -0.0011659781430653218 0.0011984181716232687 0.00038766908745926161 -0.0019203415697031632 0.00062936894129961729 0.001324455317168031 -0.00014313143102135357 -3.5388982928587468e-05 -0.00045089652205391204 0.0025239145666684794 -0.00011085215792634847 0.0013993401579829234
leaf_weight=26 26 23 20 301 20 21 50 26 70 39 37 22 65 24 21 38 51 35 97 37 65 41 30 100 61 843 59 23 49 31
leaf_count=26 26 23 20 301 20 21 50 26 70 39 37 22 65 24 21 38 51 35 97 37 65 41 30 100 61 843 59 23 49 31
internal_value=3.28292e-12 -1.45737e-05 0.000454637 -5.99455e-05 -3.80153e-05 -0.00126354 -1.35406e-05 -7.444e-05 -4.05367e-05 -0.000120205 0.000375264 -6.62296e-05 0.000993907 0.000106371 0.000279756 0.00101976 -0.000132204 2.14373e-05 -0.000436538 0.000333344 -0.000246471 -0.00102948 -0.00074188 0.000518102 0.000768413 -7.99305e-05 0.000219046 0.0005404 8.41917e-05 0.000474347
internal_weight=2351 2325 205 2120 2094 41 2053 1842 1816 1524 292 1485 87 255 231 96 1398 929 469 75 135 168 127 211 161 878 182 123 100 80
internal_count=2351 2325 205 2120 2094 41 2053 1842 1816 1524 292 1485 87 255 231 96 1398 929 469 75 135 168 127 211 161 878 182 123 100 80
is_linear=0
shrinkage=0.05


Tree=136
num_leaves=31
num_cat=0
split_feature=4 26 4 0 2 10 4 13 0 0 0 12 0 12 13 2 0 23 13 0 20 0 4 12 12 0 0 0 29 0
split_gain=0.0177222 0.108751 0.0371848 0.030565 0.0172189 0.0440284 0.016096 0.0429884 0.0342952 0.0214498 0.0475135 0.0371212 0.0521884 0.0474195 0.0416462 0.0391877 0.034981 0.0257714 0.0468116 0.03422 0.0250667 0.0250495 0.0203132 0.0364575 0.0292566 0.0346674 0.0188241 0.0495638 0.216418 0.104818
threshold=5.5000000000000009 1.0000000180025095e-35 4.5000000000000009 2700.1742160000003 3.5000000000000004 2012.607282319846 2.5000000000000004 1555.0953866026073 1159.0000000000002 1000.5561735000001 999.50049950000005 1354.7017714162462 934.50000000000011 1776.4736629154065 2149.9066304620633 1.5000000000000002 570.50000000000011 1.0000000180025095e-35 1784.5485115047611 1299.9837505000003 1.5000000000000002 755.37182590000009 1.5000000000000002 680.15295442028264 784.51139084700856 847.43026940000016 2298.7290165000004 1974.7873565000002 15.656479841106146 2070.0000000000005
decision_type=2 2 2 2 2 2 2 2 2 2 2 2 2 2 2 2 2 2 2 2 2 2 2 2 2 2 2 2 2 2
left_child=2 -2 3 4 6 -6 9 -8 -9 10 11 15 13 -13 -14 20 -15 18 19 -11 -1 -22 23 -17 -25 -26 27 -19 -29 -30
right_child=1 -3 -4 -5 5 -7 7 8 -10 17 -12 12 14 16 -16 22 -18 26 -20 -21 21 -23 -24 24 25 -27 -28 28 29 -31
leaf_value=0.00075484268634360948 -0.001608343537708816 0.0026607110261517978 -0.0019025296310876281 0.0018537882905961438 -0.0022830605731104263 0.00081213889643549919 0.0025687542659315198 0.00082272951923576844 -0.0012722563308974109 -0.00044371016287746341 -0.0020069579103005096 0.0015177224841467344 0.0025818207489981039 -0.0018235649121093698 -0.00020597705872552028 -0.0029554671050781118 -9.8303180761906308e-05 0.0001476537716801559 -5.8076979104687169e-05 -0.0030619113165206123 -0.0014753987130117479 0.00048724439854187698 -2.8405458402089978e-05 0.00065092606793927109 -0.0029178745076060297 -0.0006785917374924923 -0.0012413245795125311 0.0057449048263065166 -0.0028594123390079901 0.0020791592891328038
leaf_weight=68 26 35 26 22 27 20 22 56 30 26 37 39 37 35 21 28 183 968 328 24 37 29 37 23 25 56 22 21 22 21
leaf_count=68 26 35 26 22 27 20 22 56 30 26 37 39 37 35 21 28 183 968 328 24 37 29 37 23 25 56 22 21 22 21
internal_value=5.01711e-12 0.000841114 -2.24052e-05 -8.1368e-07 -1.90123e-05 -0.000965954 1.26394e-06 0.000596461 9.19205e-05 -2.95369e-05 -0.000266549 -0.00016235 0.00021771 -8.80275e-05 0.00157245 -0.000557463 -0.000375295 7.88732e-05 -0.000275322 -0.00170045 8.11167e-05 -0.000613025 -0.00106379 -0.00135401 -0.000922853 -0.00136973 0.000205899 0.000236751 0.00158435 -0.000447552
internal_weight=2351 61 2290 2264 2242 47 2195 108 86 2087 655 618 315 257 58 303 218 1432 378 50 134 66 169 132 104 81 1054 1032 64 43
internal_count=2351 61 2290 2264 2242 47 2195 108 86 2087 655 618 315 257 58 303 218 1432 378 50 134 66 169 132 104 81 1054 1032 64 43
is_linear=0
shrinkage=0.05


Tree=137
num_leaves=31
num_cat=0
split_feature=4 11 4 0 11 8 2 0 0 35 27 0 0 3 11 0 0 0 4 6 12 11 8 8 0 0 9 4 12 33
split_gain=0.0159943 0.105778 0.0335593 0.0275849 0.0161808 0.0605462 0.0438811 0.0427176 0.0277859 0.0394039 0.0421862 0.0330207 0.0683595 0.0346854 0.0740309 0.0413328 0.0271527 0.0369052 0.0266645 0.0300073 0.0635266 0.0327362 0.0321986 0.0250425 0.0249 0.0667755 0.0387822 0.029313 0.0492198 0.0321491
threshold=5.5000000000000009 1277.4958569320765 4.5000000000000009 2700.1742160000003 1277.4958569320765 5372.939460892886 1.5000000000000002 582.50000000000011 875.0218761000001 46.500000000000007 31000.000000000004 1096.5000000000002 1125.0270445000003 1.6666666666666667 835.37535345040521 1000.5561735000001 1077.5000000000002 1096.5000000000002 2.5000000000000004 19449.296316971115 5053.2835210264657 3496.5139281027446 16281.125873643454 7518.9013512374977 1871.5000000000002 1995.0632380000002 1486.448341835878 1.5000000000000002 1283.9222531083362 1.5000000000000002
decision_type=2 2 2 2 2 2 2 2 2 2 2 2 2 2 2 2 2 2 2 2 2 2 2 2 2 2 2 2 2 2
left_child=2 -2 3 4 6 -6 7 -1 9 10 -8 13 -13 14 15 -10 18 -18 19 20 21 -7 -23 -19 27 -26 -27 28 29 -14
right_child=1 -3 -4 -5 5 16 8 -9 11 -11 -12 12 24 -15 -16 -17 17 23 -20 -21 -22 22 -24 -25 25 26 -28 -29 -30 -31
leaf_value=0.00035072232260265285 -0.0016994652803987266 0.0025341441803094413 -0.0018074031869988315 0.0017610989024185323 -0.0028475085692480206 -0.00055145611343950321 0.001723378155050644 0.0033994994591921568 -0.00073054536750229702 -0.0026311859058859273 -0.00090445070124392914 -0.0027944477459338184 -0.00036072564755570817 -0.00096900054010223943 0.0027990634325477815 0.0016200708170799772 0.0018507801488057936 0.0017019554443488069 0.00069049857556819922 0.0013485786653208462 -0.0031649878036908129 0.0021744757422509239 -0.00050111422983305101 -7.2144114444086666e-06 0.0034327174670761452 0.0012995173344043671 -0.0014944762538146713 -0.0015625866896729788 0.00051717932552763045 -0.0025463298906106503
leaf_weight=27 25 36 26 22 20 427 21 20 45 21 56 21 106 22 45 32 29 22 56 22 22 23 22 829 20 27 23 29 235 20
leaf_count=27 25 36 26 22 20 427 21 20 45 21 56 21 106 22 45 32 29 22 56 22 22 23 22 829 20 27 23 29 235 20
internal_value=-2.62984e-12 0.000799058 -2.1285e-05 -7.73004e-07 -1.80617e-05 -0.000115212 0.000167659 0.00164807 7.14218e-05 -0.000711359 -0.00018777 0.000194162 -4.69112e-06 0.000858386 0.00118791 0.000246334 -7.75768e-05 9.67442e-05 -0.000345763 -0.000458225 -0.00053869 -0.000416278 0.00086641 3.69709e-05 0.000122667 0.000990977 1.42803e-05 -3.3183e-05 8.96776e-05 -0.000707647
internal_weight=2351 61 2290 2264 2242 1472 770 47 723 98 77 625 481 144 122 77 1452 880 572 516 494 472 45 851 460 70 50 390 361 126
internal_count=2351 61 2290 2264 2242 1472 770 47 723 98 77 625 481 144 122 77 1452 880 572 516 494 472 45 851 460 70 50 390 361 126
is_linear=0
shrinkage=0.05


Tree=138
num_leaves=31
num_cat=0
split_feature=4 6 3 27 4 11 10 27 2 1 1 6 13 1 4 13 32 13 8 28 10 1 1 4 6 1 11 2 8 13
split_gain=0.0147111 0.0164469 0.0321273 0.0255928 0.0228287 0.0336438 0.0169638 0.0139937 0.0690241 0.0423849 0.0315346 0.0269374 0.0718784 0.0279864 0.0176345 0.0259355 0.0445205 0.0199114 0.0139141 0.0394075 0.0210958 0.0158807 0.0140602 0.0123656 0.0174912 0.0120664 0.0119702 0.0187416 0.0174793 0.0118221
threshold=8.5000000000000018 8654.7003549612182 0.87500000000000011 20500.000000000004 4.5000000000000009 1460.0031029077293 644.99926629151116 34500.000000000007 3.5000000000000004 3.5000000000000004 2.5000000000000004 711.85380377432296 1910.087600402522 1.5000000000000002 2.5000000000000004 1873.2008765259361 1.0000000180025095e-35 1530.7652713282603 19030.024500459429 1.0000000180025095e-35 2012.607282319846 2.5000000000000004 2.5000000000000004 3.5000000000000004 446.89858853999931 1.5000000000000002 614.7566508407366 2.5000000000000004 7195.9128313317142 1076.2250343069252
decision_type=2 2 2 2 2 2 2 2 2 2 2 2 2 2 2 2 2 2 2 2 2 2 2 2 2 2 2 2 2 2
left_child=1 3 -3 -1 6 -6 -5 8 14 10 11 23 13 -13 15 16 17 25 19 20 -4 -22 -20 24 -9 -8 -12 -28 -29 -27
right_child=-2 2 18 4 5 -7 7 9 -10 -11 26 12 -14 -15 -16 -17 -18 -19 22 -21 21 -23 -24 -25 -26 29 27 28 -30 -31
leaf_value=-0.0016136399007966526 0.0011827461865323132 0.0021751935796245287 -0.0013869532733224333 0.0011683581836405212 -0.0026711017620982603 0.00019432925175698031 0.00074664199735805696 2.601734300785721e-05 -0.0026333340478164181 0.0020477469894103705 -0.00083236498348587373 -0.00054937746199020356 0.0033182056480048541 0.00079055675613095189 0.0011407391706096202 6.7852522968449823e-05 -0.0023829444984181064 -0.00095589678231412659 0.00024580312275440631 0.0023608318287069384 -0.0001317313626380067 0.0013142782143287122 -0.0013089003327947397 0.00069077835353307951 -0.0012012747479418881 -0.00068232289433161405 0.00050162492486459636 -0.0011331568477607075 -4.9832159493234944e-05 1.1332661807216784e-05
leaf_weight=26 26 23 20 30 20 21 37 123 27 28 81 54 24 140 29 764 27 87 33 23 49 31 26 43 38 91 79 58 104 189
leaf_count=26 26 23 20 30 20 21 37 123 27 28 81 54 24 140 29 764 27 87 33 23 49 31 26 43 38 91 79 58 104 189
internal_value=-2.02116e-12 -1.32264e-05 0.000414426 -5.45796e-05 -3.52217e-05 -0.00120344 -1.18914e-05 -2.93939e-05 -0.000132698 0.000138007 6.61355e-05 0.000350483 0.00073692 0.000417585 -7.75372e-05 -0.000107102 -0.00041723 -0.000285858 0.000191912 0.000494698 6.54872e-05 0.000428597 -0.00043932 -6.24747e-05 -0.000263654 -0.000101968 -0.000306518 -0.000129781 -0.000437689 -0.000214105
internal_weight=2351 2325 205 2120 2094 41 2053 2023 1251 772 744 422 218 194 1224 1195 431 404 182 123 100 80 59 204 161 317 322 241 162 280
internal_count=2351 2325 205 2120 2094 41 2053 2023 1251 772 744 422 218 194 1224 1195 431 404 182 123 100 80 59 204 161 317 322 241 162 280
is_linear=0
shrinkage=0.05


Tree=139
num_leaves=31
num_cat=0
split_feature=0 0 3 1 0 14 31 35 0 0 22 2 6 32 0 7 7 14 7 6 0 0 35 0 23 35 0 31 11 0
split_gain=0.0156762 0.0388785 0.0250723 0.024046 0.0530493 0.0252642 0.0669688 0.0427005 0.0280344 0.0267728 0.0214933 0.0701307 0.0464691 0.0373882 0.0441762 0.0341741 0.0356545 0.0322631 0.0316078 0.0315185 0.0188233 0.0334112 0.0400638 0.0340737 0.0829291 0.0524117 0.0317313 0.0362467 0.0270341 0.0257504
threshold=1112.5555555000003 1100.0127910000003 1.6666666666666667 2.5000000000000004 1567.4939790000001 4104.8456010490618 1.5000000000000002 16.500000000000004 1295.5000000000002 1248.6360105000001 1.0000000180025095e-35 2.5000000000000004 19449.296316971115 1.0000000180025095e-35 966.50000000000011 1224.6781170630586 2518.756750137733 2765.7942533029177 2887.0231296723491 446.89858853999931 517.00000000000011 899.50000000000011 46.500000000000007 755.37182590000009 1.0000000180025095e-35 26.500000000000004 934.50000000000011 2.5000000000000004 2953.5179989232156 582.50000000000011
decision_type=2 2 2 2 2 2 2 2 2 2 2 2 2 2 2 2 2 2 2 2 2 2 2 2 2 2 2 2 2 2
left_child=1 2 10 4 5 7 9 -2 -9 -7 11 12 15 14 18 -1 19 -16 -12 -17 -18 23 26 25 -25 29 -23 28 -28 -22
right_child=3 -3 -4 -5 -6 6 -8 8 -10 -11 13 -13 -14 -15 17 16 20 -19 -20 -21 21 22 -24 24 -26 -27 27 -29 -30 -31
leaf_value=0.0011285211675141642 -1.063788063633679e-06 -0.002022238712136944 -0.0014748126934136963 -2.6779749175660096e-05 0.0027132193441502753 0.0012086448801049054 -0.0024615363093159564 0.00089406616216365371 0.0028729008468375964 -0.00061622486698340528 0.00084511824715460251 -0.002804851469745 0.002106327208986675 0.0018218038871771461 0.00010247520455296206 -0.00053586493854203992 -0.0012372895520093154 0.0017003558538617345 -0.00053182631677772037 -0.0031186131893524102 0.0021089242881862447 -0.0025513852028570209 0.00078706679892742877 0.0036604815313088092 -0.00022761356119644917 -0.0020777410678565504 -0.0025576936192810537 0.00077186797287581482 -0.00052265148675515068 -4.7318019335054692e-05
leaf_weight=41 154 27 32 952 24 44 28 96 22 37 51 26 22 33 68 27 40 59 228 21 20 26 42 24 32 25 25 33 47 45
leaf_count=41 154 27 32 952 24 44 28 96 22 37 51 26 22 33 68 27 40 59 228 21 20 26 42 24 32 25 25 33 47 45
internal_value=1.81388e-12 -0.000150855 -9.86038e-05 0.000110501 0.000433197 0.000289573 -0.000353605 0.000547317 0.001263 0.000375062 -5.15036e-05 -0.000277035 -0.000137198 0.000203311 7.17585e-05 -0.000247371 -0.000385975 0.000844798 -0.000280127 -0.00166582 -0.000214854 -8.66488e-05 -0.000556731 0.000470367 0.00143871 -0.000132159 -0.000987567 -0.000600336 -0.00122926 0.000616141
internal_weight=2351 994 967 1357 405 381 109 272 118 81 935 496 470 439 406 448 407 127 279 48 359 319 173 146 56 90 131 105 72 65
internal_count=2351 994 967 1357 405 381 109 272 118 81 935 496 470 439 406 448 407 127 279 48 359 319 173 146 56 90 131 105 72 65
is_linear=0
shrinkage=0.05


Tree=140
num_leaves=31
num_cat=0
split_feature=0 29 31 23 0 23 29 0 6 0 12 0 7 3 9 0 35 0 27 3 31 27 1 0 14 12 0 0 0 0
split_gain=0.0150651 0.0250959 0.0388164 0.0499083 0.0357387 0.256724 0.0631543 0.0616573 0.0529926 0.0329194 0.0627411 0.0239172 0.0222641 0.0230243 0.0478976 0.0145404 0.0393557 0.0322359 0.0124739 0.0124286 0.0384308 0.0183663 0.0318734 0.0599924 0.017885 0.0469158 0.0270209 0.0259686 0.0497692 0.0625645
threshold=1686.2175495000001 15.999547755737007 2.5000000000000004 1.5000000000000002 1987.4768160000001 1.5000000000000002 15.499187421478508 1842.6561770000001 3236.8519763184668 1816.8333335000002 1634.9318991452869 2146.7554030000006 5290.207916256355 0.87500000000000011 2045.8784076634172 1648.7800585000002 35.500000000000007 1614.5000000000002 56500.000000000007 0.58333333333333337 1.5000000000000002 46500.000000000007 2.5000000000000004 899.50000000000011 1237.5194301490008 2951.6028602505958 1010.5000000000001 1466.9667460000003 1303.0000000000002 1089.1293495000002
decision_type=2 2 2 2 2 2 2 2 2 2 2 2 2 2 2 2 2 2 2 2 2 2 2 2 2 2 2 2 2 2
left_child=15 2 4 9 6 8 7 -2 -6 -4 -11 -10 13 -8 -15 17 -17 18 19 20 -1 24 23 -23 25 26 -21 28 29 -27
right_child=1 -3 3 -5 5 -7 12 -9 11 10 -12 -13 -14 14 -16 16 -18 -19 -20 21 -22 22 -24 -25 -26 27 -28 -29 -30 -31
leaf_value=0.0022599970027592712 0.00042390331364003945 0.0017839504486451354 -0.0014748787993147713 -0.0026549845938975722 -0.0024087160603985902 0.0055260329471471222 2.0825031217476674e-05 -0.0034119384719154123 -0.00062139356797117566 0.0022464416952182853 -0.00081233832323433547 0.0016674931421875956 -0.00042166532730334442 0.0032785498859504098 0.00018099050042413487 0.00034345864707324052 -0.0024261115488353308 0.0014478835814063333 0.00056912601252406597 0.00058370797258768491 -0.0004913106836223354 -0.0019493890721576229 -0.0018797769530255418 0.00076725301530085885 -0.00013055516914027457 0.00055923763437114088 0.0028452734202146532 -0.0016618424380960115 0.0023676439701706513 -0.0019556477549485863
leaf_weight=22 20 26 29 23 21 26 29 22 21 30 38 25 32 26 24 29 23 36 75 28 30 31 39 59 1403 79 25 22 22 36
leaf_count=22 20 26 29 23 21 26 29 22 21 30 38 25 32 26 24 29 23 36 75 28 30 31 39 59 1403 79 25 22 22 36
internal_value=3.78189e-13 0.000282946 0.000176318 -0.000560931 0.000535951 0.00130894 6.60923e-05 -0.00158535 -0.000327537 -6.4403e-05 0.000537123 0.000622567 0.000690961 0.00114165 0.00179172 -5.66182e-05 -0.000881544 -3.41241e-05 -6.26395e-05 -8.90217e-05 0.000672704 -0.000111734 -0.000685848 -0.000168479 -6.58756e-05 0.000362169 0.00165048 -6.72699e-05 0.000188793 -0.000228031
internal_weight=2351 392 366 120 246 93 153 42 67 97 68 46 111 79 50 1959 52 1907 1871 1796 52 1744 129 90 1615 212 53 159 137 115
internal_count=2351 392 366 120 246 93 153 42 67 97 68 46 111 79 50 1959 52 1907 1871 1796 52 1744 129 90 1615 212 53 159 137 115
is_linear=0
shrinkage=0.05


Tree=141
num_leaves=31
num_cat=0
split_feature=0 0 3 1 0 0 0 29 29 7 6 13 35 9 0 0 0 0 10 7 11 0 31 11 0 7 11 9 0 0
split_gain=0.0139062 0.0348768 0.0225165 0.0214227 0.0448807 0.0227298 0.125543 0.0528354 0.0293776 0.048781 0.0400527 0.0537714 0.0288747 0.0181268 0.058914 0.0359119 0.0347969 0.0735855 0.0547922 0.0609594 0.0379549 0.0235235 0.0242063 0.0186055 0.0618017 0.0382775 0.0337393 0.0311638 0.018502 0.0393392
threshold=1112.5555555000003 1100.0127910000003 1.6666666666666667 2.5000000000000004 1567.4939790000001 1378.0459365000004 1343.8423410000003 15.747531577263588 15.661599793771133 4196.7654162045465 804.96188215530174 1076.2250343069252 39.500000000000007 1648.6474164390463 800.09699320000016 750.14735255000016 1096.5000000000002 1085.0709515000001 3788.6061743663627 8941.8691120046224 3232.8796469536833 900.26453945000014 2.5000000000000004 1277.4958569320765 1000.5561735000001 2605.8626569894686 614.7566508407366 266.45625799151134 517.00000000000011 619.50000000000011
decision_type=2 2 2 2 2 2 2 2 2 2 2 2 2 2 2 2 2 2 2 2 2 2 2 2 2 2 2 2 2 2
left_child=1 2 13 4 5 6 8 -7 -2 10 -10 -12 -11 16 15 -15 17 18 20 -20 23 -16 -23 24 26 -25 -1 -28 -27 -30
right_child=3 -3 -4 -5 -6 7 -8 -9 9 12 11 -13 -14 14 21 -17 -18 -19 19 -21 -22 22 -24 25 -26 28 27 -29 29 -31
leaf_value=-0.00067476089495613952 0.00077501278602092928 -0.0019145443750959305 -0.0013967763654363808 -2.5500413121259014e-05 0.0025058103346964344 -0.0026386780104422497 0.003926767381684234 0.00042102185272893243 7.8416078461913822e-05 -0.00029520250719672608 -0.00045588746042681281 -0.003655365547941377 0.0016953088623459303 0.00014502971474005766 0.0022329500941902685 -0.002405926597500432 -0.0022054466023109852 0.0028259332614695831 -0.0034519195910364107 6.0294659342616797e-06 0.0015458274752433812 0.0016441709703455369 -0.00031822793667247014 -0.001990197621671541 0.0024343008474845972 -0.0012960817362181844 3.9989333475075129e-05 0.0023052347646708685 0.0012596672903647291 -0.00028502857011164398
leaf_weight=103 118 27 32 952 24 21 24 43 49 35 29 24 38 37 35 22 20 21 26 25 35 30 33 32 28 35 49 22 47 335
leaf_count=103 118 27 32 952 24 21 24 43 49 35 29 24 38 37 35 22 20 21 26 25 35 30 33 32 28 35 49 22 47 335
internal_value=-6.35853e-13 -0.000142084 -9.25941e-05 0.000104076 0.000408661 0.000276557 0.000450083 -0.000582942 0.000165304 -0.000245814 -0.000952031 -0.00190471 0.000740954 -4.7959e-05 0.000442118 -0.000806174 -0.000146856 -9.254e-05 -0.000175699 -0.00175685 -5.81498e-05 0.00119364 0.000616248 -0.000144385 0.000254132 -0.000323673 -9.66996e-05 0.000741896 -0.000195787 -9.49744e-05
internal_weight=2351 994 967 1357 405 381 317 64 293 175 102 53 73 935 157 59 778 758 737 51 686 98 63 651 202 449 174 71 417 382
internal_count=2351 994 967 1357 405 381 317 64 293 175 102 53 73 935 157 59 778 758 737 51 686 98 63 651 202 449 174 71 417 382
is_linear=0
shrinkage=0.05


Tree=142
num_leaves=31
num_cat=0
split_feature=10 4 11 4 5 33 13 29 32 27 33 31 12 10 27 8 7 1 11 13 2 7 27 12 4 12 7 1 3 7
split_gain=0.0125743 0.018413 0.0816967 0.0408721 0.0121128 0.0736524 0.0672804 0.0792952 0.0336054 0.0897681 0.0201813 0.0448415 0.0550068 0.084247 0.0320456 0.0494022 0.0824869 0.0253704 0.0226263 0.0629053 0.0179451 0.0152107 0.0142725 0.0127992 0.0175004 0.0271181 0.0270023 0.0232717 0.0113386 0.0205982
threshold=644.99926629151116 5.5000000000000009 1277.4958569320765 4.5000000000000009 1.0000000180025095e-35 1.5000000000000002 2288.2725409247787 15.999547755737007 1.0000000180025095e-35 37000.000000000007 1.5000000000000002 2.5000000000000004 5655.4917333368712 3115.9073742358719 34500.000000000007 10111.486730562714 1002.0063977173372 2.5000000000000004 8071.2529632599571 2267.6204482949502 3.5000000000000004 2887.0231296723491 41000.000000000007 4977.4926733018865 2.5000000000000004 680.15295442028264 4145.7474345355831 2.5000000000000004 0.70833333333333337 4196.7654162045465
decision_type=2 2 2 2 2 2 2 2 2 2 2 2 2 2 2 2 2 2 2 2 2 2 2 2 2 2 2 2 2 2
left_child=-1 3 -3 4 8 6 -6 -8 10 -10 11 20 13 22 15 16 -12 -18 19 -17 23 -16 -13 24 25 28 27 -26 -2 -30
right_child=1 2 -4 -5 5 -7 7 -9 9 -11 14 12 -14 -15 21 18 17 -19 -20 -21 -22 -23 -24 -25 26 -27 -28 -29 29 -31
leaf_value=0.00098437411611485004 -0.0013491766920889774 -0.0014087405681493693 0.0023573523248261257 -0.0020470111863687634 1.5910488420761086e-05 -0.0015793234497929614 0.0040291922613202285 -3.5267584025859832e-05 -0.002614483255092637 0.0013057087912507681 0.00035555886267199337 -0.00042934979644688445 0.0012065522002932781 -0.0037519811264549695 0.00071230736688118095 0.0003899330198764801 -0.0033493337997545802 -0.00096962113692868686 -4.1915595065802339e-05 0.0034220689639019282 0.0013889195242275795 0.002593607909650365 -0.0015006302892671605 -0.00060828024552508019 0.00087477842307820625 7.9191225942328535e-05 0.0022845202524747169 -0.0010256087630599118 -0.0012496239483320657 0.00024162463276042488
leaf_weight=32 42 24 36 25 72 36 30 20 40 23 96 171 34 24 22 50 24 21 40 26 24 21 38 79 49 1111 21 24 39 57
leaf_count=32 42 24 36 25 72 36 30 20 40 23 96 171 34 24 22 50 24 21 40 26 24 21 38 79 49 1111 21 24 39 57
internal_value=-2.14908e-12 -1.35834e-05 0.000850915 -3.65449e-05 -1.40464e-05 0.000407977 0.000994393 0.00240341 -4.61657e-05 -0.0011833 -1.05772e-05 -7.683e-05 -0.000672163 -0.00094631 0.000367726 0.000156348 -0.000472428 -0.0022388 0.000920636 0.00142724 3.30966e-05 0.00163108 -0.000624128 1.02135e-05 4.65955e-05 -2.91969e-06 0.000704516 0.000249994 -0.000663972 -0.000364195
internal_weight=2351 2319 60 2259 2234 158 122 50 2076 63 2013 1713 267 233 300 257 141 45 116 76 1446 43 209 1422 1343 1249 94 73 138 96
internal_count=2351 2319 60 2259 2234 158 122 50 2076 63 2013 1713 267 233 300 257 141 45 116 76 1446 43 209 1422 1343 1249 94 73 138 96
is_linear=0
shrinkage=0.05


Tree=143
num_leaves=31
num_cat=0
split_feature=0 8 0 7 8 8 8 0 0 7 3 0 6 0 11 0 29 0 3 31 35 0 0 0 35 0 0 10 10 29
split_gain=0.0129108 0.0223374 0.0285628 0.031269 0.0328149 0.0570562 0.0329746 0.0429329 0.0655211 0.0387886 0.0508543 0.0457645 0.0292051 0.0268254 0.0231881 0.0135226 0.0382422 0.0286404 0.0104756 0.0343561 0.0136129 0.0328061 0.050311 0.067972 0.0304441 0.0155834 0.0754998 0.125969 0.0975382 0.0594053
threshold=1686.2175495000001 4743.8420004739874 2583.4627515000006 1274.7267606423795 6583.8229560007576 5372.939460892886 8434.1068477922436 2070.0000000000005 1974.7873565000002 5290.207916256355 0.87500000000000011 1769.5726550000002 3493.988231602309 1905.0139240000003 2898.2274653590653 1648.7800585000002 15.747531577263588 1614.5000000000002 0.58333333333333337 1.5000000000000002 61.500000000000007 899.50000000000011 1210.0129645000002 1446.5000000000002 55.500000000000007 1437.9297325000002 1350.0162655000001 1960.4329745705234 3133.7169695525376 15.747531577263588
decision_type=2 2 2 2 2 2 2 2 2 2 2 2 2 2 2 2 2 2 2 2 2 2 2 2 2 2 2 2 2 2
left_child=15 13 3 -3 5 -5 -6 8 9 10 -8 -12 -11 -2 -9 17 -17 18 19 -1 24 -22 -23 -24 25 26 -20 29 -29 -28
right_child=1 2 -4 4 6 -7 7 14 -10 12 11 -13 -14 -15 -16 16 -18 -19 20 -21 21 22 23 -25 -26 -27 27 28 -30 -31
leaf_value=0.0021429297165013851 -0.0021525807399302723 0.0023955848385369231 -0.001108144963930907 0.00021323568798834459 -0.0013027142890838577 0.0034013392970613809 -9.9699450705278039e-05 0.002979189884804544 -0.0021898616254994916 -0.0019376020149692247 0.00071032757238884061 0.0040112819705557618 0.00044821834769742241 0.00035121010150760415 0.00062951311341575579 -0.0022570770144811833 0.00045680770846148435 0.0013661930237301731 -0.00010412693576830221 -0.00045843751458354143 -0.0019052944729885308 0.0012277925440973446 -0.0028122732336799214 0.0007037800680673509 0.0017284491603883605 -0.00040979519878691712 -0.0021258642638309136 0.0047250344177882653 0.00050835338770411915 0.0012565921694040298
leaf_weight=22 20 21 29 36 34 23 42 21 28 23 21 21 29 23 21 25 27 36 1283 30 34 41 28 27 24 274 27 32 24 25
leaf_count=22 20 21 29 36 34 23 42 21 28 23 21 21 29 23 21 25 27 36 1283 30 34 41 28 27 24 274 27 32 24 25
internal_value=-5.67144e-12 0.000261936 0.00039442 0.00053059 0.000399604 0.00145606 0.000139893 0.000377993 1.2706e-05 0.000466176 0.00113055 0.0023608 -0.000607048 -0.000813344 0.00180435 -5.24139e-05 -0.000847945 -3.07214e-05 -5.75995e-05 0.000642141 -7.76031e-05 -0.000570632 -9.79385e-05 -0.00108621 -3.96554e-05 -6.51416e-05 2.74852e-06 0.00127239 0.00291789 -0.000499683
internal_weight=2351 392 349 320 299 59 240 206 164 136 84 42 52 43 42 1959 52 1907 1871 52 1819 130 96 55 1689 1665 1391 108 56 52
internal_count=2351 392 349 320 299 59 240 206 164 136 84 42 52 43 42 1959 52 1907 1871 52 1819 130 96 55 1689 1665 1391 108 56 52
is_linear=0
shrinkage=0.05


Tree=144
num_leaves=31
num_cat=0
split_feature=0 8 8 32 2 29 31 35 31 0 0 2 9 35 20 0 0 0 0 29 2 9 4 10 0 31 12 0 0 0
split_gain=0.0118441 0.0601514 0.0549944 0.105714 0.0523354 0.0496416 0.0363685 0.0415254 0.0289208 0.0261008 0.0214227 0.0489066 0.0911929 0.0282549 0.0416975 0.0396126 0.0856952 0.0595867 0.055775 0.0505565 0.0500502 0.0692947 0.0507473 0.0447969 0.0414084 0.0370453 0.0350678 0.0302593 0.122475 0.0522536
threshold=800.09699320000016 15958.982134905558 8298.841923319018 1.0000000180025095e-35 1.5000000000000002 15.737682447779092 2.5000000000000004 28.500000000000004 1.0000000180025095e-35 649.00000000000011 2700.1742160000003 3.5000000000000004 1427.5732307498567 35.500000000000007 1.5000000000000002 1303.0000000000002 1295.5000000000002 1424.5000000000002 1466.9667460000003 15.999547755737007 2.5000000000000004 1543.1679208463272 1.5000000000000002 2012.607282319846 1354.5067750000001 2.5000000000000004 792.84688806595784 1850.0693800000001 2002.5000000000002 1733.7388950000002
decision_type=2 2 2 2 2 2 2 2 2 2 2 2 2 2 2 2 2 2 2 2 2 2 2 2 2 2 2 2 2 2
left_child=1 2 5 6 -2 9 7 -4 -6 -1 11 13 -13 15 27 16 19 24 23 -10 21 -20 26 -19 -17 -26 -22 29 -29 -15
right_child=4 -3 3 -5 8 -7 -8 -9 10 -11 -12 12 -14 14 -16 17 -18 18 20 -21 22 -23 -24 -25 25 -27 -28 28 -30 -31
leaf_value=-0.0013063354532641825 0.0017718145980325064 -0.0029329053492983806 -1.9776276818256043e-05 0.0036295769609172241 -0.0018831490818411113 -0.0029478207119469657 0.0013407949116812326 -0.0022794482487067096 -0.0001715070289536057 0.00053617993426333013 0.0015448553042243358 -0.0041392225027084353 0.00035161861361792459 0.00021947891383751326 0.0020745080590131694 0.00030362168207648211 -0.003579857018776238 -0.0033101402752270755 0.00033381639929887442 -0.0026109553693624385 -0.0025161395115511761 0.0029153450632527951 0.0020001561513968875 -0.00015422587293078719 0.0011321472636024869 0.0038739176551726737 -0.00036182515701666684 -0.003345799387002794 0.0015556171303614974 0.002434346912091964
leaf_weight=40 43 20 133 22 20 26 39 24 614 37 23 20 26 544 32 50 20 22 161 22 21 31 21 23 28 22 188 26 25 28
leaf_count=40 43 20 133 22 20 26 39 24 614 37 23 20 26 544 32 50 20 22 161 22 21 31 21 23 28 22 188 26 25 28
internal_value=-8.40902e-12 -0.000272468 -0.000106708 0.000343141 4.62246e-05 -0.00105882 -2.57449e-05 -0.000365204 8.50202e-06 -0.000420971 2.79335e-05 9.79978e-06 -0.00160092 4.9253e-05 0.000314263 -9.26778e-05 -0.000357231 0.000213401 -2.37878e-05 -0.00025589 0.000154648 0.000750626 -0.000342864 -0.00169712 0.00132107 0.00233853 -0.000578287 0.000223849 -0.000943144 0.000327899
internal_weight=2351 341 321 218 2010 103 196 157 1967 77 1947 1924 46 1878 655 1223 656 567 467 636 422 192 230 45 100 50 209 623 51 572
internal_count=2351 341 321 218 2010 103 196 157 1967 77 1947 1924 46 1878 655 1223 656 567 467 636 422 192 230 45 100 50 209 623 51 572
is_linear=0
shrinkage=0.05


Tree=145
num_leaves=31
num_cat=0
split_feature=6 0 0 0 1 29 4 4 11 0 2 4 11 0 0 10 1 6 12 0 14 0 6 5 0 12 0 12 0 0
split_gain=0.0126401 0.0236463 0.0376303 0.105127 0.0315899 0.0268194 0.018291 0.0240429 0.0504283 0.0216166 0.0497623 0.0210399 0.0479064 0.0524329 0.0196476 0.0364876 0.0224223 0.054313 0.0405166 0.0599667 0.0443181 0.0433354 0.0339564 0.0662892 0.0536543 0.0301341 0.0921802 0.0251088 0.0238696 0.0246059
threshold=8654.7003549612182 649.00000000000011 1284.5000000000002 1402.9809040000002 2.5000000000000004 15.772912489480397 8.5000000000000018 4.5000000000000009 1544.901596191916 2700.1742160000003 3.5000000000000004 2.5000000000000004 1393.8712796706675 1196.5000000000002 1050.5609395000004 3788.6061743663627 2.5000000000000004 3177.475161145218 4553.2809655592973 1112.5555555000003 2852.2268947698076 1316.0185820000004 932.24764698187471 1.0000000180025095e-35 1141.0000000000002 784.51139084700856 1500.0551510000003 680.15295442028264 2178.9090910000004 1350.0162655000001
decision_type=2 2 2 2 2 2 2 2 2 2 2 2 2 2 2 2 2 2 2 2 2 2 2 2 2 2 2 2 2 2
left_child=6 -2 4 -4 5 -3 7 9 -9 10 11 14 -13 -14 15 -1 17 22 19 -19 -21 -22 23 24 -16 26 -18 -28 29 -27
right_child=1 2 3 -5 -6 -7 -8 8 -10 -11 -12 12 13 -15 16 -17 25 18 -20 20 21 -23 -24 -25 -26 28 27 -29 -30 -31
leaf_value=-0.00017841748938328544 -0.00083847753138637502 9.2918906571307723e-05 -0.0033509464585222306 0.00087209388605385496 0.0028174983531547089 0.0020857385136187081 0.0014685915043810384 -0.0025861659230604012 0.00068073834603031482 0.0015339825947938319 -0.0018106608926199187 0.0028922530217096211 0.00095346026884561238 -0.0019834304222881441 -0.0019224362904103202 -0.0018606192309080678 -0.0037698930954899301 -0.0023193236934398679 0.00086797344638152698 0.0003569906496374833 -0.0031958135178501838 5.6245881742576049e-05 0.0014561166688799858 0.0028077005594968796 0.00067364925119666927 -0.0005962783865503629 0.00070003631110519696 -0.0011496758778775985 -0.0014353870707391591 0.0002271160298701262
leaf_weight=621 34 52 20 56 24 25 20 27 21 22 39 20 55 21 34 34 22 37 74 129 20 21 125 20 48 110 43 32 27 518
leaf_count=621 34 52 20 56 24 25 20 27 21 22 39 20 55 21 34 34 22 37 74 129 20 21 125 20 48 110 43 32 27 518
internal_value=1.56831e-12 0.000369219 0.000601206 -0.000239233 0.00123362 0.000739938 -3.64043e-05 -5.06024e-05 -0.0011569 -2.4974e-05 -4.17043e-05 -7.39831e-06 0.000714931 0.000141951 -4.3609e-05 -0.000265738 7.18627e-05 0.00032849 -0.000136186 -0.000495161 -9.81371e-05 -0.00153012 0.000903705 0.000226729 -0.000402776 -0.000101497 -0.000923976 -8.91742e-05 2.03054e-05 8.28909e-05
internal_weight=2351 211 177 76 101 77 2140 2120 48 2072 2050 2011 96 76 1915 655 1260 508 281 207 170 41 227 102 82 752 97 75 655 628
internal_count=2351 211 177 76 101 77 2140 2120 48 2072 2050 2011 96 76 1915 655 1260 508 281 207 170 41 227 102 82 752 97 75 655 628
is_linear=0
shrinkage=0.05


Tree=146
num_leaves=31
num_cat=0
split_feature=10 4 14 4 35 33 2 6 32 27 9 14 24 7 3 7 10 8 33 14 14 4 14 1 6 32 27 6 28 7
split_gain=0.0128664 0.0159007 0.0652939 0.035514 0.0125545 0.0458487 0.0411565 0.0567697 0.0401709 0.0309536 0.0211433 0.0229986 0.0204292 0.0192274 0.0289856 0.0145987 0.0405781 0.0142255 0.016195 0.0185224 0.0136531 0.0216604 0.0277726 0.0732977 0.0327904 0.0310607 0.0255764 0.0205048 0.0491579 0.0199548
threshold=644.99926629151116 5.5000000000000009 4385.9322346861582 4.5000000000000009 14.500000000000002 1.0000000180025095e-35 1.5000000000000002 3493.988231602309 1.0000000180025095e-35 56500.000000000007 70.710450607479757 1322.8141680714064 1.0000000180025095e-35 4196.7654162045465 0.70833333333333337 17403.071707761894 7884.4040376027233 9084.3982528598208 1.5000000000000002 1237.5194301490008 1322.8141680714064 2.5000000000000004 6172.3799088195456 2.5000000000000004 4394.5509640983064 1.0000000180025095e-35 35500.000000000007 932.24764698187471 1.0000000180025095e-35 3817.3268875840326
decision_type=2 2 2 2 2 2 2 2 2 2 2 2 2 2 2 2 2 2 2 2 2 2 2 2 2 2 2 2 2 2
left_child=-1 3 -3 4 8 -6 7 -7 17 12 -9 -12 15 -14 -15 16 20 -2 19 -19 -8 22 25 24 -24 27 -23 29 -29 -22
right_child=1 2 -4 -5 5 6 9 10 -10 -11 11 -13 13 14 -16 -17 -18 18 -20 -21 21 26 23 -25 -26 -27 -28 28 -30 -31
leaf_value=0.0009957429003407015 -0.0006779700747983953 0.0022319950670113462 -0.0010965611342376529 -0.0019091376448050143 -0.0023219169082585723 0.0033959871751721954 0.000706980312794545 -0.00016446836491747506 -0.0021326057397975371 0.0017577566681429746 0.00036868777717851726 0.0025576089210517239 -0.0019712085793302816 -0.0013488502369520055 0.00036377061932095484 0.0010953334363875912 -0.0018032936761543776 -0.00082575764343444558 0.00088096212180655302 4.4050114478019471e-05 -0.00060149157084197222 0.0023274923364321391 -0.00073954046994280679 -0.0030594461442281801 0.0016074283481099306 0.0013865465184719099 0.00024815846793353557 3.3516869003831855e-05 0.0019309448977322874 0.00032710138968864978
leaf_weight=32 96 34 26 25 20 20 76 57 26 25 30 20 22 42 60 32 30 74 46 354 224 21 46 27 22 41 50 659 36 78
leaf_count=32 96 34 26 25 20 20 76 57 26 25 30 20 22 42 60 32 30 74 46 354 224 21 46 27 22 41 50 659 36 78
internal_value=-6.442e-12 -1.37403e-05 0.000789621 -3.50779e-05 -1.41059e-05 5.73922e-05 8.68027e-05 0.000950849 -0.000210606 1.32051e-05 0.000493814 0.00124426 -1.65451e-05 -0.000630581 -0.000341426 4.01915e-05 1.4417e-05 -0.000122935 -1.05233e-05 -0.000106337 5.70196e-05 1.59922e-05 -3.70968e-05 -0.000855374 1.9773e-05 3.77937e-05 0.000863173 -1.76716e-05 0.000131801 -0.000361656
internal_weight=2351 2319 60 2259 2234 1638 1618 127 596 1491 107 50 1466 124 102 1342 1310 570 474 428 1280 1204 1133 95 68 1038 71 997 695 302
internal_count=2351 2319 60 2259 2234 1638 1618 127 596 1491 107 50 1466 124 102 1342 1310 570 474 428 1280 1204 1133 95 68 1038 71 997 695 302
is_linear=0
shrinkage=0.05


Tree=147
num_leaves=31
num_cat=0
split_feature=0 8 0 7 8 8 8 0 0 7 3 7 27 0 11 0 9 0 27 2 0 8 6 6 0 33 13 7 11 8
split_gain=0.0115658 0.0198469 0.026853 0.0279077 0.0312314 0.0542332 0.0309176 0.0396539 0.0578213 0.0338168 0.0474814 0.0424335 0.0266615 0.0246019 0.0203746 0.0123405 0.0346396 0.024971 0.0136216 0.0133514 0.0565914 0.0453284 0.0799526 0.0350803 0.0613069 0.0322458 0.0232493 0.0230496 0.0298884 0.0209107
threshold=1686.2175495000001 4743.8420004739874 2583.4627515000006 1274.7267606423795 6583.8229560007576 5372.939460892886 8434.1068477922436 2070.0000000000005 1974.7873565000002 5290.207916256355 0.87500000000000011 2808.7420262804576 24500.000000000004 1905.0139240000003 2898.2274653590653 1648.7800585000002 878.63878085635713 1614.5000000000002 56500.000000000007 1.5000000000000002 776.09689920000017 9482.2885957657036 3177.475161145218 8654.7003549612182 570.50000000000011 1.0000000180025095e-35 1076.2250343069252 17800.451696724846 8948.6486533259031 11396.267524933008
decision_type=2 2 2 2 2 2 2 2 2 2 2 2 2 2 2 2 2 2 2 2 2 2 2 2 2 2 2 2 2 2
left_child=15 13 3 -3 5 -5 -6 8 9 10 -8 -12 -11 -2 -9 17 -17 18 19 20 21 23 -23 24 -1 -21 -24 28 -27 -28
right_child=1 2 -4 4 6 -7 7 14 -10 12 11 -13 -14 -15 -16 16 -18 -19 -20 25 -22 22 26 -25 -26 27 29 -29 -30 -31
leaf_value=-0.0039646890992298721 -0.0020481843256857247 0.0022667346117530196 -0.0010841014891349037 0.00020004456697885568 -0.0012691728873452284 0.0033082768806944728 -0.0001352145468228541 0.0028303387929641067 -0.0020618961866213279 0.00070241014675601673 0.00065301663624787966 0.0038315723450588327 -0.0015771517623165733 0.00034959676014968075 0.0006278167557736327 0.00082278371672146018 -0.001829794308378041 0.0012754765955226809 0.00060620837654763217 0.0018072594677852024 0.0017073925256175606 0.0033214375288003967 0.0013682157596287487 0.00023482694586336213 -0.00049446793871798687 -0.00015613574683395054 8.3857528786918719e-05 0.0015204987302422524 -0.0017504841599050754 -0.0016651870151981711
leaf_weight=20 20 21 29 36 34 23 42 21 28 23 21 21 29 23 21 20 32 36 75 21 53 21 22 37 35 1458 54 20 30 25
leaf_count=20 20 21 29 36 34 23 42 21 28 23 21 21 29 23 21 20 32 36 75 21 53 21 22 37 35 1458 54 20 30 25
internal_value=3.92851e-12 0.000247916 0.000372797 0.000504828 0.000381082 0.00141173 0.000127715 0.00035827 7.20913e-06 0.000433201 0.00105354 0.00224229 -0.000568884 -0.00076565 0.00172908 -4.96086e-05 -0.000809572 -2.88859e-05 -5.39832e-05 -8.15525e-05 0.000244681 -0.000117579 0.000514341 -0.00095556 -0.00175637 -0.000138521 -6.93131e-05 -0.000165617 -0.00018828 -0.000469638
internal_weight=2351 392 349 320 299 59 240 206 164 136 84 42 52 43 42 1959 52 1907 1871 1796 267 214 122 92 55 1529 101 1508 1488 79
internal_count=2351 392 349 320 299 59 240 206 164 136 84 42 52 43 42 1959 52 1907 1871 1796 267 214 122 92 55 1529 101 1508 1488 79
is_linear=0
shrinkage=0.05


Tree=148
num_leaves=31
num_cat=0
split_feature=13 13 31 0 0 0 1 0 6 35 0 0 33 0 0 0 0 35 0 0 0 0 5 0 14 0 12 8 8 1
split_gain=0.0110258 0.0443967 0.0420398 0.0481083 0.029705 0.0427045 0.0342969 0.0556322 0.0405373 0.0508058 0.029277 0.0429683 0.0244912 0.0405568 0.0835994 0.0648868 0.0380897 0.0289794 0.0309994 0.035909 0.0534032 0.0537065 0.0243172 0.0269364 0.0693859 0.0370192 0.0588478 0.0235479 0.0261026 0.0287514
threshold=1873.2008765259361 2006.3039207857591 1.0000000180025095e-35 517.00000000000011 1077.5000000000002 1092.1720980000002 2.5000000000000004 953.50000000000011 19449.296316971115 54.500000000000007 619.50000000000011 713.50000000000011 1.5000000000000002 1417.9339625000002 1558.9312285000003 1100.0127910000003 1787.0000000000002 33.500000000000007 1748.8906385000003 1552.6966365000001 1499.9318245000002 1350.2197350000004 1.0000000180025095e-35 1048.6648445000003 1091.3846204387901 1112.5555555000003 4402.6338733029634 15958.982134905558 10111.486730562714 1.5000000000000002
decision_type=2 2 2 2 2 2 2 2 2 2 2 2 2 2 2 2 2 2 2 2 2 2 2 2 2 2 2 2 2 2
left_child=2 -2 -1 -4 6 -6 8 -8 9 27 -5 -12 17 15 -15 -14 -16 18 19 20 21 22 23 24 -13 -25 -27 28 29 -3
right_child=1 4 3 10 5 -7 7 -9 -10 -11 11 12 13 14 16 -17 -18 -19 -20 -21 -22 -23 -24 25 -26 26 -28 -29 -30 -31
leaf_value=0.0020345841132273727 0.0022705971101379912 0.00054113872415256455 -0.0019196117018030858 0.0013580204975424393 0.002475062568139817 0.00018981813944226087 -0.0035153606382664297 5.5218555219956523e-05 0.002038467829004817 -0.0025529158513315701 -0.0023934704628551292 0.002034514066430607 0.001246315449194905 0.004106702429708094 -0.0014048239530529828 -0.001540122779293193 0.0015226652445271612 5.3022749809598676e-05 -0.0019227142460677945 0.0013689931498307628 -0.0030618357891216874 0.00090564884833197606 0.00052918656895469343 -0.0033488731069320982 -0.0019009568881301676 -0.00022006818597156811 -0.0033653046004474166 -0.0015542759637355631 0.0012288073806139904 -0.00040176529166418071
leaf_weight=22 23 114 38 33 21 771 20 24 21 22 21 21 39 20 20 45 25 411 38 26 20 61 28 22 24 58 20 26 39 278
leaf_count=22 23 114 38 33 21 771 20 24 21 22 21 21 39 20 20 45 25 411 38 26 20 61 28 22 24 58 20 26 39 278
internal_value=-3.55807e-12 9.25113e-05 -0.000126737 -0.000175756 5.50144e-05 0.000250412 -0.000229461 -0.00156777 -0.00011169 -0.000205956 -0.000104655 -0.000158346 -0.000104886 0.000479228 0.00141699 -0.000246419 0.000221559 -0.000224273 -0.000582666 -0.000400802 -0.000581962 -0.000370007 -0.000819805 -0.0010803 -6.44038e-05 -0.00153745 -0.00102654 -9.29729e-05 -4.82007e-06 -0.000127553
internal_weight=2351 1359 992 970 1336 792 544 44 500 479 932 899 878 149 65 84 45 729 318 280 254 234 173 145 45 100 78 457 431 392
internal_count=2351 1359 992 970 1336 792 544 44 500 479 932 899 878 149 65 84 45 729 318 280 254 234 173 145 45 100 78 457 431 392
is_linear=0
shrinkage=0.05


Tree=149
num_leaves=31
num_cat=0
split_feature=6 0 3 0 0 0 6 6 12 0 0 0 33 1 0 29 0 28 35 5 35 29 0 35 35 11 0 1 33 0
split_gain=0.0109083 0.0220505 0.0356202 0.0467752 0.129172 0.0273586 0.0748655 0.0202265 0.0145069 0.102818 0.0965313 0.0436481 0.0777788 0.063406 0.061102 0.0616485 0.0603326 0.0346595 0.0857908 0.0353147 0.0266876 0.0248004 0.0562025 0.0235449 0.0531878 0.0639496 0.0391535 0.0621605 0.0339648 0.0290879
threshold=8654.7003549612182 649.00000000000011 0.87500000000000011 1284.5000000000002 1449.9057595000002 934.50000000000011 9964.7974572722142 11436.335224182667 1810.6863190000811 2178.9090910000004 561.00000000000011 1489.9978715000002 1.5000000000000002 3.5000000000000004 1392.0168070000002 15.737682447779092 2253.5089575000006 1.0000000180025095e-35 42.500000000000007 1.0000000180025095e-35 28.500000000000004 15.661599793771133 1756.0000000000002 35.500000000000007 59.500000000000007 1460.0031029077293 1147.5000000000002 2.5000000000000004 1.5000000000000002 899.50000000000011
decision_type=2 2 2 2 2 2 2 2 2 2 2 2 2 2 2 2 2 2 2 2 2 2 2 2 2 2 2 2 2 2
left_child=8 -2 -3 5 -5 -4 -7 -6 11 10 -10 14 13 17 23 -16 -15 19 -19 21 -17 22 -13 -1 25 -25 28 -28 -27 -26
right_child=1 2 3 4 7 6 -8 -9 9 -11 -12 12 -14 16 15 20 -18 18 -20 -21 -22 -23 -24 24 29 26 27 -29 -30 -31
leaf_value=-0.00019396747273171304 -0.00082323893824222448 0.0025543308164924384 0.00011242433301092768 -0.0040541809552814816 -0.0002448140376751932 0.0039294383873272202 1.3297946693805547e-05 0.0018540884177623827 -0.0035252268868498507 -0.0032334501441154215 -6.7862922972129797e-06 0.0034832378866849465 0.0026597417884898422 -0.0033514012241291562 -0.0036494683960209724 0.00072994405889640691 0.00044300963520072401 0.00010156268852629831 0.0040861418153243989 -0.0014340181248607461 -0.0015877935772382276 0.00023923055158727374 -0.00026517896825680511 0.0025535416311466309 -0.0015798713793273925 0.00041185414630650913 0.0031375954844406807 -0.00035964073176728565 -0.0015850941470313456 0.00010626757402325679
leaf_weight=553 34 20 42 20 24 23 26 22 20 27 771 20 38 22 23 23 20 35 22 27 27 190 20 43 41 68 27 24 31 68
leaf_count=553 34 20 42 20 24 23 26 22 20 27 771 20 38 22 23 23 20 35 22 27 27 190 20 43 41 68 27 24 31 68
internal_value=-1.92708e-12 0.000342995 0.000567017 0.000313856 -0.000699533 0.00104884 0.00185149 0.000759009 -3.38187e-05 -0.000199315 -9.57481e-05 6.8584e-05 0.000509507 0.000279988 -0.000118618 -0.00150712 -0.00154454 0.000524033 0.00163947 0.00027664 -0.000521634 0.000477456 0.00160903 -6.82923e-08 0.000354986 0.000853648 0.000366346 0.00149184 -0.000213453 -0.000527968
internal_weight=2351 211 177 157 66 91 49 46 2140 818 791 1322 394 356 928 73 42 314 57 257 50 230 40 855 302 193 150 51 99 109
internal_count=2351 211 177 157 66 91 49 46 2140 818 791 1322 394 356 928 73 42 314 57 257 50 230 40 855 302 193 150 51 99 109
is_linear=0
shrinkage=0.05


end of trees

feature_importances:
area_sqft=1091
bhk=223
dist_metro_m=220
dlc_rate_per_sqm=219
bathrooms=207
locality_id=203
furnishing=185
dist_primary_road_m=181
dist_mall_m=177
spatio_temporal_te=175
dist_airport_m=173
floor=168
dist_cbd_m=165
dist_rail_m=162
dist_hospital_m=152
dist_park_m=144
dist_school_m=141
posted_by=116
bath_per_bhk=66
rera_flag=66
possession_status=49
n_restaurant_2000m=40
coord_precision=40
dlc_missing=37
n_shop_1000m=22
n_restaurant_1000m=19
n_hospital_2000m=18
n_shop_2000m=13
n_school_2000m=8
n_hospital_1000m=7
n_school_500m=6
n_shop_500m=5
n_school_1000m=1
n_restaurant_500m=1

parameters:
[boosting: gbdt]
[objective: regression]
[metric: l1]
[tree_learner: serial]
[device_type: cpu]
[data_sample_strategy: bagging]
[data: ]
[valid: ]
[num_iterations: 150]
[learning_rate: 0.05]
[num_leaves: 31]
[num_threads: 0]
[seed: 42]
[deterministic: 0]
[force_col_wise: 0]
[force_row_wise: 0]
[histogram_pool_size: -1]
[max_depth: -1]
[min_data_in_leaf: 20]
[min_sum_hessian_in_leaf: 0.001]
[bagging_fraction: 0.8]
[pos_bagging_fraction: 1]
[neg_bagging_fraction: 1]
[bagging_freq: 0]
[bagging_seed: 400]
[bagging_by_query: 0]
[feature_fraction: 0.8]
[feature_fraction_bynode: 1]
[feature_fraction_seed: 30056]
[extra_trees: 0]
[extra_seed: 12879]
[early_stopping_round: 0]
[early_stopping_min_delta: 0]
[first_metric_only: 0]
[max_delta_step: 0]
[lambda_l1: 0]
[lambda_l2: 0]
[linear_lambda: 0]
[min_gain_to_split: 0]
[drop_rate: 0.1]
[max_drop: 50]
[skip_drop: 0.5]
[xgboost_dart_mode: 0]
[uniform_drop: 0]
[drop_seed: 17869]
[top_rate: 0.2]
[other_rate: 0.1]
[min_data_per_group: 100]
[max_cat_threshold: 32]
[cat_l2: 10]
[cat_smooth: 10]
[max_cat_to_onehot: 4]
[top_k: 20]
[monotone_constraints: ]
[monotone_constraints_method: basic]
[monotone_penalty: 0]
[feature_contri: ]
[forcedsplits_filename: ]
[refit_decay_rate: 0.9]
[cegb_tradeoff: 1]
[cegb_penalty_split: 0]
[cegb_penalty_feature_lazy: ]
[cegb_penalty_feature_coupled: ]
[path_smooth: 0]
[interaction_constraints: ]
[verbosity: -1]
[saved_feature_importance_type: 0]
[use_quantized_grad: 0]
[num_grad_quant_bins: 4]
[quant_train_renew_leaf: 0]
[stochastic_rounding: 1]
[linear_tree: 0]
[max_bin: 255]
[max_bin_by_feature: ]
[min_data_in_bin: 3]
[bin_construct_sample_cnt: 200000]
[data_random_seed: 175]
[is_enable_sparse: 1]
[enable_bundle: 1]
[use_missing: 1]
[zero_as_missing: 0]
[feature_pre_filter: 1]
[pre_partition: 0]
[two_round: 0]
[header: 0]
[label_column: ]
[weight_column: ]
[group_column: ]
[ignore_column: ]
[categorical_feature: ]
[forcedbins_filename: ]
[precise_float_parser: 0]
[parser_config_file: ]
[objective_seed: 16083]
[num_class: 1]
[is_unbalance: 0]
[scale_pos_weight: 1]
[sigmoid: 1]
[boost_from_average: 1]
[reg_sqrt: 0]
[alpha: 0.9]
[fair_c: 1]
[poisson_max_delta_step: 0.7]
[tweedie_variance_power: 1.5]
[lambdarank_truncation_level: 30]
[lambdarank_norm: 1]
[label_gain: ]
[lambdarank_position_bias_regularization: 0]
[eval_at: ]
[multi_error_top_k: 1]
[auc_mu_weights: ]
[num_machines: 1]
[local_listen_port: 12400]
[time_out: 120]
[machine_list_filename: ]
[machines: ]
[gpu_platform_id: -1]
[gpu_device_id: -1]
[gpu_device_id_list: ]
[gpu_use_dp: 0]
[num_gpu: 1]

end of parameters

pandas_categorical:[]
